-8.711228704657460187e-02,9.338463567602890009e-03,2.819633674697570308e-17
1.070442154074539909e+00,-5.455657956309560011e-04,0.000000000000000000e+00
9.836892008829080103e-01,-5.848020573437530531e-04,0.000000000000000000e+00
-8.697449775222430846e-03,-3.219464575986900196e-02,0.000000000000000000e+00
1.067743422278290000e+00,3.119262540860009996e-05,0.000000000000000000e+00
-6.431685115180789392e-02,3.114698676999860111e-02,2.953188359970570045e-21
9.733229078361960163e-01,-2.432377752169949912e-03,0.000000000000000000e+00
1.003504399692149995e+00,-2.470129300871479910e-04,0.000000000000000000e+00
5.337010846149059518e-01,-2.144472205785819994e-05,0.000000000000000000e+00
9.809237111398380060e-01,-3.336139472208349906e-04,0.000000000000000000e+00
-8.126733121113630109e-02,-1.116300490493109948e-01,3.691349801928110119e-21
1.069973019325459962e+00,-2.477585047633940009e-04,0.000000000000000000e+00
-2.887785054834090051e-02,4.572105052445189777e-02,0.000000000000000000e+00
9.128712388540769496e-01,1.013611339787820015e-04,0.000000000000000000e+00
-5.465063714647099696e-02,4.035693917255259860e-02,-3.875497153978239654e-21
1.070006292064930031e+00,3.410237306129990055e-04,0.000000000000000000e+00
7.246999297992730016e-01,-1.073372885243150006e-04,0.000000000000000000e+00
-1.054201839103929977e-01,1.004533739834830020e-02,0.000000000000000000e+00
1.041524108573729901e+00,1.213226754038480040e-04,0.000000000000000000e+00
-2.355437790755660066e-02,4.751076266111409901e-02,0.000000000000000000e+00
1.023884353112969992e+00,1.760654302010850091e-03,0.000000000000000000e+00
1.050388291319650058e+00,-2.474062728686500208e-04,0.000000000000000000e+00
1.065093611200059964e+00,-3.006472229008859778e-04,0.000000000000000000e+00
8.513592838648329497e-01,-8.720391830418549922e-05,0.000000000000000000e+00
-1.105409340198990065e-02,4.618370895670989747e-03,0.000000000000000000e+00
1.069563848489410107e+00,-6.062060543114629633e-04,0.000000000000000000e+00
4.067672947232829905e-01,1.724775433409869996e-01,0.000000000000000000e+00
1.043890974430319973e+00,-1.104855715423859984e-03,0.000000000000000000e+00
4.165163300039440020e-01,-3.910356757362320242e-04,2.590314492388270138e-15
-1.334524587663180051e-01,-1.512253852046369952e-02,0.000000000000000000e+00
-8.472160511178360165e-02,1.453235717937829963e-02,5.524911735506459584e-22
-8.539749231036210253e-02,9.284131351075290087e-04,0.000000000000000000e+00
9.831276127488980388e-01,-1.876913240285629900e-04,0.000000000000000000e+00
-1.620649973910960051e-01,2.754667831670770152e-03,0.000000000000000000e+00
5.990339742433490322e-01,5.312857126461689727e-02,-1.013111532533209946e-21
-4.535944889271790320e-02,3.879088364623330121e-02,-3.493678844824959742e-17
-1.769266946660129902e-01,-4.084690644488120186e-04,0.000000000000000000e+00
3.496086407089949999e-01,-1.959736609505489946e-02,1.691962476243229944e-22
2.596277017464769798e-01,2.005125189358069986e-04,0.000000000000000000e+00
5.737740869691190237e-01,5.014382174709890172e-04,-2.220839616191350028e-20
5.822081430910139854e-01,-1.147835114290859937e-02,-5.791226167203310112e-21
7.655328668243049917e-01,-9.115010659751829336e-03,3.998475382086979804e-22
1.027904752434890101e+00,-2.475648640611899788e-04,0.000000000000000000e+00
9.128514331452649566e-01,1.548900668854709872e-04,0.000000000000000000e+00
9.717072353421779551e-01,2.443505202743570200e-04,0.000000000000000000e+00
6.839742385164679916e-01,7.138874984757070073e-03,-3.684877822515910096e-22
9.230199142045589777e-01,6.149347264259990078e-03,0.000000000000000000e+00
-6.378375048807770342e-02,-9.854048767786080520e-02,0.000000000000000000e+00
4.197807382138160071e-01,-3.476597112775679853e-04,2.550916875050660070e-15
1.068195426836189954e+00,-3.598554212639140139e-04,0.000000000000000000e+00
-1.506931665412080124e-01,3.892193897182389967e-03,0.000000000000000000e+00
5.354600251315360104e-01,-1.035535967217010055e-05,0.000000000000000000e+00
8.840930443670309558e-01,-2.439120208065269791e-03,8.108026215511769691e-21
7.702169292612429663e-01,3.952605644399839573e-03,-5.852707041395110207e-21
8.780144690954020392e-01,-5.925842532745639879e-03,0.000000000000000000e+00
1.070747748730449977e+00,8.105837364905120240e-05,0.000000000000000000e+00
1.069516011999469995e+00,1.225276059434939903e-04,0.000000000000000000e+00
-5.712314909786810058e-02,-4.729821832735459780e-02,0.000000000000000000e+00
1.068507273098100008e+00,-6.430806113629910234e-04,0.000000000000000000e+00
1.020741736042360071e+00,1.571869656571549994e-03,0.000000000000000000e+00
-4.318004000318720337e-02,5.027849641329470293e-02,0.000000000000000000e+00
-1.510582610684129967e-01,5.223424680714549781e-03,0.000000000000000000e+00
6.679970733828419771e-01,1.035511923201390058e-02,0.000000000000000000e+00
1.040308479792309893e+00,2.272233681656960120e-04,0.000000000000000000e+00
7.287676544783470156e-01,-1.103501673517670069e-02,1.139177527769100045e-20
6.308260477658760301e-01,5.413093491511539700e-03,-1.336541374528259962e-20
4.772779811192700006e-01,1.726419393378779976e-01,1.101153885158379949e-20
-7.418219804965530198e-03,4.420412657705469900e-02,3.479098240736069938e-21
1.324268086092670049e-01,-2.981858895220849959e-02,0.000000000000000000e+00
-3.992881085919190026e-02,7.197780428484499594e-03,0.000000000000000000e+00
1.027758940619420081e+00,-1.627883845496769927e-03,0.000000000000000000e+00
-1.618727110497739929e-01,4.651728954441110286e-03,0.000000000000000000e+00
9.718348818588059546e-01,1.247449769960570103e-04,0.000000000000000000e+00
7.743771450192079575e-01,4.548795227709930347e-03,5.849433115201479864e-21
1.040242673726450073e+00,-2.881944629796020022e-04,0.000000000000000000e+00
3.091842450773980011e-01,-1.634728153001679951e-02,-2.317197960644360142e-20
5.986434185603529690e-01,-1.828100856385209833e-02,-5.161943669471159821e-21
9.464338639644700457e-01,-2.917133385574100131e-03,0.000000000000000000e+00
4.218408697343989933e-01,-1.073416820642520038e-02,-2.375223080338650032e-21
1.067385586536250042e+00,4.163664403672319827e-04,0.000000000000000000e+00
1.045927874389630086e+00,-1.553778937959740005e-04,0.000000000000000000e+00
2.596501200008590193e-01,2.191279795463909989e-04,3.808986481674440335e-15
1.071064524409170104e+00,-7.377443368808490388e-05,0.000000000000000000e+00
1.063332751180589897e+00,-3.672534832565140179e-04,0.000000000000000000e+00
7.650828254360190206e-01,-9.336621146052369660e-03,0.000000000000000000e+00
9.716915952785659671e-01,2.019444252671889935e-04,0.000000000000000000e+00
-5.308906533348889747e-03,3.721406531152669783e-02,7.511371397309789855e-22
4.375216988875220148e-01,-2.330830952739250048e-02,0.000000000000000000e+00
1.026125055028130006e+00,-4.266583563676269839e-04,0.000000000000000000e+00
-9.766355234091160520e-02,1.169185630896669992e-02,2.658143484153109996e-17
-2.096530342720189996e-02,3.406105347891569962e-02,1.342877855157290083e-21
1.066929222305919911e+00,3.511931644831490216e-04,0.000000000000000000e+00
1.040572632457080093e+00,3.033877187535790210e-04,0.000000000000000000e+00
-1.028632802064599963e-02,3.663933247627650016e-03,7.279722488880519875e-19
1.061464908606539970e+00,-8.305900486333820179e-04,0.000000000000000000e+00
-1.523224045731579879e-01,-3.341654791725170125e-03,1.021587942371079958e-21
6.687817721651410086e-01,2.686581806767460168e-02,0.000000000000000000e+00
6.394790189195899421e-02,5.155615038251169790e-02,-1.112258284247680006e-19
1.070594116284540043e+00,3.656598029719399737e-04,0.000000000000000000e+00
-7.300208905194159603e-02,3.339228257984020072e-03,0.000000000000000000e+00
2.107482124347170027e-01,-1.328769831941009963e-02,9.279208531574930782e-22
2.617135520797500003e-01,-6.635645481398920421e-05,3.501476511318039993e-20
3.135643027727579857e-01,1.747443303988970020e-02,3.815435636210130232e-20
-3.809969080123060126e-02,5.760323959373769842e-02,7.660828253479139750e-20
4.177137863443269872e-01,-4.341177499807700102e-04,-2.583950958439620049e-15
9.941094638156660057e-01,2.301529559911600015e-04,4.036467504178409897e-16
8.681566311399290248e-01,1.016666593044660005e-02,0.000000000000000000e+00
1.426041444977129979e-01,3.244978238138289828e-03,0.000000000000000000e+00
7.660283275964560046e-01,1.430397481099169990e-05,0.000000000000000000e+00
1.058879475161099926e+00,-8.912533342710439498e-04,0.000000000000000000e+00
1.030344645230639955e+00,1.453880683713049994e-03,0.000000000000000000e+00
4.513802181941570235e-02,2.120626344944959857e-02,0.000000000000000000e+00
-9.712921357185619331e-02,-3.195733895926920081e-04,-1.987296024893230078e-21
1.054783412620730054e+00,-2.076102300910150067e-04,0.000000000000000000e+00
4.490407493146489903e-01,-6.299833493180569642e-03,4.348072122841969766e-20
-1.732308745148949947e-02,4.207490966812670041e-02,6.202326902159769939e-21
1.061259612008150111e+00,-7.125007519200320149e-05,0.000000000000000000e+00
-1.762130718237729932e-01,3.497546892907560205e-03,-1.699068647718859961e-21
6.321204073979720395e-01,4.769469917802909853e-02,-5.484908103066109865e-21
-8.388283709195359927e-02,-1.099439032294529939e-01,-3.686337696011459666e-21
8.309085775917970373e-01,3.945341555094750326e-03,2.802947286737929924e-21
9.588764833010230415e-01,2.617411760360300048e-04,0.000000000000000000e+00
-1.023409122148520034e-01,4.652711031642899585e-03,0.000000000000000000e+00
9.608668341555589576e-01,2.807224349880650151e-03,0.000000000000000000e+00
1.020552079971430048e+00,1.893879545360709884e-04,0.000000000000000000e+00
5.349556243167300496e-01,-8.245723259152909224e-06,0.000000000000000000e+00
-9.797867441686350376e-02,6.492358577974020363e-03,0.000000000000000000e+00
7.612737160059019903e-01,1.319554233768780067e-02,2.358996518004620185e-21
-1.027331717776740032e-02,4.455688631288019785e-02,-5.464231430864250205e-20
8.164564867773479451e-01,-3.897157500983189880e-03,0.000000000000000000e+00
-1.335887955705299945e-01,7.568452360129269973e-03,1.221906901433119975e-22
1.058512754706879999e+00,8.889919698190900527e-04,0.000000000000000000e+00
4.342177985130110107e-01,6.009515788912759768e-03,-2.757457546874129899e-20
1.041040532266539920e+00,-6.412644585039160459e-04,0.000000000000000000e+00
1.020928019058900071e+00,-2.642904491226990248e-04,0.000000000000000000e+00
1.043834698312759990e+00,1.194787900445769919e-03,0.000000000000000000e+00
5.369277136747609980e-01,-1.285592195756879951e-04,0.000000000000000000e+00
8.270409856110889635e-01,-1.269585868006019920e-04,0.000000000000000000e+00
7.196459168463099632e-01,-3.297051439592699976e-03,0.000000000000000000e+00
7.711383182029879491e-01,1.729722025423089879e-02,4.547910636814449580e-22
1.019544085960939928e+00,2.089843965307250069e-04,0.000000000000000000e+00
1.050692082118340087e+00,-6.231565781140399650e-05,0.000000000000000000e+00
1.915794937056879976e-01,-1.691483625410740085e-02,1.815572927334839943e-21
1.070212826189659960e+00,-4.625773466570479967e-04,0.000000000000000000e+00
2.616518678530039832e-01,1.666875954700539877e-04,3.764150213450219839e-15
1.009831271773860006e+00,2.642652511009379871e-05,0.000000000000000000e+00
3.797572236091980025e-01,2.451162736730690128e-01,5.572502378998779988e-20
-3.460626053612100156e-02,-7.226646678737050356e-02,-4.175965111632969707e-20
4.196067135982080032e-01,1.655291459133249876e-01,3.497169638475440031e-23
-1.453984006421359977e-02,7.869589093525230714e-03,0.000000000000000000e+00
9.938283777782199735e-01,1.075208263507300042e-04,0.000000000000000000e+00
1.070259680200499997e+00,-5.113248623663539574e-04,0.000000000000000000e+00
1.068837938606449933e+00,-1.512486808179900064e-05,0.000000000000000000e+00
8.271339082338110549e-01,-1.089784216073660022e-04,0.000000000000000000e+00
7.638081952188829904e-01,-3.978717925715729870e-05,0.000000000000000000e+00
3.209504861962270139e-01,-1.317526926991760029e-02,0.000000000000000000e+00
1.057019320392940109e+00,-2.579129110260460042e-04,0.000000000000000000e+00
4.245056717124249812e-01,-2.108051066988640004e-02,-8.699818548880749634e-21
1.067735337635520088e+00,1.164135054319169937e-04,0.000000000000000000e+00
8.352558779861669613e-01,4.014353273742330037e-03,1.619651461302809914e-21
1.021297965304009958e+00,-1.865930456609590001e-03,0.000000000000000000e+00
1.065350757060230080e+00,-6.086850946250399854e-04,0.000000000000000000e+00
1.026413721995689921e+00,3.937202694606049976e-04,0.000000000000000000e+00
1.003671182969479991e+00,3.367178244659279783e-04,0.000000000000000000e+00
5.276401004175690357e-01,-1.657885895573410137e-02,0.000000000000000000e+00
-1.015454647874709931e-01,-3.341059705695489934e-02,1.618303377244969921e-21
5.054551573901010508e-01,-1.387730425176990010e-02,6.958463883855360153e-21
-5.833988486206159729e-02,3.711333943800049912e-02,0.000000000000000000e+00
8.100149391824190692e-02,-3.276208176157110324e-02,3.771297444821540020e-21
8.521668466004930220e-01,1.207254632103240002e-04,0.000000000000000000e+00
1.993987732295879889e-01,-5.707405764795899818e-03,3.133389084595129951e-20
9.578918109922260338e-02,7.071514581125809551e-02,-6.281218471797150436e-20
1.043303983781590061e+00,8.533117820519309617e-04,0.000000000000000000e+00
1.049700515539109924e+00,1.081004100022840047e-03,-1.420998975304820048e-16
8.178179222316499519e-01,-2.422829502851500064e-03,4.918999491257059929e-24
9.937138523330290019e-01,5.162801327116059972e-05,0.000000000000000000e+00
-1.087947130556719960e-01,-5.412963640234230017e-02,-1.547155255736669928e-23
1.063189840202960035e+00,-5.797887395812689748e-04,0.000000000000000000e+00
7.548753323385719582e-01,-9.433954356221170220e-03,0.000000000000000000e+00
1.069500398767230021e+00,-4.739091378277049838e-04,0.000000000000000000e+00
1.064935344497919933e+00,-1.891055854266419911e-04,0.000000000000000000e+00
5.375437795479619529e-01,2.915361276089420070e-02,0.000000000000000000e+00
1.009902408436929910e+00,9.158586088040699541e-04,0.000000000000000000e+00
6.103315009098050359e-01,3.999198761859340323e-05,-1.449690316828779896e-20
1.565402248871259894e-01,1.138112772709189979e-01,4.183230076101940294e-20
3.779906458791150170e-01,-1.493374030363039950e-02,0.000000000000000000e+00
3.783145480829699925e-01,-1.539305529043299980e-02,9.576060537182410219e-21
1.067395848858559981e+00,-3.360244250761569790e-04,0.000000000000000000e+00
9.860148081150420518e-01,2.748404371049820074e-03,0.000000000000000000e+00
1.056995587640070067e+00,6.156945322091819618e-04,0.000000000000000000e+00
2.318941635126079912e-02,-4.031209009697230006e-02,-4.319930630438299999e-20
7.570329306029449645e-01,-9.627899017117209218e-03,1.394000954226819850e-20
7.090398383132500149e-01,8.883797625080300589e-03,0.000000000000000000e+00
7.192214753116580317e-01,-3.973911735788240342e-03,5.625618314031159974e-23
1.026360320565409934e+00,3.185306332213830175e-04,0.000000000000000000e+00
5.178835515537809631e-01,7.795924112960860020e-02,3.798226475683130009e-23
1.057745955636580026e+00,-4.069630002662450200e-04,0.000000000000000000e+00
1.133245336637249967e-01,3.942692508580930219e-03,-1.069741301762919966e-21
8.274052258762359946e-01,-5.929219434305889921e-05,0.000000000000000000e+00
5.212084524357309956e-01,-7.061496572289630187e-03,4.253155961090139676e-21
8.104035658198499581e-01,-2.232770569204889897e-04,-5.071427611146190139e-21
2.577805801187330048e-01,1.431765745828479930e-01,3.376630083437349701e-20
1.026567430484770060e+00,-1.283622987985589929e-03,0.000000000000000000e+00
7.725327006974810340e-01,8.501134625257280447e-03,1.233433316577430053e-20
-8.473651567249189387e-02,1.304550267223630010e-02,1.108685067931329939e-22
-3.023585372745509967e-02,5.310570414978790094e-02,-4.773770498277340120e-20
-3.674554985227160286e-02,5.584828733231469999e-02,-2.828094944930639899e-21
-1.402487913265099972e-01,-1.558532741001470052e-02,4.876519817076790081e-23
1.066654544451359987e+00,4.297934102804169907e-04,0.000000000000000000e+00
1.069035844320959994e+00,-1.623160493464460060e-04,0.000000000000000000e+00
1.067663634806720108e+00,2.615317344533560026e-04,0.000000000000000000e+00
1.009766956103290036e+00,1.451143940967399926e-03,0.000000000000000000e+00
1.056943209732579936e+00,-3.695119200780400083e-04,0.000000000000000000e+00
-1.475542879988880063e-01,1.747207199531380104e-03,-5.601877796912110025e-21
6.781701592520149591e-01,-1.170988571437199972e-04,0.000000000000000000e+00
-1.186856304159299991e-01,-2.973317768834459959e-02,0.000000000000000000e+00
9.803308069661259561e-01,3.086893063538839830e-03,0.000000000000000000e+00
5.278993988902069834e-02,6.051433860344700155e-02,-3.225648661010810117e-19
-1.350054422005000088e-01,7.664515205710259807e-03,-9.410095296355940163e-23
9.127886053535589905e-01,-1.714971214887959941e-04,0.000000000000000000e+00
-1.956768120124350099e-02,4.703670896341369950e-02,-6.148697837970469821e-21
-8.173171079558770591e-02,5.182788305409629682e-03,0.000000000000000000e+00
9.164637642074360269e-01,6.656730972281320151e-03,0.000000000000000000e+00
1.020507236869109935e+00,1.683807369399920051e-04,0.000000000000000000e+00
7.269253313942299899e-01,-2.061765985777469924e-05,0.000000000000000000e+00
8.258743112009380161e-01,1.505036438721089962e-04,0.000000000000000000e+00
8.522414653004719565e-01,-2.290981909621609954e-05,0.000000000000000000e+00
6.791776175933489368e-02,2.026861012893550057e-02,5.928993335025549940e-20
1.013053937916370106e+00,1.878206279777969883e-04,0.000000000000000000e+00
4.989440847424039815e-01,-8.485585668233229517e-03,0.000000000000000000e+00
9.130496136810279939e-01,-4.259067569708489701e-05,0.000000000000000000e+00
8.104515711017620250e-01,-8.032166694376190533e-03,-2.855283794897810159e-21
2.877293066554140188e-01,-8.218215791112499363e-03,-2.679506971875100143e-17
7.444931882020320302e-01,-3.677820183442450080e-03,0.000000000000000000e+00
-1.155209171368039994e-01,8.379625396152379918e-03,0.000000000000000000e+00
1.062189901281789917e+00,-5.362354934665139938e-04,0.000000000000000000e+00
1.068252420671490066e+00,3.693243710712330158e-04,0.000000000000000000e+00
8.088370199106530434e-01,8.960333093059189707e-03,-1.914637742004639934e-22
8.762913497535999852e-02,1.140233549356170056e-04,0.000000000000000000e+00
6.503735233646069647e-01,3.739705012035460154e-03,0.000000000000000000e+00
-1.162405320005279949e-02,4.604567159181739699e-02,-5.420319991080680183e-20
-1.366202278162829964e-01,5.817729102069580001e-03,-3.430673369300099843e-22
-3.987340877671920192e-02,5.175143843056469878e-02,-3.540695945462980225e-21
8.935984364937730184e-01,-2.932294450101340100e-03,0.000000000000000000e+00
3.424740628545129839e-01,-1.015204694850930026e-02,-9.181451564486779359e-21
9.472850850406010492e-01,3.779204582663169866e-03,0.000000000000000000e+00
1.539445336034720065e-02,3.536550562422779986e-02,5.654902699206099937e-20
-6.136631393977279997e-02,-8.513392792448949697e-02,0.000000000000000000e+00
-9.046926306991290301e-02,-8.941097080391349761e-02,7.227218042007570268e-19
1.034840061867440042e+00,-1.249776946361740027e-03,0.000000000000000000e+00
7.571240740851800100e-01,1.021920640745590039e-02,4.642753908963749867e-21
-9.014802400618689843e-03,1.083017618055820072e-02,0.000000000000000000e+00
4.622313694222719982e-01,-7.498111809280039695e-03,3.419435655568609866e-20
7.268300226664550223e-01,2.151645016704849950e-02,-5.204444264087059675e-22
9.602683440280449512e-01,-2.490989593948379939e-03,0.000000000000000000e+00
6.121914672523940393e-01,3.202775767566840015e-02,0.000000000000000000e+00
-4.075124772835859999e-02,1.459978044704899995e-02,0.000000000000000000e+00
8.233794006414789646e-01,5.797646308113230292e-03,7.273988286511630298e-22
-1.272294837341139961e-01,4.548137713311199877e-03,5.589177894252860279e-24
-1.668209474357930100e-01,2.219375947317620175e-03,-7.362848621114039580e-22
8.864865391996890054e-02,3.920754667895419779e-03,2.481355663987230068e-17
9.446856666817630144e-01,-1.694181670025349934e-04,0.000000000000000000e+00
-7.293613436483009638e-02,1.323767403425680014e-02,-1.052929324064610054e-22
1.070152448289680036e+00,-4.561129847541330008e-04,0.000000000000000000e+00
-4.186606639624999848e-02,2.611798785139559861e-02,1.544009529933809987e-19
6.350792454188219915e-01,-1.628617163888010019e-02,2.407030578284349926e-21
-7.996479504227280155e-02,-1.144047972712499972e-01,-4.600203971386049904e-19
5.402789817264259664e-01,1.128220738785469940e-01,7.595693957994120675e-21
1.020831272954249913e+00,2.301063568228429968e-04,0.000000000000000000e+00
9.757338952830320045e-01,3.640255172646570010e-03,0.000000000000000000e+00
-6.449932896103480195e-02,9.078142424114669581e-03,0.000000000000000000e+00
1.036345438762970028e+00,9.406826792474560009e-04,0.000000000000000000e+00
3.239181669565709826e-02,-3.258976815162700075e-02,0.000000000000000000e+00
1.063064952834039900e+00,5.120961455453209915e-04,0.000000000000000000e+00
1.021121757638030036e+00,1.921856605094189867e-04,0.000000000000000000e+00
1.070410148680950080e+00,-5.093025289814509787e-04,0.000000000000000000e+00
8.601539868366889774e-01,-6.253103333369649901e-03,0.000000000000000000e+00
1.068102821054399909e+00,2.568657915490450065e-04,0.000000000000000000e+00
9.621854576841909479e-01,-3.287919179328530148e-03,0.000000000000000000e+00
9.774435557201369695e-01,-2.986792576863070165e-03,0.000000000000000000e+00
-3.128869340671590338e-02,5.103825976804760023e-02,-9.851046365410879977e-20
1.064574602442849960e+00,4.737274209228310002e-04,0.000000000000000000e+00
8.942601515904829990e-01,-2.083556671378700056e-04,0.000000000000000000e+00
-8.535767647479379494e-02,1.892830240377570139e-02,0.000000000000000000e+00
9.209170617087260313e-02,-1.478026948614350085e-02,0.000000000000000000e+00
-6.664261202178950461e-02,2.734751657029320035e-02,-2.621355616340710134e-21
4.197846593148130134e-01,-3.610960069504120205e-04,-2.552101435951899851e-15
-1.359142360285850015e-03,2.502093496279780144e-02,0.000000000000000000e+00
8.947876943657180338e-01,-1.640368032530219918e-05,6.062244810091350286e-16
-1.122246684601060050e-02,1.268374578242389972e-02,-4.372316328067829712e-21
8.921659972190150167e-01,7.615981026719269992e-04,0.000000000000000000e+00
3.290074322160760345e-02,1.422633610840479991e-02,-5.026907829068239910e-21
1.069924540165859916e+00,-4.591660082319819918e-04,0.000000000000000000e+00
9.938692212491470057e-01,1.364994406438319919e-04,0.000000000000000000e+00
1.066471362197630057e+00,3.329716930892870201e-04,0.000000000000000000e+00
9.759102954767390203e-01,-3.244404996050949831e-03,0.000000000000000000e+00
8.947918339904340490e-01,-1.227891255395419979e-04,0.000000000000000000e+00
9.938142789072069716e-01,-1.286598434913409990e-04,0.000000000000000000e+00
8.881765151898569632e-01,2.989013015871349807e-03,-2.559470119408420056e-21
6.955965968719339809e-01,2.582725978108409929e-03,1.329229158497999987e-20
5.367072977670990230e-01,-1.189935592476860064e-04,0.000000000000000000e+00
-3.339205689732840238e-02,-4.831720593197980085e-02,-1.121740805109540026e-18
1.004242805609280031e+00,1.018037756823509960e-03,0.000000000000000000e+00
8.311701356018860176e-01,1.287827703878820056e-02,2.251376967099670029e-22
-1.060036133721870000e-01,1.014853996480749934e-02,0.000000000000000000e+00
4.771898445650680221e-01,-7.694922339296150077e-03,8.374838317480280327e-21
1.054765804766649939e+00,8.820851420704210559e-05,0.000000000000000000e+00
1.070181675167310109e+00,2.550090826048550147e-07,0.000000000000000000e+00
8.946078425088299646e-01,-1.654390416419770026e-04,0.000000000000000000e+00
1.004039400292130013e+00,-7.903343613248280347e-05,0.000000000000000000e+00
1.003753889617420070e+00,-1.576911605649179964e-03,0.000000000000000000e+00
-3.911884534540060326e-02,5.426202471303850222e-02,1.848092054562029979e-21
1.068900634365480107e+00,3.817558838204369821e-04,0.000000000000000000e+00
-7.970221580565959446e-03,4.057055669142189958e-02,0.000000000000000000e+00
9.199049474798719483e-01,-4.314837670424349902e-03,0.000000000000000000e+00
5.922323457909539624e-01,6.288189938629069886e-03,-4.278481024402109804e-23
2.264183655359019998e-02,3.322098372972009939e-02,0.000000000000000000e+00
1.020383620236279931e+00,-2.495958957771129928e-04,0.000000000000000000e+00
8.516636234928519622e-01,1.089594416378929925e-02,2.598153410123580152e-21
1.068015532945739920e+00,-3.900440100268369806e-04,1.032992087711040055e-16
2.444412612764459980e-02,2.811982535763010022e-02,1.636570543078469998e-21
9.718767174226939920e-01,7.187962205039030402e-05,0.000000000000000000e+00
1.043041860350309991e+00,5.909529618247680001e-04,0.000000000000000000e+00
-9.892902056640140440e-02,-3.985737981076389880e-02,-5.268316427707779968e-21
1.060682501685560108e+00,3.477748156496120006e-04,0.000000000000000000e+00
-9.360657673018420166e-02,1.290789137580940042e-02,2.418076973919059876e-22
9.712124326877059621e-01,-2.271401892762679958e-04,0.000000000000000000e+00
-9.383882813211059937e-02,1.223262008560489951e-02,0.000000000000000000e+00
-1.692943476183089990e-01,3.160526054315519837e-03,0.000000000000000000e+00
-1.629799896303329998e-01,-2.012654472812970205e-03,-1.407913507912200069e-17
1.027974542734990004e+00,2.412562506834439963e-04,0.000000000000000000e+00
8.679445974006110009e-02,1.765387467817009946e-04,0.000000000000000000e+00
1.060400985395089979e+00,9.779069191621279867e-05,0.000000000000000000e+00
1.053833395708859921e+00,4.387932484267820059e-04,0.000000000000000000e+00
1.068436153929470001e+00,-6.317123840693009791e-04,0.000000000000000000e+00
1.051227975806249937e+00,1.624281907704360124e-04,0.000000000000000000e+00
7.971686846890599920e-01,7.169754576047259614e-05,0.000000000000000000e+00
8.517678306383029696e-01,-1.983021485365140074e-04,0.000000000000000000e+00
1.030503129071459911e+00,-4.856733186582459999e-04,0.000000000000000000e+00
4.764426909864110105e-01,-1.382124300351869964e-02,0.000000000000000000e+00
3.732295060352720101e-02,1.541753770874479922e-02,5.372222419515079954e-22
-1.182019655972299937e-01,-2.140985409743769927e-02,1.614386969757350049e-21
-8.710363937889589736e-02,1.819184305204690072e-02,1.665210039922239945e-21
6.779262716597640459e-01,8.476420037539699674e-05,0.000000000000000000e+00
8.534534850134279926e-01,1.094710755464389958e-02,-2.577937089338919814e-21
7.320104109886399479e-01,-1.101454736853899920e-03,1.199875505826180008e-20
8.260137868903330016e-01,-6.016741072985330139e-05,0.000000000000000000e+00
-5.302408235391239955e-02,1.443003316149179920e-02,4.123746017850589879e-22
8.135365181160839620e-01,1.201546909100899979e-02,0.000000000000000000e+00
-4.418625326991709734e-02,2.430542418656870055e-02,0.000000000000000000e+00
1.053815055264839984e+00,4.978078857556610505e-04,0.000000000000000000e+00
2.886282715048639758e-01,-2.470445770476310116e-02,-2.244465023840639902e-20
5.414013933153299929e-02,-1.466307209551590083e-03,0.000000000000000000e+00
1.060580355053440060e+00,-7.866332458116099603e-05,0.000000000000000000e+00
-2.984578796512700125e-02,4.758785523426990044e-02,2.061509707968839934e-19
2.108275905755979951e-01,8.606658947753749456e-02,1.860854610256969985e-23
6.306514200515449531e-01,-1.833536197262590137e-02,0.000000000000000000e+00
1.003466291255699971e+00,-1.103020565799430006e-03,0.000000000000000000e+00
6.629211820783650344e-01,-5.410116817035050263e-03,0.000000000000000000e+00
9.323544311408870078e-01,5.001595324743070281e-03,0.000000000000000000e+00
9.126205345438900274e-01,-1.974399794518499928e-04,0.000000000000000000e+00
-2.945553220357110050e-02,1.356537037627389940e-02,-3.995817820908529817e-22
-1.311221399975170121e-01,6.216563493082949941e-03,-3.169973275056359996e-22
-2.924448096720589935e-03,2.489095605388020184e-04,-1.297043046528380050e-20
-6.084031980811539786e-02,-8.953053215997190672e-02,-1.887183137539169870e-21
7.906245532964619738e-01,1.584946279347669920e-02,8.642881738462759838e-17
1.001306275845669891e+00,1.239019689641310045e-03,0.000000000000000000e+00
1.088358821724860065e-01,-6.414571238653569984e-03,0.000000000000000000e+00
9.795742085836199875e-01,3.619313805635059837e-03,0.000000000000000000e+00
1.835284730223810112e-02,-3.588265415362430072e-02,8.912331850647989675e-22
8.521516598098819451e-01,-1.247746797470660027e-04,0.000000000000000000e+00
9.023248461272019849e-01,8.309231878732999815e-03,0.000000000000000000e+00
3.080941444403609841e-01,-2.074696106660220071e-02,1.467110275900910001e-22
1.006893506947230010e+00,-2.088026565774620067e-03,0.000000000000000000e+00
2.611845356229229864e-01,1.836513683683550053e-04,3.786566706100539965e-15
5.148635917721450239e-01,-1.064104314224960032e-02,-6.198351052355280008e-21
7.798026386819290057e-02,-1.728082071363120156e-02,1.719008508643749965e-21
1.053858130277810057e+00,3.239815610913340262e-04,0.000000000000000000e+00
1.063010176832499987e+00,-3.180849060565980207e-04,0.000000000000000000e+00
1.630578173610310044e-01,-5.114213294048769974e-03,0.000000000000000000e+00
5.204977767829529478e-01,-2.152880774758900162e-02,-1.539066198527989934e-21
9.889754224246349867e-01,-2.357638590510370211e-03,0.000000000000000000e+00
7.077022419413270477e-04,-5.932186996162260029e-02,-2.201428352390860112e-21
-2.578311799108319938e-02,5.134302253900400320e-02,-5.605305823879350424e-20
1.049494644120769982e+00,-7.768338932453229713e-04,0.000000000000000000e+00
7.600677094891590269e-01,9.049957194432899435e-03,-8.707857236358829951e-21
2.702223455008469916e-02,4.171424197040030091e-02,-1.187042182413999998e-18
8.259975869878010135e-01,2.112986090615730014e-05,0.000000000000000000e+00
6.733851445811630532e-01,2.992878081906190021e-02,0.000000000000000000e+00
9.444973092556789851e-01,-2.187244729927079905e-04,0.000000000000000000e+00
1.254907362403820115e-01,-1.349766375944340055e-02,0.000000000000000000e+00
1.035353171101980108e+00,1.680441853773009938e-03,0.000000000000000000e+00
1.948685545381359865e-02,-6.685917374788840142e-04,0.000000000000000000e+00
9.400609546174549802e-01,-1.641205829315460019e-03,0.000000000000000000e+00
-3.602488067600780053e-02,-2.296292082589209901e-03,0.000000000000000000e+00
-2.205456754485090026e-03,3.274385628527149913e-03,-2.126455844667260077e-21
1.045335116694799948e+00,-2.133721776389270084e-04,0.000000000000000000e+00
6.473623338914370473e-01,-1.160146373769749967e-02,0.000000000000000000e+00
9.447069599775419491e-01,1.510249783636099953e-05,0.000000000000000000e+00
7.895649939024339536e-01,-8.706442173880019758e-03,3.517692223378310261e-24
8.644390376906320450e-02,7.913816113114060385e-03,5.475242793844330237e-20
1.009862675540919907e+00,1.420249409586739960e-04,0.000000000000000000e+00
1.050051890187760018e+00,2.781319502076219879e-04,0.000000000000000000e+00
6.622820877823879515e-01,-1.593323005593149863e-02,9.241837145495690022e-21
1.050367208193309976e+00,2.350646349841929912e-04,0.000000000000000000e+00
-3.888857800732010289e-02,1.419875584065419943e-02,-8.187835780160790047e-22
3.379323250778240029e-01,-1.620176790787379931e-02,-4.070372506139549830e-21
1.070778423180539951e+00,-5.648237959337929778e-05,0.000000000000000000e+00
1.040311662780440072e+00,2.411157492224379943e-04,0.000000000000000000e+00
6.774449745331549977e-01,-8.233036152652550594e-05,0.000000000000000000e+00
8.513533325353740411e-01,2.762103217726140196e-04,0.000000000000000000e+00
7.977068038904300273e-01,-1.722922251427760009e-04,0.000000000000000000e+00
1.028411762810790053e+00,1.494326086251229985e-04,0.000000000000000000e+00
1.022383585288489938e+00,-1.578487630628819943e-03,0.000000000000000000e+00
1.020388694520449890e+00,4.659455798249029874e-05,0.000000000000000000e+00
3.243728480198539987e-01,5.344016303412789728e-03,-4.146824551834869824e-21
-4.585226149716439825e-02,-8.601912061130000120e-02,5.213568421014889768e-20
7.659237751232580438e-01,-3.246857195551670227e-05,0.000000000000000000e+00
1.093836567070080035e-01,-6.931353220217170361e-03,0.000000000000000000e+00
-3.021105871094149908e-02,5.417373600385520099e-02,-3.057638016977810031e-21
-2.947045500704360138e-02,5.157977081114689839e-03,-5.875007455051839805e-22
1.065127149071440016e+00,-3.299048478005139873e-04,0.000000000000000000e+00
7.855116451518989740e-01,3.978137966592699623e-03,1.445857403190390091e-21
-1.015159481766659960e-01,1.087410985831709954e-02,1.281341185042940068e-21
9.799039500828640170e-01,-1.362809823564009939e-03,0.000000000000000000e+00
8.715692872431729521e-01,-1.931727473977969990e-04,-1.112462442980739937e-20
-4.408071519250429671e-02,4.991023096661859754e-02,0.000000000000000000e+00
6.785682257599999767e-01,1.664977751226229898e-05,0.000000000000000000e+00
1.062526540159330013e+00,2.073489926431740121e-05,0.000000000000000000e+00
-8.175558569962730615e-02,9.931547646241579985e-03,-1.199150919111850010e-18
7.689101834291609538e-01,-4.360941349339650212e-03,0.000000000000000000e+00
9.941894588623709783e-01,-1.610100949900110064e-04,0.000000000000000000e+00
1.024295747046940042e+00,-4.167471775569619986e-04,0.000000000000000000e+00
8.568863418040929547e-01,1.112795724692769959e-02,3.113021113756209908e-21
1.020320494095640074e+00,-1.102425359347119935e-04,0.000000000000000000e+00
4.352921824003689877e-01,-2.448228255421200025e-02,-3.330717730819659726e-23
-8.065621464823879982e-02,1.925077773052959879e-02,2.789791299504239921e-24
4.189270300593990193e-01,-4.018087667246479904e-04,2.572021064689999888e-15
4.569016940362229939e-01,-3.834686684527970069e-02,0.000000000000000000e+00
1.066513692153369997e+00,-8.080898743031290617e-05,0.000000000000000000e+00
1.027723586023250091e+00,1.007668319423700058e-04,0.000000000000000000e+00
9.855494752025180105e-01,-2.712409057181659842e-03,0.000000000000000000e+00
6.776194189305659865e-01,-1.432761211679850033e-04,0.000000000000000000e+00
3.618155035149810128e-02,2.577403866093089940e-02,-4.834923059635200165e-20
7.565624928307329577e-01,1.138481230908239966e-02,0.000000000000000000e+00
9.939414234243449942e-01,1.589781300228439945e-04,4.042349317727770006e-16
1.067181921994549976e+00,7.203726480072829719e-04,7.209902225581649700e-33
7.982406173426870311e-01,9.508776700347190431e-05,0.000000000000000000e+00
1.062443585138149960e+00,-2.455212873040069836e-04,0.000000000000000000e+00
1.047849406160799912e+00,9.079404615809300375e-04,7.323452637913970518e-17
1.062929035283449952e+00,-1.174410663865230040e-04,0.000000000000000000e+00
4.716228099183449873e-01,4.942922066371419759e-02,-3.727678500577570198e-20
8.753506971793689750e-01,6.857601096936319710e-03,3.139772605193489883e-21
1.069257580422579901e+00,-9.911862562282709884e-05,0.000000000000000000e+00
9.127943176708169792e-01,1.257541480729469998e-04,0.000000000000000000e+00
1.067250083937820060e+00,-3.785844937653230140e-04,0.000000000000000000e+00
1.051249510026690093e+00,-2.253302073541939949e-04,0.000000000000000000e+00
-4.571761163309669834e-02,4.682945970063710078e-02,3.283790097802249891e-21
9.446731206208439646e-01,-1.798880755030230058e-04,0.000000000000000000e+00
-1.564095299182900051e-02,3.185738679268879797e-02,5.193368355188749951e-20
1.069218851436130047e+00,-2.142349440423460007e-04,0.000000000000000000e+00
5.336622988762329545e-01,-1.784010666884070024e-05,0.000000000000000000e+00
1.070751127959099991e+00,3.063562052727869739e-05,0.000000000000000000e+00
2.620321248881409826e-01,1.549594279677079893e-04,0.000000000000000000e+00
4.743667105273600137e-01,-1.526524795929859978e-02,-3.116818577468579892e-21
1.068074781829990050e+00,-4.381140975141510239e-04,0.000000000000000000e+00
4.182395790678899994e-01,-3.780617724322630200e-04,0.000000000000000000e+00
9.129965459586499854e-01,-5.592217628017549932e-05,0.000000000000000000e+00
1.045870633023779916e+00,-3.802402084197709759e-04,0.000000000000000000e+00
1.008898008759359977e+00,-1.202297496620819946e-03,0.000000000000000000e+00
8.520147034692300281e-01,-1.191518160571490050e-04,0.000000000000000000e+00
-1.072083148181680046e-01,9.404599690873699860e-03,0.000000000000000000e+00
9.638383439989199886e-01,-3.567219695612689791e-03,0.000000000000000000e+00
1.045164913617790070e+00,-8.858762729336680302e-04,0.000000000000000000e+00
1.040653540795869914e+00,2.960731814541369767e-04,0.000000000000000000e+00
4.200573047486659828e-01,-3.234483212215599822e-04,0.000000000000000000e+00
1.020948895345290097e+00,-1.655928936046260013e-04,0.000000000000000000e+00
7.511366125605770366e-04,-2.364410530276099944e-04,-7.863100497665119556e-17
3.341536198999490309e-02,-4.009265286107179665e-02,-3.941199636647900157e-21
7.660156848198870216e-01,-8.606045141030069939e-05,0.000000000000000000e+00
-4.241498434772480314e-02,4.529647999845760192e-02,-4.510347390453489765e-20
1.817820278245269872e-01,1.622578762013260067e-01,-6.899433630117270401e-19
1.040894181621170089e+00,2.681574115250760139e-05,0.000000000000000000e+00
1.146790835307369971e-01,-2.861749625444700088e-02,-3.623761537115070353e-21
9.244723517076739450e-01,3.695284222481339843e-03,0.000000000000000000e+00
5.831738180066460275e-01,4.549384230779130248e-03,-2.334786632708450093e-22
2.224675484538190043e-02,2.870578982780700068e-03,0.000000000000000000e+00
8.745242058010679886e-02,1.777171315023970042e-04,0.000000000000000000e+00
6.556594178972370290e-01,-1.488739567933709991e-02,1.032796399692460068e-20
-1.551892796866869914e-02,-6.682038385361560584e-02,1.003280192923650011e-19
1.062361015118999941e+00,5.867219966856889596e-04,0.000000000000000000e+00
-6.721381913552749998e-02,-3.165609473673149793e-02,-1.140962899475369995e-21
7.639019138522260555e-01,8.103558452210930286e-05,0.000000000000000000e+00
5.696498105850019700e-01,1.963118155802329873e-02,-2.006415030265829975e-21
-9.988263104913160106e-02,2.688805502370800182e-03,0.000000000000000000e+00
1.064991527830349893e+00,4.208716951286689979e-04,0.000000000000000000e+00
1.200694801681470060e-02,2.558503820013269953e-02,-5.352056213229830179e-17
5.707454486082530476e-01,3.534175391511199839e-03,-1.466361017688060025e-20
9.500150197192750584e-03,-5.617734419788129874e-02,-3.376554553356700207e-20
-1.361782356481220091e-01,-1.691695100338900040e-02,0.000000000000000000e+00
-2.983889993248380057e-02,4.767908320743469847e-02,2.033619911475989830e-21
7.680958806832249852e-01,1.929307577198920154e-02,0.000000000000000000e+00
1.062086989482369903e+00,8.255989734961549772e-04,0.000000000000000000e+00
6.222688459931440264e-01,5.080087026428910246e-02,2.676039607656640150e-20
8.522370046205209881e-01,-1.535423633348069996e-06,0.000000000000000000e+00
4.920835733654290167e-01,-1.370559234737690063e-02,0.000000000000000000e+00
1.069144886294109975e+00,-3.402950902079430106e-04,0.000000000000000000e+00
-1.585640768865579919e-01,-5.674849690744799939e-04,0.000000000000000000e+00
1.053401208921290078e+00,-6.283162248825759598e-04,0.000000000000000000e+00
9.628099008489819921e-01,3.968781716146890272e-03,0.000000000000000000e+00
9.595947542566779509e-01,-1.330269663658309974e-03,0.000000000000000000e+00
1.606288418064610035e-01,1.764316766633469979e-01,-7.525116777455729524e-19
9.408322471245690322e-01,-3.918817452042789922e-04,0.000000000000000000e+00
1.048281704089039978e+00,-1.040873500336089936e-03,0.000000000000000000e+00
3.739098301709329886e-01,1.238996471348590006e-01,-2.864856052005040272e-20
8.163184722454619457e-01,-6.014448431102849962e-03,0.000000000000000000e+00
1.017109424578110044e+00,-7.605440750916390037e-04,0.000000000000000000e+00
-9.635432760574050293e-02,3.739533461280140133e-03,0.000000000000000000e+00
7.479576298305780080e-01,1.709642771644370035e-02,0.000000000000000000e+00
1.049979082078839943e+00,-3.718804114117830019e-04,0.000000000000000000e+00
1.205982321759140052e-02,3.264436370260109799e-02,0.000000000000000000e+00
-2.413085318164360019e-02,1.311835417212900076e-02,8.238529276196349673e-22
2.610775893369219891e-01,2.287101649190210096e-04,0.000000000000000000e+00
1.049447353380670078e+00,-7.889478656135860387e-04,0.000000000000000000e+00
9.599836708336859648e-01,-2.182473571173910130e-03,0.000000000000000000e+00
3.841657121359590144e-01,-1.660663777363869872e-02,0.000000000000000000e+00
8.745099780091010189e-01,-6.727824678527899536e-05,0.000000000000000000e+00
8.944014912275709550e-01,8.922703886727900182e-05,0.000000000000000000e+00
9.174231713798820520e-01,-4.742048165616429868e-03,0.000000000000000000e+00
1.057455843239160087e+00,-2.874646156124890158e-04,0.000000000000000000e+00
7.972729938137139705e-01,5.899936684431650237e-05,0.000000000000000000e+00
5.514891670914340294e-01,4.300043834196389837e-03,8.536401236388659699e-21
5.402606288891950020e-02,5.379192406899060107e-03,8.338894828136939808e-22
1.051220153342369956e+00,7.887604466333680565e-06,0.000000000000000000e+00
1.065887376103169970e+00,3.026086093217270263e-04,0.000000000000000000e+00
-1.070080154407939965e-01,9.779369571314819667e-03,-3.649016746190780055e-22
-2.092630146801099933e-02,2.348525979769880076e-02,0.000000000000000000e+00
5.452289904388399888e-01,1.020408706082159972e-01,2.200712017466689814e-22
-1.299369794244649989e-01,7.012325480942020392e-03,0.000000000000000000e+00
8.044130217144109807e-01,1.475226165245119986e-02,-8.652614982318069929e-17
-1.417939109787429985e-01,5.526307943987419750e-03,0.000000000000000000e+00
-4.373836861949360194e-02,-4.113405801044500015e-02,2.262184359994679911e-21
1.045804140947590000e+00,2.786002466701680111e-04,0.000000000000000000e+00
5.341615594152979707e-01,4.750031086508169770e-02,0.000000000000000000e+00
6.028395266511969997e-01,-1.748514677607530127e-02,-2.560344606914059825e-21
5.441022832831240441e-01,3.950627146115320149e-02,0.000000000000000000e+00
4.403316695029980132e-01,-1.358932456988009956e-02,-1.676359094351820011e-20
2.605076895435769896e-02,8.790282435925899501e-03,0.000000000000000000e+00
6.867979416564260475e-01,5.003379319318400353e-03,6.354439316946530092e-21
8.369280361399290546e-01,-7.165563886447520216e-03,-3.119702026810700173e-22
-1.315490144632600056e-01,5.285690482633170414e-03,-9.577740393180179777e-22
-5.171242394722529861e-02,4.398926484672250302e-03,4.066891965070220191e-22
4.364211499393990112e-01,-2.314294448022989961e-02,3.515925867837169633e-21
1.033851531438150007e+00,-1.495415071960030104e-03,0.000000000000000000e+00
1.068581360054680074e+00,6.736044977014710297e-04,0.000000000000000000e+00
-8.893247435528380679e-03,3.266234334237940270e-05,0.000000000000000000e+00
9.296630860460379786e-01,-1.421929877592960107e-04,0.000000000000000000e+00
7.537493917198020421e-01,-9.007717394841980446e-03,0.000000000000000000e+00
9.941880620228850107e-01,2.142748123909839946e-04,0.000000000000000000e+00
6.101039893816789794e-01,4.727075865857800069e-02,-1.551028452715710030e-20
5.644081049379759962e-01,-1.733204310070760035e-02,0.000000000000000000e+00
-6.606953947546700219e-04,-5.827676747355980263e-02,-4.448628845934999892e-20
8.995577073927939482e-01,8.464497191983059304e-03,0.000000000000000000e+00
1.012253840655199966e+00,-1.980451857131519883e-04,0.000000000000000000e+00
8.450996754397309685e-01,-1.170542216352089999e-03,-1.144917520289460060e-21
4.401244809843700145e-01,1.008292476278409983e-01,-2.567341862673249987e-20
6.519777638129500286e-01,3.023503638647380073e-02,-8.720096675625830244e-21
1.063784849057050064e+00,-7.779584316807270066e-04,0.000000000000000000e+00
8.211399986643440341e-02,-3.140298608431969785e-02,0.000000000000000000e+00
1.149854748654639963e-01,-9.219862536496370442e-03,-3.224445181514150246e-20
-1.540453958838040038e-01,4.891156711427769796e-03,0.000000000000000000e+00
4.248193373703439968e-01,4.671833250728640169e-02,-2.285894520223889888e-21
9.980039917755020307e-01,-2.456431551122329870e-03,0.000000000000000000e+00
1.061059867610260055e+00,-2.253074882526459989e-04,0.000000000000000000e+00
7.913622521535059740e-01,8.369048329778930317e-03,-3.928606581809779996e-21
5.368441685848539535e-01,-2.172481978804160097e-04,0.000000000000000000e+00
4.170747823586170022e-01,-3.753305417233189804e-04,0.000000000000000000e+00
4.236683271905500314e-02,-4.249870030654390174e-02,0.000000000000000000e+00
1.070699504638580102e+00,2.304224975648089995e-04,0.000000000000000000e+00
9.449153700779170384e-01,1.082067522964109984e-04,0.000000000000000000e+00
1.033820900620650018e+00,1.511556851772400062e-03,0.000000000000000000e+00
5.037554479604909874e-01,7.579250950228169637e-02,2.087842293223959855e-20
-3.560042423105610337e-02,2.997256219675940164e-02,-2.021985502977730080e-19
1.021127110730170040e+00,8.758760981391809869e-05,0.000000000000000000e+00
1.048903154811009930e+00,1.280775310570860101e-03,0.000000000000000000e+00
1.063334850092050088e+00,7.286721423621169737e-04,0.000000000000000000e+00
6.766765366043220320e-01,-1.265123171420470100e-04,0.000000000000000000e+00
1.060501007996579981e+00,-3.313278868241450103e-04,0.000000000000000000e+00
6.441124590280630259e-03,-2.363501104842079953e-02,0.000000000000000000e+00
5.914761435396399536e-01,-1.275549372513870051e-02,0.000000000000000000e+00
8.947385212279029831e-01,-1.015291314387699935e-04,0.000000000000000000e+00
1.973518707741609979e-01,-3.389571114136499808e-03,6.602130011504910081e-20
1.087231025342789981e-02,-5.458124458280810137e-02,-3.329962273075049819e-20
8.658159232721429621e-02,-1.154822090653219967e-02,-5.679350082929439785e-22
1.069602934853780107e+00,7.696204567100229841e-05,0.000000000000000000e+00
1.070001929171519928e+00,-4.775381930661470073e-04,0.000000000000000000e+00
1.541952021429159880e-01,-2.726859843750829935e-03,-2.043336620728029921e-21
-2.267015353280309869e-02,-8.325421556475819801e-03,0.000000000000000000e+00
9.126865271818039860e-01,-4.025244978406020325e-05,0.000000000000000000e+00
1.060679298462360087e+00,-3.547394933948610119e-04,0.000000000000000000e+00
-1.649888923171579924e-01,4.599462951903170345e-03,-7.525685939489629957e-22
1.592632902381710125e-01,-4.314909063567780312e-02,5.297767305398179754e-20
1.012958746698880086e+00,-4.087304169386359856e-05,0.000000000000000000e+00
1.607721372755769873e-01,-2.254381556561680169e-02,0.000000000000000000e+00
8.694245392555629559e-01,1.027502111048200079e-02,0.000000000000000000e+00
1.062951962450130017e+00,3.392082427749390093e-04,0.000000000000000000e+00
8.747241930211240302e-01,-2.523031997171669850e-05,-6.532376326248450015e-16
1.066706191768360013e+00,1.132162991883250020e-04,0.000000000000000000e+00
9.473458957826099702e-01,-3.418809539336209891e-03,0.000000000000000000e+00
2.140404692491159888e-01,1.776059468318420126e-02,0.000000000000000000e+00
1.026163997008040063e+00,-1.539321917294809950e-04,0.000000000000000000e+00
9.836342245528140182e-01,2.974435265647110149e-05,-4.246128817687440203e-16
-2.657188722251190016e-02,3.775022790118070203e-03,-3.937237347134439894e-22
-4.406821154603930007e-02,2.498211896267080049e-04,1.316706265009340048e-16
9.588971962736190235e-01,1.137502834429730044e-04,0.000000000000000000e+00
1.003534556099950015e+00,-1.099965173727850034e-04,0.000000000000000000e+00
8.517048255001189450e-01,-1.988951548713630067e-04,0.000000000000000000e+00
8.847456928639190199e-01,-1.543888137051870058e-03,0.000000000000000000e+00
6.776047936349950396e-01,-7.740479518512739993e-05,0.000000000000000000e+00
1.060723141122640101e+00,5.153782365792320460e-04,0.000000000000000000e+00
7.356267252986830041e-01,-1.068827439692690041e-02,1.820249693464359832e-21
5.400939080953900406e-01,8.874629841143399922e-02,-5.341857946008829477e-23
7.973639538087560208e-01,-1.195342891457459996e-04,0.000000000000000000e+00
8.744241515793950148e-01,5.512177577501329792e-03,0.000000000000000000e+00
1.058269500427019949e+00,1.413194506041270026e-04,0.000000000000000000e+00
-7.525645983952529428e-02,1.362014427904060035e-02,0.000000000000000000e+00
9.237875926935500415e-01,-1.290117698631169972e-03,0.000000000000000000e+00
6.766264153041580132e-01,-3.206634539919450059e-04,0.000000000000000000e+00
1.009852684313540028e+00,1.180605335211900057e-03,0.000000000000000000e+00
2.566523913431830173e-01,-8.220750467741269954e-03,-4.505691628770969966e-20
8.226523011950509501e-01,9.404200688483830423e-03,-7.859276075141429713e-22
1.062899067117289986e+00,-3.642954491316730226e-05,0.000000000000000000e+00
7.659459761495229779e-01,-8.864820472462089235e-03,-3.996563362943710217e-22
-6.905738869760820464e-02,-9.451379035152790431e-02,0.000000000000000000e+00
1.062035734858769898e+00,8.497940585063339623e-04,0.000000000000000000e+00
1.062523320365130086e+00,2.427781093999439909e-04,0.000000000000000000e+00
1.068085245614859957e+00,-2.576583137606489916e-04,0.000000000000000000e+00
-4.440382626362510132e-02,-6.301965446301040219e-02,-4.258323975691399969e-20
8.943763065287789749e-01,6.452179248447129783e-03,0.000000000000000000e+00
9.587940599491390214e-01,1.022804514513010011e-04,0.000000000000000000e+00
8.923429038946140146e-01,-3.919542673516340173e-04,0.000000000000000000e+00
1.024080351003680001e+00,1.593876600440480035e-03,0.000000000000000000e+00
1.601518131056970107e-01,-1.178139813788199944e-02,0.000000000000000000e+00
3.836509876051959894e-02,2.752075657637269995e-02,6.937388180152609486e-21
1.049869294084879945e+00,-1.544640857306809944e-05,0.000000000000000000e+00
7.299663793789600286e-01,3.262878797240110172e-03,8.378643795742189758e-23
-4.566884048654330092e-02,1.423202384676069965e-02,4.023081627983240093e-22
9.126116681669279584e-01,-2.129782491390079871e-04,0.000000000000000000e+00
8.031407820983249568e-01,1.436585270142710057e-03,5.419351863328440281e-21
-3.678088263013359893e-02,9.771085718387690147e-03,-2.916538347050310175e-20
-1.424496420990770118e-01,4.842935015732460075e-03,0.000000000000000000e+00
-1.057410197627270051e-02,1.405506030595130018e-02,-9.855791394619319818e-23
7.211511196778710442e-01,-8.956541254823480180e-03,7.996357855478729812e-21
9.701959968182030658e-02,-3.139969667321310109e-02,1.353692251242840011e-17
-4.327109261841009802e-02,-7.959116688149650565e-02,4.446979371593930073e-19
-1.471237364542750045e-02,1.652809377186889930e-02,-2.367196883640970149e-17
1.058037397232070020e+00,-5.087652156767959741e-04,0.000000000000000000e+00
1.069890118004700019e+00,5.089227486044219995e-05,0.000000000000000000e+00
-1.127950783168620019e-01,3.834668224868699894e-03,1.653348897105930053e-21
4.192872709340180193e-01,-4.013637439480560037e-04,-2.563301752020050064e-15
8.263829789270300541e-01,-1.733955797114299991e-04,0.000000000000000000e+00
1.034771363573399938e+00,2.880201513818769743e-04,0.000000000000000000e+00
4.605316166204589945e-01,-1.198668164937509960e-02,-1.287128007948940013e-20
4.475057344729149733e-01,-9.422638076664220652e-03,1.854395494012959999e-24
1.067325138955109942e+00,4.156236068437850224e-04,0.000000000000000000e+00
1.028053839337659925e+00,2.719906374211130198e-04,0.000000000000000000e+00
8.501011205597219789e-01,-7.295423076260639612e-04,0.000000000000000000e+00
9.947137622348950492e-01,9.858646589539579470e-04,0.000000000000000000e+00
9.361787938585810487e-01,-4.187452928940929749e-03,0.000000000000000000e+00
7.358262382495439624e-01,9.270627692119370530e-03,0.000000000000000000e+00
7.308349701008899635e-02,3.361799129219980153e-03,5.512918967017480546e-20
1.066499536449960095e+00,2.580659804248599805e-04,0.000000000000000000e+00
9.586161349973469914e-01,-2.544540282541529847e-05,0.000000000000000000e+00
4.110584179276569744e-02,-7.519899880187410398e-04,0.000000000000000000e+00
8.873615732088200314e-01,8.906967904476219625e-03,0.000000000000000000e+00
-5.189435753017160313e-02,1.204600863400730019e-02,9.910378250539269736e-23
3.847528315149229688e-02,2.832258340519830039e-02,0.000000000000000000e+00
7.195969897618500477e-01,8.633769250907790543e-03,-5.799801029711669676e-21
1.069901730560929964e+00,-9.643952988486290557e-05,0.000000000000000000e+00
8.943263730784589693e-01,-3.204413476349660119e-07,0.000000000000000000e+00
1.052939131791380101e+00,-9.178292713730329833e-04,0.000000000000000000e+00
-1.264549267114569997e-01,7.501941852613470095e-03,-5.056980019715959963e-17
-2.865404199619440116e-03,2.221188481073050033e-05,9.630418058945270103e-17
5.787287682148910539e-01,2.304864428119459806e-03,-1.857161937253689964e-20
1.062906358510119942e+00,-1.600613898250359914e-04,0.000000000000000000e+00
6.212376439673580331e-01,4.381413360067210050e-02,3.095522301381740166e-20
-8.922040169283010358e-02,1.626979429484159967e-02,-7.114914134365179738e-22
5.363467130352119749e-01,5.560069827791930264e-02,-2.401218131250129873e-20
8.750167429690940135e-02,1.945955505473769909e-04,0.000000000000000000e+00
3.574420799722490272e-01,-2.401186194877490132e-02,3.689441568216369646e-21
-6.067883519261769998e-02,2.053553219580120208e-03,2.333114646629320140e-23
9.449786491047129644e-01,1.864297879386470004e-04,0.000000000000000000e+00
8.520998940453730075e-01,-1.180631421389269960e-04,0.000000000000000000e+00
8.760802057977179480e-02,1.756114853346490122e-04,0.000000000000000000e+00
8.740435184384309775e-01,5.816763721148920197e-05,0.000000000000000000e+00
9.830415727047699948e-01,3.368248717944340056e-05,0.000000000000000000e+00
1.005369932299690072e+00,-2.393775452038920080e-03,0.000000000000000000e+00
3.155271646694520205e-01,-4.414213897089840077e-02,-3.933548697943110046e-20
-9.738347025403899793e-02,1.264142370087770022e-02,1.092565001887169957e-21
3.957463920061429774e-01,-2.537803451581530090e-02,-4.570358748147690136e-22
1.063679340622059932e+00,-2.193196120637599911e-04,0.000000000000000000e+00
-3.953477368331090314e-02,5.513939857197659722e-02,0.000000000000000000e+00
7.436242568001609765e-01,1.296388662379960007e-03,0.000000000000000000e+00
-7.544906833720839423e-02,-1.142695336841520054e-01,-1.254583022403590118e-16
8.263253897449229779e-01,-1.804413594867459970e-04,0.000000000000000000e+00
1.042788162966020060e+00,1.837571377397889986e-05,0.000000000000000000e+00
7.778874284933600114e-01,-2.900429811379709889e-03,-1.365242110330120001e-20
-4.294620067797139812e-02,1.201051251004950013e-02,-1.873029239827909898e-20
-7.742270249664789938e-02,7.607786447992619626e-03,0.000000000000000000e+00
9.588886189241300206e-01,1.638516650946840122e-04,0.000000000000000000e+00
9.128711851138799904e-01,1.339216354243549865e-04,0.000000000000000000e+00
6.182534690392830212e-01,2.943321839632280197e-04,0.000000000000000000e+00
8.601941033404369996e-01,3.974168407115399697e-03,-4.051993286786080030e-21
7.262043277241729822e-01,1.401173042616280049e-04,0.000000000000000000e+00
1.280449786516330013e-01,6.942091274696769732e-02,0.000000000000000000e+00
2.934518863946730116e-01,1.710164467504380059e-01,-2.460817653615039844e-22
2.486563331224239948e-01,-1.454328118222139934e-02,-2.113515060256599865e-17
6.390437231179509903e-01,-1.490166244868099989e-02,-1.199722869325709979e-21
8.944687224334320064e-01,1.401373290059880115e-04,0.000000000000000000e+00
1.069100540042710046e+00,5.416692185681489929e-05,0.000000000000000000e+00
8.905080639180200375e-02,5.055993157709959621e-03,4.040330742924999761e-20
1.012249660235319926e+00,-1.904679054531069869e-04,0.000000000000000000e+00
6.632720175157279519e-01,2.988725164223950126e-02,9.298853404886340285e-23
-4.991489265403799974e-02,1.897284277629759930e-02,5.822779601049779926e-21
6.179735061069759894e-01,7.203125467167419984e-05,0.000000000000000000e+00
5.840097781299939950e-01,4.791871893608769944e-03,-5.571301484276110234e-21
1.069183517332279898e+00,-3.773526343757129995e-04,0.000000000000000000e+00
-7.700906200948820501e-02,-1.092412459878709940e-01,2.218110471611669887e-21
-6.245926031342210333e-02,-9.835942446844740325e-03,0.000000000000000000e+00
3.560286391461739974e-01,-2.125534175932149855e-02,0.000000000000000000e+00
1.067323051374809983e+00,7.201728552930080100e-04,0.000000000000000000e+00
5.207851848862780075e-01,1.012837586828310016e-01,-1.469276857966059970e-20
9.964374783649360134e-01,-2.641629755154529993e-03,0.000000000000000000e+00
2.787459070742519945e-02,9.186219773516629897e-03,0.000000000000000000e+00
6.887677686477899908e-01,2.652354696132340137e-02,5.380375226912870077e-22
1.499744022473200045e-01,-1.574401161475860039e-02,-1.868908125634939962e-21
9.644766464521630223e-01,4.522139743667920320e-03,0.000000000000000000e+00
9.294122262376920407e-01,2.399955970657400108e-04,0.000000000000000000e+00
3.182294707005079992e-01,-2.350783209454999911e-02,0.000000000000000000e+00
1.028316698747590019e+00,-8.739234821663340415e-05,0.000000000000000000e+00
1.418513421050000001e-01,1.714559434180719932e-01,-5.673812775828009790e-23
6.635529475990989967e-01,-4.465064851491570320e-03,1.298326541125289885e-16
8.742912122175690026e-01,-1.605856200597170129e-04,-6.585878488814760072e-16
-1.248818437126660019e-01,-1.348798129583900045e-02,-3.479480847903659962e-17
9.694057047161249718e-01,1.441638458266780070e-03,0.000000000000000000e+00
7.930986628724470133e-01,-5.136425513509940317e-03,5.352370566260789884e-21
1.058399697961400099e+00,-7.797747405162350339e-04,0.000000000000000000e+00
1.012730247081949919e+00,2.366239403098860134e-04,0.000000000000000000e+00
9.299772207322599682e-01,-1.831524522015490035e-03,0.000000000000000000e+00
8.948167963702590155e-01,-1.975903985244190151e-05,6.054703931321510080e-16
1.070123602161479948e+00,4.951508038062569887e-04,0.000000000000000000e+00
2.597907223895359885e-01,1.901103057205650038e-01,0.000000000000000000e+00
5.268555759870480193e-01,-1.893101175925350141e-02,0.000000000000000000e+00
7.640185088616530118e-01,1.155263011313149933e-06,0.000000000000000000e+00
1.066907220617030028e+00,3.373596719120769958e-04,0.000000000000000000e+00
5.337288300218909765e-01,-7.385758697555210180e-05,0.000000000000000000e+00
1.039565797451889928e+00,-1.364773671084980019e-03,0.000000000000000000e+00
1.017591852970469946e+00,8.837738276499580324e-04,0.000000000000000000e+00
-1.459341473263650081e-02,-2.051704623141590092e-02,-3.038689335085629917e-21
-3.435501401997950038e-02,-4.445969512212140026e-03,0.000000000000000000e+00
6.103243941540740236e-01,-1.106503203055210017e-03,9.853240123309999522e-21
7.270200822184069711e-01,-3.779495860171539883e-05,0.000000000000000000e+00
1.069067644638719949e+00,-4.264416516630570178e-04,0.000000000000000000e+00
-1.230053195810549976e-01,-2.037642156870919999e-02,0.000000000000000000e+00
1.053559195264569981e+00,-4.867734083003620225e-04,0.000000000000000000e+00
5.397209161915860198e-01,-1.252136517630680033e-02,5.861821795601309938e-21
2.845259325468190159e-01,-2.123818048703509861e-02,0.000000000000000000e+00
7.649855128455900211e-01,-8.067503669348209737e-05,0.000000000000000000e+00
9.846204938999389977e-01,-2.199068208843980073e-03,0.000000000000000000e+00
-7.053383660967040003e-02,2.507332936926619932e-02,2.606610256757440047e-21
8.530137329105099697e-01,2.486629471509759805e-03,5.895359707245210096e-21
4.771921949268310148e-01,-2.618836601547859869e-02,0.000000000000000000e+00
3.361319939169349902e-01,-5.666691588908370075e-02,3.562785505001000152e-20
3.428755509301750215e-01,2.479200109802480022e-03,2.901552257246740261e-20
7.835676521794799898e-01,-8.870168277371290322e-03,0.000000000000000000e+00
6.792084592836880041e-01,-7.288565106958060406e-05,0.000000000000000000e+00
1.043226263844200030e+00,7.822139444255619793e-04,0.000000000000000000e+00
-9.444628730599239144e-03,-3.935738941515289774e-02,2.052815757142289821e-21
-3.755614485493929955e-02,5.155443565555369902e-03,0.000000000000000000e+00
1.056755245548020028e+00,8.712133601930609466e-04,0.000000000000000000e+00
1.764676183439030030e-02,1.110416257703769963e-02,-2.002171808327290058e-21
1.046022400970400001e+00,2.575042756525899802e-04,0.000000000000000000e+00
1.461846263881440011e-01,-1.459366078580530066e-02,-3.519248541062909948e-21
9.887572432569350367e-01,-2.481552396356619984e-03,0.000000000000000000e+00
8.772816128952500014e-02,1.916608878515880035e-04,0.000000000000000000e+00
9.717418025587329922e-01,2.426783934591379883e-04,0.000000000000000000e+00
2.622975662332689972e-01,4.373775034342749910e-05,0.000000000000000000e+00
6.155091713266019893e-01,2.027260626260090032e-04,0.000000000000000000e+00
-9.584740173452470369e-02,5.643884231355199808e-03,-4.702352830550079840e-22
2.623012074581669920e-02,-2.601728976707080171e-02,-2.013427662566669888e-22
1.065123649082619917e+00,-5.086796108444439826e-04,0.000000000000000000e+00
1.067233562427140070e+00,-6.819181365070029659e-04,0.000000000000000000e+00
8.381344478772420059e-01,-6.806753719132130169e-03,-1.225253109265189969e-21
7.656175832769579470e-01,-6.447412681272849679e-05,0.000000000000000000e+00
-1.296640040423679974e-01,6.124285800365859671e-03,0.000000000000000000e+00
-4.312852610470999798e-02,4.883351186738910110e-02,-5.807498809347509419e-20
1.172774808725309953e-01,-1.408606855230700068e-02,-1.293795378787339933e-19
1.001209762286159988e+00,1.548191017906789960e-03,0.000000000000000000e+00
9.587424631890200111e-01,-1.685365348428139994e-04,0.000000000000000000e+00
9.938163890480630203e-01,-1.419489075635289985e-04,0.000000000000000000e+00
8.262463086521409927e-01,-1.743404970661500009e-04,0.000000000000000000e+00
9.296162041679949528e-01,1.722527332136790032e-03,0.000000000000000000e+00
1.066695776529660078e+00,-1.460958400904449931e-04,0.000000000000000000e+00
1.530351187083970055e-01,-9.007428973369150087e-04,5.400100769260320003e-20
-3.329329154772810162e-02,-5.429180416713930146e-02,1.205291755195749955e-18
4.236279079819739724e-01,-1.053560989893610050e-02,-5.413405722114579991e-20
5.064223522891179996e-02,2.104299380410479953e-02,6.710791185030879732e-20
-1.359905555520440033e-02,1.822408886565859976e-02,0.000000000000000000e+00
1.069529068118020065e+00,-6.088675020825089473e-04,0.000000000000000000e+00
1.067502680148650018e+00,-6.471885466844109949e-04,0.000000000000000000e+00
1.049369836763309971e+00,1.270051114996840081e-03,0.000000000000000000e+00
-3.752788452292030175e-02,5.365295841728619924e-02,-3.191944897403889906e-21
1.066583518840940048e+00,-2.138733589962270093e-04,0.000000000000000000e+00
-1.182718672441169933e-01,4.433674883954370066e-03,6.048022557128430097e-22
1.069099155061280060e+00,3.084636584639030088e-04,0.000000000000000000e+00
1.012938142488279958e+00,2.220339106435699982e-04,0.000000000000000000e+00
3.583423143254130250e-02,7.452698414551020036e-03,1.941286336059040075e-21
7.888542179359290252e-01,2.193070580813979899e-03,7.037520517349549533e-21
6.168104648278810442e-01,8.317414894057829531e-05,0.000000000000000000e+00
-3.789353761052539904e-02,1.564588868284910034e-02,4.003842788638220219e-21
-1.026371791095870012e-01,1.132446532851640042e-02,-2.860719562964979858e-22
7.659764743895509653e-01,2.913502160126970169e-06,0.000000000000000000e+00
1.050457600356800025e+00,2.969223274744049886e-04,0.000000000000000000e+00
8.944164243837759987e-01,1.548909367714730036e-04,0.000000000000000000e+00
9.242945305132650446e-01,4.371070236209650267e-03,0.000000000000000000e+00
1.020379241173549945e+00,2.812125523141380051e-05,0.000000000000000000e+00
4.612207815903430347e-02,-1.144252317493719973e-02,0.000000000000000000e+00
5.456782466638220308e-01,4.968777371474039639e-03,0.000000000000000000e+00
1.065025542988089935e+00,1.300497438310030049e-04,0.000000000000000000e+00
6.033237997464510061e-01,4.168650420461610107e-02,-1.759830912743690132e-20
1.012018631098410060e+00,2.205749243548670014e-04,0.000000000000000000e+00
1.030810068617850073e+00,6.245278707000610340e-04,0.000000000000000000e+00
6.791540000460839499e-01,-8.798686681768569829e-05,0.000000000000000000e+00
-3.958228355215769739e-02,2.571051026600550127e-02,0.000000000000000000e+00
1.217390937364560000e-01,-4.038531337950369664e-03,0.000000000000000000e+00
7.272793570972460042e-01,2.437261592029569873e-06,0.000000000000000000e+00
-5.095844221895880211e-02,-8.117442479107810083e-02,1.134604079017610050e-18
1.069957073144339965e+00,3.340492790881479908e-04,0.000000000000000000e+00
7.249783309119389729e-01,-8.880517763462429605e-05,0.000000000000000000e+00
9.454385962834630508e-01,-1.261016285996049979e-03,0.000000000000000000e+00
1.066001070876360091e+00,-9.025291614133910064e-06,0.000000000000000000e+00
-7.512523100928129687e-03,1.216071529488309960e-02,0.000000000000000000e+00
1.068941184177810033e+00,5.792506445777180360e-04,0.000000000000000000e+00
1.054770512677390082e+00,2.619213074546949786e-04,0.000000000000000000e+00
6.088656991442029792e-02,-4.052681579419859653e-02,-2.949509120318880038e-20
7.443457335973949762e-01,-3.847071264226119801e-03,0.000000000000000000e+00
8.957896183701649293e-03,-2.937298871529100052e-04,-8.032781337590170093e-22
-1.324775634338599961e-01,7.607863185715320158e-03,-1.710218103855660059e-22
6.228564602881330181e-01,-9.303346038665260762e-03,1.021484851976289986e-20
5.120429085345580278e-01,-1.035720861757290050e-02,0.000000000000000000e+00
7.987273203864859727e-01,5.132621379548069811e-05,0.000000000000000000e+00
-5.358389952825880209e-02,4.024710384578430306e-02,-2.361747359707890150e-20
9.297438103467440262e-01,-1.451256121128329966e-03,0.000000000000000000e+00
-1.189682037148949989e-01,9.432995638836920438e-03,-1.831874952445750116e-22
1.033408752596719937e+00,-1.436391804629040016e-03,0.000000000000000000e+00
2.401159828292699916e-01,-1.651850773736029954e-03,0.000000000000000000e+00
7.546408616158599703e-01,-3.025008744758599880e-03,-3.534826396272150177e-21
8.758897298096450512e-02,1.856124515376379931e-04,0.000000000000000000e+00
2.061682378162460125e-02,3.816114645210600016e-03,0.000000000000000000e+00
-4.003137743594709780e-02,2.765105853237019920e-02,2.490274988424010046e-17
1.049881423438280059e+00,1.061986132456639955e-04,0.000000000000000000e+00
-1.428815550932280021e-01,6.069150162482900117e-03,0.000000000000000000e+00
1.050616722307180062e+00,-1.157016830740770062e-04,0.000000000000000000e+00
1.069891928985809981e+00,-3.873246419970380306e-05,0.000000000000000000e+00
9.569640839069179505e-02,4.014374279189190237e-03,-5.095782547133929717e-21
6.209257814215819460e-01,1.943439287655520167e-02,-3.569954963244410266e-23
-4.208473674291059868e-02,5.201700305425369791e-02,1.398399173674400082e-22
2.134256707203230005e-02,1.496444764910540015e-02,0.000000000000000000e+00
6.869830396514340354e-01,9.705660260416879752e-04,3.456105457066620063e-21
1.066005028668800092e+00,9.422786202341280610e-05,0.000000000000000000e+00
8.740237924150410231e-01,-1.884421379391430004e-04,0.000000000000000000e+00
-7.771659147650100685e-02,-1.156012047812010057e-01,-3.061843877827990088e-19
9.942606483569990106e-01,-6.115566816964029644e-05,0.000000000000000000e+00
8.758837918208529638e-01,-5.687103615761479776e-03,0.000000000000000000e+00
7.170651541109199778e-01,-6.157654115153049675e-03,-3.614788800229779913e-21
9.476628854706989902e-01,-3.548769959278809828e-03,0.000000000000000000e+00
1.027553880286000032e+00,1.518753153373120050e-03,0.000000000000000000e+00
-6.076637288017860267e-02,3.356396551585359711e-02,0.000000000000000000e+00
1.298959513591169956e-01,5.000575455720440016e-02,-3.796509615211299956e-20
5.739414343273620267e-02,1.318073681737200013e-02,5.786456746294409976e-21
1.009213060912119930e+00,-9.803835078772520084e-04,0.000000000000000000e+00
5.666216102737350324e-01,5.432273108355220028e-04,2.294163563613220021e-20
5.361318757167159860e-02,8.889949011642339291e-03,6.424790198902190435e-20
8.971698327630379666e-01,8.003614332780959947e-03,0.000000000000000000e+00
9.829132523312640313e-01,-5.911926061530569748e-05,0.000000000000000000e+00
4.835046601567870028e-01,-5.876035521943719954e-03,4.593244459171249636e-21
-2.531101562070230127e-02,2.956921619658179831e-02,4.891807296137330305e-21
5.032324844648570217e-01,1.653730119364489881e-01,-1.085098546844239973e-23
9.830922050717869620e-01,7.569212111093869422e-05,0.000000000000000000e+00
8.943098836416979447e-01,2.028315825439490024e-04,0.000000000000000000e+00
1.059295204305380045e+00,-7.870951670904530444e-04,0.000000000000000000e+00
6.531419045972880477e-01,-9.815423814454559553e-03,-4.584042339639320044e-21
1.069063609392099989e+00,2.708061685309880022e-04,0.000000000000000000e+00
2.097091119076619978e-02,1.037530235795650069e-02,0.000000000000000000e+00
8.803880445170010338e-01,-5.823772305980899969e-03,2.146049089432479945e-21
7.484973447645290046e-01,1.979240849964379947e-02,1.887034960250240159e-24
1.068760662980070109e+00,-6.099305948934790516e-04,0.000000000000000000e+00
-3.727689348115410112e-02,-2.494603241510590097e-02,0.000000000000000000e+00
-1.419714421993709952e-01,5.586848333847749953e-03,0.000000000000000000e+00
9.936110094288489458e-01,-2.120094996288250026e-04,0.000000000000000000e+00
2.326920320391289987e-01,1.142958925688219995e-02,7.969744801383239602e-20
9.516280921990369901e-01,-3.568234804125880021e-03,0.000000000000000000e+00
7.508412188245110475e-01,5.456175009771100336e-03,0.000000000000000000e+00
8.942324472197370477e-01,-1.455913109928779977e-04,0.000000000000000000e+00
1.059973058855969930e+00,-1.156480720940060051e-04,0.000000000000000000e+00
-6.525297714291650175e-02,2.409244088427160008e-02,0.000000000000000000e+00
-2.227855004299759967e-02,4.679408058896800116e-02,-2.343946681000320062e-17
3.171859880375569873e-01,-1.074067258366609955e-02,2.639742964221130003e-17
1.070699647276210031e+00,-4.580546676680210248e-04,0.000000000000000000e+00
6.763504108740650000e-01,3.302689001943520130e-06,0.000000000000000000e+00
9.589053600684579459e-01,2.324709210468179992e-04,0.000000000000000000e+00
2.861456223464650117e-01,-2.469609619089519967e-02,0.000000000000000000e+00
1.056851247678910033e+00,7.919644267139239972e-04,0.000000000000000000e+00
7.542549922906519599e-01,-1.170472133501610033e-03,8.494623000807869362e-21
1.034436734863410035e+00,-1.437202492400069991e-03,0.000000000000000000e+00
8.946342850607329478e-01,7.755264539581530113e-05,0.000000000000000000e+00
1.064973228973050023e+00,3.895751282464079827e-04,0.000000000000000000e+00
1.065379218485499990e+00,-6.288008183499359900e-04,0.000000000000000000e+00
1.070070518755100064e+00,-3.636857594108140030e-04,0.000000000000000000e+00
3.545898092188880246e-02,-2.677822341551809940e-02,7.637976737590740272e-22
3.877130491579720006e-01,-1.126414497208860083e-02,0.000000000000000000e+00
-3.244106812353689945e-02,5.244845717502129995e-02,1.254813682445510090e-21
1.000373784433000068e+00,-1.150741252308280001e-03,0.000000000000000000e+00
7.361213240335080510e-01,7.343127433729559721e-03,0.000000000000000000e+00
-5.073520612389510048e-02,3.720268451158349927e-03,0.000000000000000000e+00
8.270795158430299665e-01,8.908516800022060593e-05,0.000000000000000000e+00
5.190180765402729879e-02,5.648592862358040034e-03,0.000000000000000000e+00
4.809982962370309978e-01,-1.704414854156190151e-02,7.716757594241289830e-22
-9.295200059237709866e-02,2.288752646737150179e-03,-4.911081565920599743e-22
7.111327864559620071e-01,2.748555444383719848e-02,-7.597707759720160409e-21
8.338491076787539757e-01,1.290080536988989952e-02,3.550051662219180165e-21
4.769263758966679756e-01,2.809755186485409992e-02,0.000000000000000000e+00
9.449016917257190284e-01,-1.151038873835630056e-04,0.000000000000000000e+00
1.027760325436730016e+00,1.260144388890119965e-04,0.000000000000000000e+00
-5.060615994138269874e-02,9.226278201980660145e-04,2.754074485117800067e-21
1.045702818373579923e+00,1.953315117136379924e-04,0.000000000000000000e+00
8.285874873716819744e-01,-5.154157417254710523e-04,-8.088042872740830550e-24
-3.839289407394520098e-02,2.786362803322330051e-02,-2.724788093869710121e-21
1.058258004748630077e+00,-1.089837951450460012e-05,0.000000000000000000e+00
1.840966834638139982e-01,-1.102687906740179927e-02,2.667486960111530110e-21
1.065997647475370069e+00,-6.604391658403970487e-04,0.000000000000000000e+00
1.069991530084910103e+00,-3.195138287429269875e-04,0.000000000000000000e+00
6.191009685941849527e-01,-4.069060334782939863e-05,0.000000000000000000e+00
8.514883570596539775e-01,2.251855765914319958e-04,0.000000000000000000e+00
6.796542544764250238e-01,-6.155076900586049610e-06,0.000000000000000000e+00
1.070598940418320044e+00,-3.867578714814789921e-04,0.000000000000000000e+00
1.040599822176170086e+00,-3.283045207866349736e-04,0.000000000000000000e+00
8.514326158162449643e-01,-1.130136232890730066e-04,0.000000000000000000e+00
1.061299761831620003e+00,3.462754267022709976e-05,0.000000000000000000e+00
1.042909521289709929e+00,3.572001869649400123e-04,0.000000000000000000e+00
1.053630677939439986e+00,-4.122350244277179858e-04,0.000000000000000000e+00
1.034908564955429933e+00,-8.883280807036460192e-05,0.000000000000000000e+00
1.001371557862680062e+00,7.924571994651069670e-04,0.000000000000000000e+00
1.003916793397310103e+00,-3.181564301010960088e-04,0.000000000000000000e+00
6.780327016206140200e-01,9.286518085161520422e-05,0.000000000000000000e+00
9.309096256129180125e-01,-3.067728421057549972e-03,0.000000000000000000e+00
7.023622572616130544e-01,1.154309180717369952e-02,-2.197066201028139996e-20
6.878967923544089536e-02,-7.469661816980099726e-03,0.000000000000000000e+00
8.356361232835469721e-01,-7.298341621723669799e-03,-1.282367865360449964e-21
9.981224890952520301e-01,3.008949282193779974e-03,0.000000000000000000e+00
6.676176764285739473e-01,2.801230490075150206e-03,-1.445424544486839921e-20
1.060916117022389971e+00,6.921916361155759992e-04,0.000000000000000000e+00
-9.039014875490150591e-02,2.591202251986150177e-03,0.000000000000000000e+00
-2.776381795093519830e-02,3.914257597377279740e-02,-9.534323631679450078e-17
7.636864565397200044e-01,1.498290922739889917e-04,0.000000000000000000e+00
-5.167869164303839913e-02,-7.562951838402250104e-02,4.772970393727649843e-20
9.357308554165160164e-01,-4.312933154746530391e-03,0.000000000000000000e+00
-1.216145309330560059e-01,5.792024381692319895e-03,7.459468866487779986e-22
6.851816413892890534e-01,2.546549518057230135e-02,-1.104394815273979976e-20
9.327877558415870185e-01,5.206032204802899660e-03,0.000000000000000000e+00
9.044488370868170035e-01,-2.274387732310059924e-03,0.000000000000000000e+00
2.599976969646730085e-01,2.343484788127500010e-04,-3.800842513788899708e-15
-1.054843305632540001e-01,1.170413485910070002e-02,-5.600353049053050337e-22
8.767653575529410492e-01,8.015085752394400173e-03,2.409410940600429957e-21
8.265188132815309840e-01,2.357189896954299882e-04,0.000000000000000000e+00
1.050491211821120041e+00,3.194114287164540153e-04,0.000000000000000000e+00
-3.524526585469849732e-02,1.593999339325720063e-02,0.000000000000000000e+00
8.948456859344949832e-01,-3.387876016188489845e-05,0.000000000000000000e+00
7.656640503946100518e-01,9.771603117698709627e-05,0.000000000000000000e+00
9.997472997539229578e-01,-1.619690840363370056e-03,0.000000000000000000e+00
-1.201648390872530059e-01,4.843621549249039690e-03,-5.542981730202509884e-22
-1.116375835209399980e-01,1.785090533641210024e-03,5.022802751512299734e-22
8.163902474635890139e-01,-5.817277827736509581e-03,0.000000000000000000e+00
-3.240003901330980318e-02,5.407450757972129957e-02,4.299383920434429886e-17
-5.654516421221159744e-02,3.893960821886029849e-02,0.000000000000000000e+00
5.831493253220040307e-01,5.777269536108080306e-02,-6.725894112451250003e-24
8.851500964865000043e-01,-1.083476427165149924e-03,1.765988248234359970e-20
1.067031413938509976e+00,-4.151546642757999919e-04,0.000000000000000000e+00
-5.528413113033969761e-02,3.198258085298929750e-04,-7.596146185417299713e-22
1.069607229474530019e+00,-9.124683126058040277e-05,0.000000000000000000e+00
-4.649738832173629793e-02,3.012070822566319944e-02,-1.254660390509910096e-19
1.063741232983739904e+00,-1.742259664203619964e-04,0.000000000000000000e+00
9.130093622755219851e-01,-8.977436677002640297e-05,0.000000000000000000e+00
1.046029979005199895e+00,2.492121664206479992e-04,0.000000000000000000e+00
-7.040026834509549580e-02,-8.916097341631099710e-03,-9.408732425085550561e-22
5.760612829699349735e-01,-1.189555513813319969e-02,5.755981102546529701e-21
5.349311939007269645e-01,-6.718183555464179828e-03,-1.340209988539609946e-20
4.929988452477109817e-01,-2.426877330841690009e-03,1.335865347583189959e-20
1.710267717974869872e-01,-1.187081302946839910e-03,1.590769694611789956e-21
-8.929509193020210289e-02,6.076585519739330365e-03,2.235215780322379837e-22
