7.921940000000000204e+00,-2.545800000000000146e-02,6.572429999999999939e-02
7.456089999999999662e+00,-8.239939999999999580e-05,-6.911950000000000038e-02
1.378890000000000116e-01,-6.254240000000000025e-07,-1.012319999999999949e-06
3.808449999999999847e+01,-2.581229999999999913e-01,-1.190519999999999946e-02
7.143489999999999895e+00,3.948339999999999836e-03,9.909129999999999328e-02
2.386100000000000065e+01,2.362809999999999910e-02,-3.155029999999999779e-01
5.586229999999999762e+01,-4.994040000000000146e-01,7.917599999999999638e-02
1.807000000000000028e+01,2.599229999999999943e-02,2.795189999999999828e-02
9.806889999999999930e+01,-2.539080000000000156e-02,1.178779999999999967e-01
3.940829999999999700e+01,2.821140000000000106e-02,-5.828130000000000255e-01
3.444489999999999696e+01,-2.738160000000000038e-01,-8.501389999999999295e-03
4.243509999999999849e+01,-6.244180000000000286e-01,2.484909999999999897e-03
1.019020000000000081e+01,-1.803309999999999913e-01,-1.629159999999999940e-03
7.171870000000000189e+00,1.161449999999999982e-02,5.356960000000000020e-03
7.757110000000000127e+01,3.373169999999999780e-01,3.891109999999999847e-01
8.661920000000000641e+01,-1.024889999999999968e-01,-1.525229999999999919e-01
5.770230000000000103e+01,9.779999999999999805e-02,-4.420069999999999832e-01
4.064820000000000277e+01,-1.545219999999999927e-01,9.462460000000000315e-02
2.157540000000000013e+00,-2.919689999999999959e-03,8.491320000000000118e-03
6.699490000000000123e+01,-4.969359999999999750e-02,-3.321589999999999820e-01
3.893449999999999989e+01,-1.526760000000000062e-01,6.261189999999999811e-02
7.873409999999999576e-01,2.242979999999999995e-04,-1.835069999999999898e-04
1.622670000000000101e+01,1.251720000000000055e-01,-2.181649999999999909e-02
1.341649999999999920e+01,-1.256839999999999902e-01,-1.079399999999999999e-04
2.854589999999999961e+01,-7.090299999999999381e-02,-1.484199999999999972e-03
7.082810000000000628e+01,2.700730000000000075e-01,3.145499999999999963e-01
1.825819999999999865e+01,-7.903799999999999715e-02,-2.736090000000000050e-02
5.957069999999999865e+00,-3.557659999999999989e-02,-1.807310000000000015e-04
7.483929999999999971e+00,1.244949999999999946e-01,-2.218299999999999873e-03
3.686789999999999878e+01,-2.999350000000000072e-01,8.131349999999999689e-02
3.838020000000000209e+00,-7.947140000000000107e-03,3.867310000000000192e-02
2.450629999999999953e+01,-4.705010000000000026e-01,-7.987579999999999333e-03
4.036699999999999733e+01,9.798529999999999740e-02,-3.834949999999999748e-01
3.211979999999999835e-01,-5.929890000000000242e-05,7.401340000000000393e-04
7.815659999999999741e+01,6.714059999999999473e-02,7.226689999999999503e-02
5.454679999999999751e+00,-6.090369999999999898e-04,-6.575949999999999851e-02
8.585049999999999670e+01,-1.525080000000000047e-01,-1.031959999999999961e-01
1.649950000000000117e+01,8.175250000000000225e-03,1.375860000000000138e-01
9.403940000000000410e+00,-2.011630000000000015e-02,1.050620000000000026e-01
2.116130000000000067e+01,2.245290000000000133e-02,-7.267389999999999961e-02
2.916679999999999939e+00,-2.808990000000000098e-02,-1.535069999999999856e-05
2.918580000000000041e+01,5.508699999999999708e-02,-2.963500000000000023e-01
6.218889999999999674e+01,-4.718379999999999797e-01,-4.008400000000000157e-02
2.392659999999999787e+00,-3.048209999999999874e-04,5.096849999999999992e-02
2.209730000000000061e+01,-5.525050000000000100e-02,-2.908990000000000187e-03
5.849159999999999826e+01,-2.592500000000000013e-02,-2.777640000000000109e-01
1.269030000000000058e+01,-4.617129999999999845e-02,1.460760000000000010e-02
5.213879999999999626e-01,-9.551749999999999223e-07,-4.940209999999999567e-03
4.887669999999999959e+01,-1.250640000000000085e-01,1.544949999999999934e-01
8.768899999999999295e+01,1.839709999999999956e-01,1.556480000000000086e-01
2.543080000000000140e+01,-3.650019999999999931e-01,-7.886970000000000092e-03
5.441360000000000241e+01,-5.625949999999999562e-01,-1.756280000000000037e-03
5.382650000000000290e+01,-2.966540000000000149e-02,-1.470220000000000138e-01
2.394979999999999976e+01,-5.255280000000000194e-03,-2.204579999999999873e-01
4.131630000000000358e+00,-4.111639999999999739e-02,-1.189190000000000044e-04
6.464589999999999748e+01,-3.356210000000000027e-01,-1.909059999999999924e-02
6.242499999999999716e+01,-5.849979999999999764e-02,2.877290000000000125e-01
5.961650000000000205e+01,3.388590000000000213e-01,9.325279999999999681e-02
3.462959999999999816e+00,6.663860000000000616e-02,6.152179999999999498e-04
1.994729999999999848e+01,-7.099750000000000505e-02,-7.339660000000000628e-02
2.890140000000000153e+00,-5.127089999999999946e-03,1.423770000000000070e-02
4.048839999999999861e+01,1.128470000000000029e-01,-1.481349999999999889e-01
4.421459999999999724e+01,-4.645820000000000158e-03,-3.264659999999999784e-01
2.272779999999999939e-02,-9.773560000000000069e-07,6.902399999999999656e-08
2.766580000000000081e-02,6.906979999999999820e-08,-1.987639999999999923e-07
4.569509999999999650e+01,-1.688709999999999933e-01,1.307450000000000001e-01
1.453640000000000043e+01,1.455009999999999915e-01,8.441739999999999661e-03
4.441119999999999735e+00,-3.982199999999999976e-03,7.855660000000000420e-02
5.861809999999999937e-02,9.221669999999999751e-06,-4.043530000000000209e-07
1.742539999999999978e+01,1.283249999999999946e-01,-7.901200000000000584e-03
6.047849999999999682e+01,-5.790819999999999995e-02,-4.667850000000000055e-01
2.595439999999999969e+01,2.704809999999999853e-02,3.804929999999999771e-04
3.116019999999999790e+00,1.158220000000000083e-02,-5.987010000000000075e-03
1.436159999999999926e+01,-5.608490000000000003e-02,6.023350000000000232e-02
8.139839999999999520e+01,-1.246440000000000048e-01,-1.395629999999999926e-01
5.973209999999999908e-01,-3.333859999999999959e-05,1.085750000000000065e-05
1.707410000000000094e+00,-1.304879999999999929e-02,-1.383379999999999959e-05
5.619699999999999918e+00,9.826440000000000521e-03,-1.578049999999999939e-02
4.793249999999999567e+00,-3.310599999999999654e-02,1.905430000000000058e-03
2.891220000000000123e+00,3.994670000000000165e-02,7.273310000000000062e-04
8.734969999999999857e+01,1.011539999999999939e-01,8.955860000000000209e-02
1.811890000000000028e-02,-6.356099999999999589e-07,5.488570000000000290e-08
1.960889999999999844e+01,1.629730000000000067e-02,-7.705700000000000049e-02
1.604789999999999850e+01,-6.835149999999999559e-02,4.462549999999999850e-02
1.476909999999999989e+01,1.934270000000000087e-02,-5.559780000000000277e-02
6.906210000000000093e+01,-3.155220000000000247e-02,-3.811539999999999928e-01
3.541159999999999997e+01,9.817640000000000741e-03,-1.026460000000000011e-01
1.741109999999999935e+00,-4.419450000000000114e-03,-1.488030000000000049e-05
1.350179999999999936e+01,1.291050000000000010e-02,1.300979999999999914e-01
5.615930000000000089e-01,-9.512519999999999473e-07,-2.815799999999999813e-03
6.336290000000000333e+01,-4.571259999999999768e-01,-6.086769999999999681e-02
1.263879999999999981e+01,-1.563759999999999872e-01,-2.855349999999999989e-03
6.046070000000000277e+01,-2.404749999999999943e-02,-3.310219999999999829e-01
8.215909999999999158e+00,-1.201630000000000059e-02,-2.016230000000000105e-02
1.025439999999999969e+02,1.186590000000000006e-01,-2.846440000000000081e-02
2.486009999999999920e+01,-8.688279999999999614e-03,-1.754120000000000124e-01
1.020690000000000026e+02,1.468369999999999953e-01,1.024329999999999963e-01
3.032349999999999923e+01,-2.858709999999999862e-01,3.959080000000000238e-03
4.543299999999999983e+01,1.713749999999999996e-01,-2.106780000000000042e-01
6.771250000000000568e+01,-4.938839999999999897e-02,-2.158400000000000041e-01
1.714699999999999891e+00,-1.174270000000000024e-05,-1.302900000000000065e-02
1.548420000000000074e-01,1.392229999999999943e-03,-1.080870000000000038e-05
1.152210000000000001e+01,-4.784640000000000052e-04,-8.495010000000000061e-02
3.839330000000000243e-01,4.539549999999999835e-03,8.112010000000000282e-06
8.848279999999999745e+01,-6.982979999999999743e-02,-6.461050000000000126e-02
4.176689999999999792e+00,3.334630000000000233e-02,-1.000209999999999988e-02
4.148830000000000240e+00,-8.580869999999999991e-04,8.127149999999999652e-02
2.343890000000000029e+01,-8.370340000000000419e-03,-2.234379999999999977e-01
5.385620000000000118e+01,6.197860000000000175e-02,-5.290099999999999802e-01
1.959639999999999915e+01,-7.746719999999999995e-02,1.223849999999999938e-02
2.201249999999999929e+01,3.106220000000000162e-02,5.022770000000000012e-02
4.580510000000000304e+00,6.702809999999999324e-02,-8.172789999999999222e-03
1.496380000000000043e+00,-3.201260000000000217e-02,-4.607629999999999793e-05
7.203050000000000352e+01,-8.241769999999999652e-02,-5.396460000000000146e-02
5.040359999999999729e+01,-1.606849999999999945e-02,-3.119460000000000011e-01
2.593799999999999883e+00,-4.215710000000000334e-05,-5.970550000000000163e-02
4.906640000000000157e+01,-5.404980000000000340e-01,1.044459999999999972e-01
3.829880000000000173e+00,-3.138920000000000230e-04,-7.880260000000000042e-02
8.776409999999999911e+01,-1.322270000000000043e-02,-3.918189999999999867e-02
3.118319999999999936e+01,2.786550000000000051e-03,-2.452729999999999910e-01
3.564339999999999731e-01,1.321219999999999903e-03,-8.330290000000000502e-05
2.920719999999999913e-02,-4.213709999999999951e-07,2.628930000000000235e-07
5.255039999999999711e-01,-1.716730000000000079e-04,5.500500000000000181e-03
2.228209999999999980e+01,-2.102709999999999996e-02,6.779930000000000678e-02
8.128279999999999461e+01,-2.039880000000000027e-01,-5.488169999999999854e-02
1.412429999999999986e+01,-3.408990000000000197e-03,-2.701359999999999872e-01
4.133489999999999753e+01,-2.758200000000000096e-01,-1.284670000000000083e-02
3.776269999999999794e+00,-7.357329999999999426e-02,6.897579999999999510e-04
9.591349999999999909e+01,1.777520000000000142e-02,1.281819999999999904e-01
2.173579999999999846e+00,-6.098219999999999899e-04,-9.432279999999999484e-04
7.093989999999999441e+01,-3.327660000000000062e-01,-6.267839999999999523e-02
1.077480000000000047e+02,-4.751799999999999601e-03,5.367089999999999708e-03
6.224009999999999820e+01,2.691970000000000196e-01,-1.406070000000000098e-01
4.438119999999999621e+00,-2.011939999999999909e-02,-1.030679999999999964e-04
9.987669999999999604e+00,-4.761470000000000069e-04,-2.157000000000000028e-01
2.775819999999999865e+01,-2.262550000000000117e-01,-3.592140000000000068e-04
9.884180000000000632e+01,1.393510000000000026e-01,1.969390000000000029e-01
3.625130000000000052e+01,-5.176359999999999850e-01,5.041579999999999673e-02
6.029339999999999833e+01,-3.327140000000000097e-01,1.749169999999999892e-01
8.705730000000000413e-01,1.986920000000000006e-02,-1.127299999999999998e-04
1.576710000000000056e+00,-4.969300000000000008e-05,-1.917620000000000088e-02
7.873120000000000118e-01,-1.406740000000000019e-04,1.259099999999999922e-04
3.136619999999999919e+01,-2.182929999999999870e-01,7.164069999999999596e-04
7.607599999999999341e+01,-2.800949999999999829e-01,-3.594139999999999835e-02
5.618420000000000414e+00,-1.498969999999999990e-02,8.056219999999999354e-03
1.488660000000000094e+00,-3.521189999999999737e-02,-1.295190000000000046e-05
4.633530000000000371e+00,-4.647390000000000375e-03,-5.603069999999999926e-03
3.408129999999999882e+01,-2.999220000000000219e-01,-5.807879999999999640e-03
5.450910000000000366e+00,-6.867049999999999543e-02,-6.099849999999999543e-04
2.909840000000000160e+01,-1.017900000000000055e-02,-3.283909999999999885e-01
7.661870000000000402e+01,1.747560000000000086e-02,2.955560000000000132e-02
8.854330000000000256e-01,1.031269999999999930e-03,-3.997560000000000262e-04
3.713419999999999987e+01,-5.108750000000000097e-02,2.829459999999999961e-02
7.322639999999999816e+01,1.005410000000000054e-01,2.288820000000000021e-01
2.748789999999999845e-01,-9.365129999999999898e-06,1.500150000000000028e-05
2.092160000000000153e+01,2.462040000000000062e-02,8.752780000000000282e-02
8.859149999999999636e+00,1.447990000000000041e-02,-3.250399999999999817e-02
3.714500000000000313e+01,-1.809040000000000092e-01,1.088159999999999961e-01
9.633899999999999864e+01,1.020889999999999992e-01,1.876809999999999867e-01
1.795700000000000074e+00,-1.139320000000000090e-03,5.885499999999999673e-04
6.901810000000000400e+01,-4.335220000000000046e-02,-2.057809999999999917e-01
8.535110000000000241e+01,8.533690000000000025e-03,-4.556430000000000202e-02
8.680200000000000671e+01,-1.672130000000000005e-01,-3.073110000000000078e-02
1.078989999999999938e+01,1.087209999999999982e-01,-2.467039999999999858e-02
3.943889999999999674e+01,-1.989759999999999862e-01,1.264599999999999891e-01
8.679070000000000107e+01,-3.877239999999999853e-02,-1.636579999999999979e-01
7.176649999999999352e+01,1.560989999999999878e-01,9.020730000000000415e-02
8.134569999999999368e+01,2.597550000000000137e-01,2.078530000000000100e-01
8.147329999999999472e+01,2.714940000000000131e-01,3.170769999999999977e-01
2.656680000000000064e+01,-4.182120000000000282e-02,-4.956320000000000170e-02
9.648479999999999279e+00,-5.100169999999999790e-04,-2.748300000000000048e-02
2.448339999999999961e+01,-8.647480000000000791e-03,-4.610810000000000186e-01
1.187889999999999890e+00,1.171039999999999955e-04,1.359299999999999918e-02
9.892889999999999873e+01,1.907169999999999976e-01,1.858400000000000052e-01
1.169740000000000002e+01,9.882959999999999662e-03,1.266879999999999951e-01
4.059440000000000026e+01,-3.481069999999999998e-01,-8.871220000000000841e-03
5.153079999999999927e+01,-1.132969999999999984e-02,-4.257770000000000166e-01
5.309709999999999752e+01,-1.941870000000000054e-02,-3.205749999999999988e-01
1.606070000000000064e+01,4.847329999999999695e-02,-6.855129999999999557e-02
1.524089999999999989e+01,-1.520209999999999895e-01,-1.022969999999999999e-03
8.799909999999999854e+01,2.631160000000000165e-01,2.759409999999999918e-01
3.229979999999999851e+00,-5.392549999999999861e-04,6.615179999999999672e-02
1.153040000000000037e-01,-5.505610000000000130e-06,3.918009999999999982e-04
4.235759999999999792e+01,-1.645590000000000108e-01,9.735979999999999634e-02
6.566769999999999996e+00,5.864550000000000318e-02,3.745720000000000126e-03
6.324589999999999934e-01,-1.686580000000000037e-05,-1.364710000000000017e-05
4.731389999999999674e+01,1.646990000000000121e-01,-1.706580000000000041e-01
2.083660000000000068e+01,1.089220000000000049e-01,1.623250000000000040e-02
1.812100000000000044e+00,1.812199999999999922e-02,-2.097649999999999949e-03
6.681489999999999441e+01,3.144750000000000045e-01,4.213060000000000138e-01
5.297099999999999653e+01,-3.267990000000000061e-01,-2.221940000000000026e-02
1.025540000000000020e+02,-2.724539999999999948e-02,1.134089999999999959e-01
7.495440000000000680e+01,3.857450000000000045e-01,4.521870000000000056e-01
4.162660000000000338e+01,-2.236440000000000095e-01,-1.348270000000000024e-02
4.489359999999999573e+00,1.047909999999999987e-02,2.163110000000000206e-03
1.180700000000000038e+01,6.416569999999999913e-03,-2.112789999999999946e-01
7.692619999999999791e+00,-2.489279999999999857e-04,-4.746369999999999756e-02
3.889009999999999678e+01,3.254019999999999829e-02,-1.495289999999999953e-01
2.743680000000000163e+01,-4.872859999999999969e-01,1.907309999999999908e-02
1.059179999999999922e+01,-2.139180000000000074e-03,-1.261670000000000014e-01
3.573620000000000019e+00,-2.646579999999999940e-03,6.634950000000000570e-02
6.129820000000000135e+01,-3.888910000000000283e-02,-6.552539999999999754e-02
8.466670000000000584e+01,-1.129519999999999968e-01,-1.485859999999999959e-01
2.390249999999999986e+01,-2.283969999999999889e-01,-5.616290000000000344e-03
1.018740000000000023e+01,-1.631669999999999995e-03,-1.754489999999999938e-01
4.806450000000000244e+01,-4.630400000000000071e-01,-2.084110000000000129e-02
3.017240000000000144e+00,-3.752569999999999886e-05,-1.886530000000000151e-02
2.754060000000000130e+01,1.422600000000000080e-02,2.017599999999999949e-02
1.755799999999999983e+01,1.794319999999999943e-02,1.235990000000000005e-01
1.484879999999999978e+00,-3.401110000000000244e-02,4.757440000000000312e-05
5.459889999999999466e-01,-4.855639999999999609e-03,-6.252910000000000370e-07
7.083629999999999427e+01,3.103710000000000080e-01,2.755909999999999749e-01
3.531530000000000058e+01,-9.636550000000000671e-02,6.025350000000000150e-02
4.891890000000000072e+01,1.753309999999999869e-01,-1.635230000000000017e-01
9.015130000000000621e+01,-2.639179999999999998e-02,-1.921839999999999937e-01
1.367469999999999963e+01,1.672730000000000050e-02,4.346030000000000032e-02
4.283920000000000172e+00,-4.110939999999999733e-02,-3.438400000000000148e-05
8.226670000000000016e+01,1.072759999999999964e-01,1.098269999999999941e-01
4.685000000000000142e+01,1.704620000000000024e-01,-2.605370000000000186e-01
5.513689999999999714e+01,-1.006530000000000064e-01,2.413659999999999972e-01
4.120779999999999887e+01,-4.694789999999999797e-01,9.318890000000000506e-02
2.303979999999999961e+01,3.658499999999999946e-02,-5.710009999999999739e-03
2.879849999999999799e+00,6.785220000000000403e-06,-2.748969999999999886e-02
5.916579999999999728e+01,2.205249999999999988e-01,-2.758860000000000201e-01
6.941010000000000235e-02,3.087900000000000009e-07,3.630390000000000257e-07
3.642759999999999998e+00,-4.095660000000000273e-02,9.484979999999999844e-04
1.526270000000000060e+01,-8.950849999999999996e-04,-1.454809999999999992e-01
7.940949999999999420e+01,-7.574680000000000302e-02,-1.790229999999999877e-01
1.980740000000000123e+01,1.140010000000000051e-01,1.939659999999999995e-02
1.027079999999999993e+00,-1.617769999999999929e-04,4.052889999999999917e-06
6.374139999999999873e+01,-4.315970000000000084e-01,-4.452960000000000251e-02
1.991270000000000095e+01,-8.517139999999999433e-02,-4.901169999999999832e-02
7.748539999999999850e+01,3.530170000000000252e-01,2.476869999999999905e-01
6.579210000000000491e+01,-4.967520000000000269e-02,-4.983019999999999811e-02
9.883499999999999375e+01,2.026090000000000113e-01,1.353779999999999983e-01
4.039540000000000219e+01,-3.902039999999999953e-01,9.981829999999999870e-02
4.435179999999999723e+01,8.310929999999999707e-02,-5.429000000000000492e-01
5.554140000000000299e+01,-3.341720000000000246e-01,-2.353020000000000111e-02
1.698679999999999912e-01,-1.200039999999999949e-05,1.830929999999999927e-03
5.099820000000000242e+00,-9.828739999999999699e-02,1.253640000000000093e-03
7.588979999999999393e+01,-9.196619999999999795e-02,-1.285489999999999966e-01
6.357690000000000197e+01,-4.411749999999999700e-02,-6.629720000000000057e-02
2.596239999999999881e+00,-6.082329999999999681e-02,-3.951879999999999846e-05
3.384320000000000306e+01,-2.057339999999999863e-02,-5.364569999999999617e-01
2.547559999999999825e-01,2.739089999999999892e-06,-2.829160000000000116e-06
4.232050000000000267e+01,-1.614339999999999942e-01,1.256450000000000067e-01
2.990720000000000045e+00,-3.714239999999999865e-05,-2.263410000000000075e-02
8.334929999999999950e+01,5.533969999999999861e-02,8.275169999999999748e-02
2.306040000000000134e+01,-7.954050000000000703e-03,3.717209999999999959e-02
9.139879999999999782e+00,-2.488740000000000049e-02,-1.273140000000000036e-02
6.689100000000000534e+01,-3.460369999999999835e-01,-5.483090000000000186e-02
4.005650000000000044e-01,2.944189999999999741e-04,-6.816120000000000056e-05
1.478110000000000035e+01,-5.805459999999999787e-02,1.949949999999999947e-02
3.445139999999999869e+00,1.696900000000000144e-02,-7.308890000000000178e-03
1.133599999999999941e+00,-5.838399999999999666e-04,1.031900000000000091e-03
1.413329999999999975e+00,-1.155750000000000093e-03,2.976089999999999812e-03
7.586059999999999803e+00,1.124890000000000057e-01,-1.026000000000000002e-02
1.489869999999999983e+01,-3.631419999999999787e-03,-1.755859999999999921e-01
2.363319999999999865e+00,-2.341909999999999999e-03,3.897579999999999795e-02
2.338690000000000069e+01,-2.477530000000000010e-01,2.765130000000000018e-02
7.736939999999999706e+00,-3.026610000000000216e-04,-3.799260000000000137e-02
5.816740000000000066e+01,2.988729999999999998e-01,3.624169999999999892e-01
4.715899999999999892e+01,1.114369999999999944e-01,1.154339999999999949e-01
6.818479999999999563e+01,-4.875469999999999804e-02,-3.097079999999999833e-01
6.074289999999999878e+01,-2.199200000000000044e-01,2.576109999999999789e-01
6.990730000000000111e+00,-1.225859999999999971e-02,9.557150000000000367e-02
6.284340000000000259e+01,-3.957860000000000267e-01,-3.465529999999999999e-02
7.786669999999999447e+01,-9.296790000000000609e-02,-4.046740000000000059e-02
8.021680000000000632e+01,-2.353760000000000019e-01,-9.481209999999999638e-02
8.417239999999999611e+01,-1.804119999999999890e-01,-1.060859999999999997e-01
3.969310000000000116e+00,-7.191610000000000190e-03,2.778919999999999828e-03
4.233749999999999858e+01,9.301560000000000383e-02,-1.630020000000000080e-01
1.004160000000000075e+01,7.425850000000000332e-03,1.198359999999999981e-01
1.882920000000000016e+01,-2.801230000000000039e-02,3.021439999999999890e-02
5.697670000000000101e+01,-4.218609999999999721e-02,-5.261160000000000281e-01
5.049699999999999989e+01,-1.698199999999999987e-01,1.744930000000000092e-01
6.546030000000000371e+01,-4.941360000000000197e-02,-3.515619999999999856e-01
8.684829999999999472e+01,1.494509999999999892e-03,2.168720000000000023e-02
7.136530000000000484e+01,-2.833809999999999940e-01,-6.431620000000000392e-02
5.181049999999999756e+01,-5.710450000000000248e-01,5.997870000000000285e-02
3.214300000000000068e+01,-3.282200000000000117e-01,5.787930000000000158e-02
9.379959999999999809e+01,-7.962289999999999646e-02,2.593950000000000075e-02
5.522849999999999682e+01,-1.930739999999999887e-02,-3.714700000000000224e-01
4.724369999999999692e+01,-3.361780000000000324e-02,-4.855769999999999809e-01
8.265200000000000102e+00,-1.402990000000000010e-03,-1.649229999999999863e-01
3.037240000000000162e+00,4.941430000000000128e-02,-3.792629999999999960e-03
4.317450000000000188e+01,-5.620209999999999928e-01,-2.524790000000000020e-02
7.757990000000000386e+00,-3.434190000000000268e-04,-2.209679999999999978e-02
8.384850000000000136e+00,-1.134489999999999934e-03,-1.461010000000000086e-01
3.457669999999999799e+00,-5.878139999999999581e-03,4.440840000000000065e-02
5.003130000000000166e+01,-3.044049999999999812e-01,1.812070000000000070e-01
2.705920000000000059e+01,-2.568349999999999800e-01,2.034059999999999861e-03
5.318960000000000354e-01,-5.282359999999999833e-03,1.499809999999999981e-07
2.548449999999999882e+00,2.997340000000000074e-02,-3.759039999999999951e-03
4.957560000000000144e+01,5.221250000000000197e-02,-5.798119999999999941e-01
1.584490000000000065e-01,1.443549999999999926e-05,-4.167620000000000257e-06
4.191360000000000086e-01,1.467989999999999963e-03,1.261900000000000065e-05
1.342629999999999946e+01,-1.467370000000000063e-01,1.231130000000000072e-02
4.588439999999999941e+01,-5.692030000000000145e-01,-3.272060000000000246e-02
3.470259999999999678e+01,-1.600300000000000056e-01,9.456789999999999641e-02
2.959999999999999964e+00,-2.853109999999999861e-05,-2.561379999999999907e-02
2.214110000000000156e+01,-3.139900000000000156e-03,-6.307210000000000594e-02
3.207130000000000081e+01,-5.256489999999999774e-02,7.828010000000000523e-02
3.204569999999999919e+00,-1.131999999999999977e-03,-3.026889999999999963e-03
1.188300000000000051e-01,2.906509999999999998e-07,-2.194619999999999835e-06
6.117690000000000339e+01,-1.319150000000000045e-01,-3.494950000000000140e-02
1.386350000000000016e+01,-2.462649999999999909e-02,-5.160239999999999966e-02
6.096889999999999787e+01,-4.519380000000000064e-01,-4.160950000000000065e-02
1.196210000000000051e-01,7.448750000000000045e-07,5.143580000000000058e-07
7.235629999999999562e+00,2.413620000000000002e-03,-2.178559999999999872e-02
4.987440000000000206e-01,-8.439870000000000358e-03,-3.051540000000000179e-06
5.318299999999999983e+01,1.227919999999999984e-01,-4.803930000000000144e-01
9.760680000000000689e+01,2.024809999999999943e-01,1.138060000000000044e-01
1.780590000000000117e+01,-6.933949999999999836e-02,3.147099999999999898e-02
6.509120000000000061e+01,-4.451700000000000101e-01,-3.507520000000000082e-02
3.075159999999999982e+01,-2.736350000000000171e-01,2.178610000000000095e-03
5.700909999999999656e+01,-5.407440000000000024e-01,-3.919929999999999942e-02
5.641159999999999997e+01,-4.621910000000000185e-01,-2.116619999999999960e-02
4.338230000000000142e-01,1.159280000000000020e-05,-7.565869999999999714e-04
3.867709999999999898e-02,9.851590000000000140e-08,-1.348930000000000102e-06
1.000520000000000067e+02,1.048749999999999960e-01,-7.581069999999999476e-02
2.571549999999999780e+00,4.815099999999999936e-02,-1.886590000000000055e-03
4.103089999999999904e+00,-2.295639999999999833e-03,-5.277160000000000357e-03
3.234059999999999935e+00,6.710720000000000574e-02,-5.041340000000000491e-04
2.441809999999999814e+00,-1.855019999999999976e-03,-2.944650000000000005e-05
7.993460000000000321e+01,1.645210000000000006e-01,2.317160000000000053e-01
6.380669999999999931e+01,-3.134239999999999804e-01,2.723149999999999876e-02
2.627439999999999998e+00,1.913400000000000170e-02,-4.416259999999999977e-03
1.577960000000000029e+01,2.182030000000000081e-02,3.764359999999999928e-02
7.073210000000000264e+01,-1.277820000000000067e-01,-2.704660000000000050e-02
1.503009999999999913e+01,-3.057779999999999873e-02,1.096459999999999935e-01
3.541669999999999874e+01,2.897790000000000088e-02,-1.290489999999999970e-01
6.097549999999999670e+01,-2.141500000000000070e-01,-3.498219999999999802e-02
7.742580000000000240e+00,-1.957079999999999931e-02,-3.126340000000000022e-04
6.792430000000000234e+01,-5.965990000000000182e-02,-6.225340000000000040e-02
9.448709999999999809e+01,9.963629999999999709e-02,-1.068060000000000016e-02
5.102550000000000097e+01,-1.196409999999999973e-01,-2.021840000000000095e-02
2.977990000000000137e+00,-2.267270000000000049e-02,-4.373139999999999943e-05
5.235000000000000142e+01,-6.437900000000000567e-02,-5.108230000000000270e-01
7.799469999999999459e+01,-1.990260000000000085e-01,-4.243009999999999837e-02
3.200990000000000180e+01,1.269230000000000098e-03,-9.102290000000000381e-02
4.652810000000000201e+01,-5.350319999999999521e-01,-3.241630000000000206e-02
6.072279999999999944e+01,2.530029999999999779e-01,-2.124409999999999910e-01
4.368670000000000186e+01,-3.689419999999999922e-01,-4.286070000000000331e-03
5.512590000000000146e+01,2.357039999999999969e-01,3.050660000000000038e-01
1.503509999999999991e+01,2.536599999999999966e-03,-7.141699999999999438e-02
6.070559999999999690e+01,-2.818820000000000214e-01,-3.269040000000000140e-02
1.135299999999999976e+01,-2.608720000000000136e-02,-2.856710000000000152e-02
8.893910000000000426e-01,-7.189370000000000591e-05,-3.283300000000000227e-05
4.722359999999999758e+01,1.499910000000000132e-01,-5.527170000000000000e-02
1.900280000000000058e+01,-3.585329999999999906e-01,-7.000199999999999825e-03
1.357850000000000001e+01,1.473800000000000110e-01,-4.908169999999999894e-03
5.834629999999999939e+01,-2.787569999999999770e-01,-3.062140000000000001e-02
6.688079999999999359e+01,4.900680000000000036e-01,4.637439999999999896e-01
1.756289999999999907e+01,2.288070000000000034e-02,-1.284140000000000004e-01
8.220789999999999154e+00,-3.633469999999999756e-04,-1.803109999999999991e-01
1.351810000000000045e+01,1.309559999999999891e-01,1.351240000000000080e-02
5.302439999999999998e+01,1.895020000000000038e-01,-3.251760000000000206e-01
2.666629999999999967e+01,-6.885990000000000166e-02,-6.253039999999999987e-02
1.061320000000000050e+02,4.844890000000000307e-02,-5.406059999999999859e-03
8.609730000000000771e+00,-3.163259999999999683e-02,2.818889999999999937e-02
5.702870000000000061e+01,-1.955000000000000140e-02,-4.930899999999999728e-01
1.381429999999999936e+01,-8.088660000000000294e-02,-6.777629999999999549e-04
1.102910000000000057e+00,-7.149409999999999706e-04,2.416769999999999943e-03
3.653329999999999700e+01,1.005120000000000041e-01,-1.062560000000000032e-01
8.011010000000000275e+01,3.089040000000000119e-01,2.422370000000000079e-01
6.169959999999999667e+01,-4.774990000000000068e-01,-9.292949999999999822e-02
9.427049999999999841e+01,2.399759999999999949e-01,2.369439999999999880e-01
4.392730000000000246e+00,-8.174319999999999351e-05,-3.310280000000000167e-02
8.531589999999999918e+01,-4.812870000000000342e-02,7.021460000000000201e-03
4.567620000000000147e+01,1.260910000000000086e-01,-1.664299999999999946e-01
4.789320000000000022e+00,1.891560000000000030e-03,-3.201360000000000317e-02
4.538750000000000284e+00,-8.689139999999999711e-03,1.194069999999999984e-03
3.958149999999999835e+00,-3.054089999999999756e-04,-6.357490000000000363e-02
3.835419999999999940e-01,8.018139999999999773e-06,4.566350000000000270e-03
6.911750000000000682e+01,-3.424749999999999739e-01,-4.183540000000000175e-02
5.999869999999999948e+01,-1.641569999999999835e-02,-3.763310000000000266e-01
5.400860000000000127e+01,-4.550719999999999765e-01,-1.339970000000000050e-02
2.584150000000000058e-01,-2.893260000000000146e-05,2.408389999999999891e-04
5.059949999999999903e+01,-2.585310000000000108e-01,-1.977850000000000094e-02
6.446259999999999479e+01,-4.296409999999999951e-01,-3.863180000000000086e-02
3.192099999999999937e+01,-3.598380000000000328e-02,-7.133670000000000289e-02
5.861199999999999743e-01,-1.297059999999999945e-04,3.378979999999999961e-04
5.204670000000000130e+01,-1.268100000000000060e-01,1.973380000000000134e-01
6.379780000000000229e+01,-4.281780000000000308e-02,-4.132219999999999782e-01
1.804220000000000113e+01,-1.946100000000000052e-01,2.127000000000000071e-02
7.341660000000000075e+00,3.259039999999999886e-05,-6.957430000000000558e-02
5.589189999999999969e+01,2.075909999999999977e-01,-3.465770000000000239e-01
1.027099999999999902e+00,1.216779999999999961e-04,-2.420669999999999983e-04
2.301239999999999952e+01,-7.064689999999999859e-02,-8.145319999999999297e-03
4.177669999999999995e-02,-8.087090000000000188e-07,3.415640000000000005e-07
3.438259999999999650e+01,-8.253560000000000063e-02,8.857819999999999583e-02
3.365630000000000166e+01,-4.962639999999999933e-03,-5.628049999999999997e-01
8.635939999999999372e+01,-1.268110000000000070e-01,-1.296809999999999907e-01
2.982379999999999853e+01,-3.829350000000000254e-01,5.271900000000000197e-02
3.549459999999999837e+00,-2.432209999999999928e-02,1.048899999999999963e-03
1.735630000000000095e+01,-4.856390000000000359e-03,-2.032380000000000020e-01
3.000309999999999921e-01,-1.833639999999999947e-06,-2.834839999999999860e-08
4.161679999999999779e+01,-4.634510000000000018e-01,-2.366650000000000004e-02
1.329560000000000031e+01,-2.514589999999999881e-02,1.176210000000000033e-01
1.030840000000000032e+02,-8.958850000000000147e-02,7.385579999999999923e-02
1.238679999999999914e+01,1.197789999999999966e-02,1.067509999999999987e-01
1.742249999999999943e+01,7.455710000000000115e-02,-4.870850000000000180e-02
2.073479999999999990e+00,2.270360000000000086e-02,3.734470000000000042e-04
5.145979999999999999e-02,2.279439999999999982e-06,-1.590749999999999868e-07
2.650809999999999889e+01,-2.636899999999999800e-01,-1.545490000000000058e-03
3.192530000000000001e+01,-2.305729999999999932e-02,-1.320489999999999997e-01
7.025769999999999982e+01,6.177910000000000346e-02,7.552109999999999379e-02
8.654110000000000014e+01,1.966960000000000097e-01,2.243819999999999981e-01
6.577899999999999858e-01,-1.981990000000000043e-04,6.299730000000000347e-04
2.001069999999999993e+01,-2.425630000000000008e-01,-7.465349999999999937e-03
2.380679999999999907e+01,3.165990000000000037e-03,6.040100000000000330e-02
3.022940000000000071e-01,7.225269999999999783e-03,-3.718449999999999948e-06
4.286059999999999803e+01,-4.012519999999999976e-01,1.157549999999999968e-01
1.562429999999999986e+01,1.643630000000000091e-02,-1.664160000000000084e-01
1.071919999999999931e+02,1.270869999999999986e-02,-6.875440000000000024e-03
2.211710000000000065e+01,-1.082469999999999960e-01,3.298090000000000049e-02
7.849559999999999604e+01,1.909299999999999886e-01,1.320139999999999925e-01
1.074339999999999975e+02,1.154110000000000032e-02,1.319749999999999916e-02
8.228519999999999612e+00,-1.837600000000000067e-01,-3.355009999999999850e-04
2.365600000000000147e+00,4.017529999999999712e-02,-2.349710000000000080e-03
5.642340000000000089e+01,7.018329999999999708e-03,-5.089770000000000127e-01
5.127439999999999776e-01,2.608649999999999833e-05,-3.138010000000000132e-05
5.799730000000000274e+01,-3.391609999999999903e-01,-3.232610000000000344e-02
6.911950000000000216e+01,-4.297970000000000262e-02,-3.273940000000000183e-01
3.179820000000000135e+01,-1.339809999999999890e-01,1.131080000000000019e-03
5.198070000000000190e-01,2.413390000000000012e-04,-9.669010000000000452e-05
7.288769999999999527e+01,1.017279999999999990e-01,5.220940000000000303e-02
3.837470000000000159e+00,7.790720000000000110e-03,-8.122749999999999762e-03
4.030850000000000222e+01,-2.458209999999999909e-02,-5.302540000000000031e-01
2.602829999999999866e-01,-9.949140000000000427e-06,5.755399999999999926e-03
5.861050000000000182e+01,1.636640000000000039e-01,-3.683670000000000000e-01
5.202779999999999916e+01,-1.939680000000000015e-01,2.332410000000000039e-01
7.609139999999999304e+01,1.993489999999999984e-01,3.368090000000000250e-01
4.239779999999999660e+01,1.860450000000000038e-03,-6.107069999999999999e-01
4.482730000000000048e-02,-7.305599999999999985e-07,-1.677330000000000038e-08
9.657819999999999538e+01,1.734360000000000068e-01,2.187870000000000092e-01
1.264760000000000062e+01,-2.849019999999999851e-03,-1.499010000000000065e-01
9.669219999999999970e+01,-4.966319999999999762e-02,9.132510000000000627e-02
6.977899999999999636e+01,-4.791870000000000157e-02,-2.139820000000000055e-01
1.103089999999999904e+00,2.748599999999999915e-03,-7.639489999999999866e-04
1.530620000000000047e+01,-4.670760000000000189e-02,-3.532049999999999773e-02
3.857399999999999807e+01,1.071109999999999979e-01,-1.293219999999999925e-01
8.628770000000000095e+01,1.322850000000000137e-01,1.468069999999999931e-01
8.271420000000000883e+00,-1.689080000000000026e-01,-1.378979999999999919e-03
6.251270000000000238e+01,3.712739999999999929e-01,1.458480000000000054e-01
2.263549999999999951e+00,-2.473050000000000075e-03,2.378330000000000114e-03
1.890030000000000143e+01,-3.833619999999999806e-01,-6.048899999999999633e-04
6.290639999999999787e+01,-2.990120000000000000e-01,1.057639999999999969e-01
4.866080000000000183e+01,1.834629999999999872e-01,-2.445660000000000056e-01
3.007200000000000095e+00,6.196589999999999737e-02,-1.313850000000000087e-03
7.586579999999999302e+01,2.161569999999999880e-01,1.178580000000000044e-01
3.959870000000000090e+01,-3.802579999999999849e-03,-6.013570000000000304e-01
5.207849999999999824e+01,-1.731610000000000094e-01,2.211190000000000100e-01
7.239889999999999937e+00,-2.394759999999999944e-02,4.874350000000000210e-02
1.011439999999999978e-01,-2.598800000000000004e-06,1.221009999999999894e-07
1.884700000000000131e+01,-3.669319999999999804e-01,8.166819999999999982e-03
3.563569999999999793e-01,-7.896439999999999904e-05,1.196000000000000014e-03
9.295379999999999754e+00,6.873620000000000424e-03,-6.414350000000000607e-02
6.434949999999999726e+00,-7.815860000000000862e-03,1.008379999999999971e-01
1.269420000000000037e+01,1.461459999999999981e-01,6.968720000000000296e-03
3.546549999999999869e+00,1.041379999999999953e-03,-2.349980000000000124e-02
2.669640000000000057e+01,-9.426650000000000307e-02,-8.362219999999999376e-02
4.817170000000000130e+01,-1.146579999999999960e-01,-1.316849999999999965e-02
1.185399999999999920e+01,1.478889999999999927e-01,-4.087290000000000367e-03
3.286509999999999820e+01,-5.177489999999999870e-02,6.810190000000000687e-02
2.122399999999999842e+00,-2.482770000000000029e-03,3.888659999999999946e-03
5.177450000000000330e+01,5.768419999999999798e-02,-5.594419999999999948e-01
7.968149999999999622e+00,5.382800000000000085e-03,6.668330000000000091e-02
1.811890000000000028e-02,4.671940000000000309e-09,3.050769999999999994e-07
9.761759999999999593e+01,1.174189999999999956e-01,1.966070000000000040e-01
5.560580000000000211e+01,-3.449409999999999976e-02,-4.848290000000000100e-01
3.486059999999999803e+01,-2.091389999999999916e-02,-4.484270000000000200e-01
6.132399999999999807e+01,-4.035409999999999692e-02,-4.553590000000000138e-01
2.460790000000000077e+01,-7.715529999999999958e-03,-1.984650000000000025e-01
3.058249999999999957e+01,4.433679999999999739e-03,-5.347399999999999931e-01
9.344840000000000091e-02,-2.875809999999999915e-06,1.387299999999999948e-04
4.552420000000000044e+01,1.136479999999999990e-01,7.166089999999999960e-02
2.050159999999999982e+01,1.126639999999999933e-02,3.330990000000000339e-02
1.194579999999999975e+00,2.179079999999999906e-02,-6.105509999999999757e-04
9.629999999999999716e+01,-1.697150000000000047e-01,1.353979999999999941e-02
4.913829999999999920e+00,3.588229999999999892e-02,-1.331350000000000068e-02
6.813540000000000418e+01,2.432829999999999993e-01,3.580309999999999881e-01
4.390879999999999939e+01,1.526790000000000092e-01,-1.766840000000000077e-01
4.058279999999999887e+00,-6.143000000000000023e-03,-4.838210000000000015e-04
2.528679999999999950e+01,-9.873619999999999619e-03,-7.201920000000000543e-02
4.717620000000000147e+01,1.526280000000000137e-01,5.275479999999999753e-02
1.471859999999999946e+00,1.874889999999999890e-02,-1.297739999999999918e-03
6.817459999999999809e+01,-3.839580000000000076e-02,-3.795410000000000172e-01
1.879400000000000048e+01,-1.365079999999999905e-01,-1.052100000000000040e-03
6.338719999999999999e+01,-2.846100000000000019e-02,-2.185779999999999945e-01
9.937350000000000705e+01,1.413500000000000034e-01,-1.344249999999999959e-02
5.145829999999999849e-02,-5.268279999999999844e-08,-8.665369999999999990e-08
4.919349999999999667e+00,-5.509719999999999895e-02,1.725750000000000070e-03
1.638129999999999953e+01,1.057469999999999938e-01,2.034650000000000000e-02
9.475079999999999814e+01,-6.661639999999999923e-03,-1.867479999999999973e-01
1.646069999999999922e+01,-1.420629999999999983e-02,2.531440000000000079e-02
8.802099999999999369e+00,-3.091389999999999850e-03,1.333940000000000126e-01
3.296980000000000049e-02,9.521349999999999427e-08,-7.666780000000000311e-07
6.553289999999999615e+00,-1.247980000000000061e-01,2.051840000000000087e-03
1.337010000000000032e+00,5.151389999999999615e-04,-6.378220000000000200e-04
3.543829999999999814e+01,-1.287580000000000113e-01,3.237480000000000219e-02
2.785930000000000017e+00,5.501589999999999953e-02,-1.623510000000000101e-03
3.853629999999999711e+01,-4.555489999999999817e-01,7.467849999999999488e-02
1.189100000000000046e+00,1.351169999999999975e-02,1.190209999999999977e-04
3.515610000000000213e+01,-1.036899999999999974e-02,-1.986920000000000075e-01
4.671119999999999806e+01,-3.380300000000000145e-03,-3.741300000000000181e-01
3.794980000000000331e+01,-2.856229999999999880e-02,-4.732129999999999947e-01
3.320559999999999690e+01,-2.083270000000000122e-01,7.817240000000000300e-02
3.017190000000000083e+01,-4.443339999999999790e-02,-1.193929999999999991e-01
7.585970000000000368e+01,1.112879999999999980e-01,2.184760000000000035e-01
3.486129999999999995e+01,-4.636199999999999766e-01,-2.026520000000000057e-02
8.005610000000000781e+00,2.699679999999999875e-03,1.220789999999999931e-01
6.708809999999999718e+01,-4.252909999999999746e-01,-2.807660000000000017e-02
8.966169999999999618e+01,-1.349360000000000004e-01,-7.933139999999999636e-02
4.794160000000000110e+01,-6.101149999999999629e-01,-3.842720000000000163e-02
8.255110000000000525e+01,1.659130000000000049e-01,2.057609999999999995e-01
3.428309999999999746e+01,-1.623749999999999846e-02,-4.871449999999999947e-01
6.971869999999999834e+01,-2.339139999999999969e-03,-7.489840000000000386e-02
1.123590000000000089e+01,-1.058710000000000068e-01,-1.860610000000000063e-04
3.851709999999999923e+01,-7.944619999999999460e-03,-2.147590000000000054e-01
8.789910000000000423e+01,2.475189999999999890e-01,2.200280000000000014e-01
3.832580000000000098e+01,1.064009999999999956e-01,-2.439679999999999904e-01
3.108970000000000056e+01,-2.503369999999999762e-01,1.938730000000000054e-03
1.173990000000000045e+01,-9.425309999999999244e-03,-5.019560000000000168e-04
5.099190000000000111e+01,-1.946219999999999895e-02,-2.107479999999999909e-01
4.583699999999999997e-01,-4.500540000000000112e-05,7.457209999999999707e-05
1.070809999999999995e+01,3.817890000000000172e-02,-4.385209999999999803e-02
7.152250000000000441e+00,9.973990000000000633e-02,4.147320000000000347e-03
8.112229999999999563e+01,-1.820299999999999974e-01,-1.312750000000000028e-01
9.376330000000000098e+01,2.736939999999999859e-02,-8.680400000000000615e-02
4.563629999999999853e+01,-1.312599999999999878e-01,1.074989999999999973e-01
2.560650000000000048e+01,-1.991290000000000004e-01,4.772939999999999822e-02
4.744239999999999924e+01,-3.053370000000000251e-01,-1.089739999999999980e-02
9.363790000000000191e+01,5.850650000000000295e-02,1.323020000000000029e-01
1.898839999999999861e+01,-7.110260000000000191e-03,-3.498669999999999836e-01
6.547899999999999920e+01,-3.645709999999999784e-01,-4.647849999999999898e-02
9.158140000000000214e+01,1.654150000000000065e-01,2.068629999999999913e-01
7.441790000000000305e+01,-1.512280000000000013e-01,1.550240000000000038e-03
8.961230000000000473e+01,-8.611330000000000373e-02,-1.441280000000000061e-01
3.019149999999999889e-01,-3.945420000000000081e-06,7.123909999999999791e-03
4.011529999999999774e+01,1.281680000000000041e-01,-1.603070000000000050e-01
1.404560000000000031e+00,-4.242900000000000187e-04,2.917820000000000136e-02
6.978619999999999379e+01,-3.884070000000000022e-01,-4.352799999999999725e-02
1.373080000000000034e+01,-7.003149999999999653e-03,-5.850380000000000164e-02
6.257500000000000284e+01,4.298830000000000151e-01,3.279529999999999945e-01
5.039679999999999893e+01,-2.263330000000000064e-01,2.006630000000000080e-01
2.462460000000000093e+01,-8.610980000000000717e-03,-4.331869999999999887e-01
7.366150000000000375e+01,-2.146359999999999935e-01,-8.037489999999999912e-02
1.502800000000000047e+01,-7.031080000000000663e-02,-1.435199999999999974e-03
4.808769999999999811e+01,-2.007060000000000094e-02,-4.438670000000000115e-01
5.703150000000000119e+01,-5.114689999999999515e-01,-1.924889999999999934e-02
6.587149999999999750e+01,-3.534539999999999904e-02,-4.051219999999999821e-01
5.860949999999999704e+01,-2.115460000000000118e-01,-3.302150000000000224e-02
9.961249999999999716e+00,2.229259999999999835e-03,-2.074469999999999925e-01
4.049280000000000435e+00,-9.339810000000000473e-03,1.650439999999999893e-02
5.210479999999999734e+01,-4.154840000000000200e-01,-1.486260000000000012e-02
2.589640000000000164e+00,-5.871459999999999874e-02,1.501560000000000037e-04
1.011429999999999968e-01,5.843469999999999848e-07,-1.478980000000000026e-06
2.383099999999999952e+01,6.231210000000000221e-02,4.636379999999999842e-03
6.865259999999999696e-01,3.426450000000000155e-03,-3.257429999999999744e-04
7.366360000000000241e+01,4.581239999999999757e-01,4.625719999999999832e-01
1.860119999999999996e+00,3.258400000000000185e-02,3.037930000000000101e-04
7.002020000000000266e+01,-4.830129999999999840e-02,-5.828189999999999760e-02
6.958020000000000493e+01,4.216779999999999973e-01,3.938360000000000194e-01
1.205259999999999998e+01,-5.062880000000000158e-02,2.440969999999999945e-02
8.790529999999999688e+01,2.179790000000000061e-01,2.466869999999999896e-01
8.017120000000000246e+00,-2.573409999999999934e-02,4.988389999999999665e-03
4.057560000000000144e+01,5.933410000000000073e-02,-1.002620000000000039e-01
2.654309999999999903e+01,-1.035019999999999994e-03,-2.526800000000000157e-01
6.948249999999999815e+00,-6.140969999999999936e-03,1.136299999999999949e-01
5.952250000000000085e+01,-4.112759999999999749e-01,9.342169999999999641e-02
4.106959999999999944e+00,1.460740000000000085e-03,4.150029999999999691e-02
6.084709999999999752e+01,-2.774870000000000114e-02,-2.787220000000000253e-01
1.175959999999999894e+00,-3.066230000000000084e-04,9.843839999999999589e-05
3.617130000000000067e-01,3.526509999999999885e-06,-3.524230000000000053e-06
3.890659999999999741e+01,-1.497090000000000087e-01,3.654849999999999766e-02
3.935779999999999745e+01,-3.880310000000000148e-01,-1.443310000000000079e-02
5.345609999999999928e+01,-1.933990000000000015e-02,-2.694369999999999821e-01
2.115479999999999805e+00,-2.848980000000000089e-03,1.523990000000000067e-02
3.328999999999999915e+01,-4.931749999999999745e-01,4.153550000000000297e-02
7.175509999999999877e+01,8.402590000000000059e-02,1.611710000000000087e-01
3.210589999999999833e+01,8.064090000000000147e-02,-1.341469999999999885e-01
1.080610000000000070e+02,2.546140000000000122e-03,3.509539999999999795e-03
5.019409999999999705e+00,1.541030000000000091e-03,-7.480699999999999850e-02
5.891650000000000276e+00,-1.544210000000000027e-02,6.127570000000000239e-02
6.425719999999999743e+01,-5.000639999999999946e-02,-4.368549999999999933e-01
9.920069999999999766e+01,-1.498829999999999885e-01,4.991380000000000122e-02
2.425359999999999872e+01,-2.203549999999999953e-01,-6.887289999999999905e-03
9.946099999999999852e+01,-1.942919999999999925e-01,1.736899999999999902e-02
1.651170000000000027e+00,2.441170000000000041e-06,-1.579380000000000020e-02
9.802209999999999468e+01,-2.042750000000000121e-01,1.045120000000000077e-02
6.393440000000000012e+00,6.836540000000000325e-03,-1.881149999999999836e-02
7.179170000000000584e+01,-6.546839999999999604e-02,-2.104729999999999934e-01
1.030699999999999932e+02,1.139119999999999994e-01,1.100269999999999998e-01
8.207489999999999952e+00,-1.768760000000000054e-01,1.527200000000000042e-03
1.129260000000000019e+01,8.441260000000000430e-02,-3.800610000000000099e-02
5.689050000000000296e+01,1.720869999999999900e-01,-4.003700000000000037e-01
5.816140000000000043e+01,1.615060000000000107e-01,3.516250000000000209e-01
2.195530000000000115e+01,-2.360199999999999798e-03,-1.298410000000000120e-01
3.943359999999999843e+01,-3.169759999999999800e-01,1.036239999999999939e-01
4.181719999999999970e+01,1.169440000000000063e-01,-3.233880000000000088e-01
5.758379999999999654e+01,-3.243980000000000197e-01,2.145960000000000090e-01
7.974299999999999500e+01,-4.375880000000000047e-02,-9.347020000000000328e-02
2.486499999999999844e+01,-3.564549999999999663e-02,-6.819909999999999861e-02
2.050760000000000005e+01,-3.145020000000000107e-03,-1.955749999999999988e-01
1.168200000000000038e+01,-2.059439999999999882e-02,1.214660000000000045e-01
1.139980000000000082e+01,-1.252999999999999947e-01,8.915569999999999398e-03
1.861820000000000164e+01,-1.565690000000000137e-01,-6.766499999999999945e-04
4.269120000000000203e+01,-6.042980000000000018e-01,-2.516320000000000015e-02
4.552729999999999677e+01,6.856980000000000020e-02,1.175960000000000061e-01
3.539489999999999981e+01,-4.875700000000000173e-03,-4.058010000000000089e-02
1.436480000000000068e+01,1.346469999999999889e-01,-1.817409999999999859e-02
2.632649999999999935e+01,-2.338329999999999922e-02,-6.567449999999999850e-03
7.389820000000000277e+01,-1.374400000000000066e-01,-8.456610000000000515e-02
3.883990000000000009e+01,8.403019999999999934e-02,-1.362389999999999990e-01
1.474489999999999945e+01,-6.542950000000000155e-02,2.872289999999999913e-02
7.925320000000000675e+01,5.138439999999999674e-02,9.611069999999999336e-03
2.421950000000000003e+01,1.664229999999999876e-02,-3.874480000000000146e-01
7.885020000000000095e+01,2.853939999999999810e-01,3.579249999999999932e-01
7.535110000000000241e+01,-7.870370000000000144e-02,-2.522960000000000202e-01
1.386100000000000065e+01,-4.914580000000000337e-02,-2.789169999999999844e-02
3.018509999999999849e+01,-1.179489999999999983e-01,-4.228950000000000070e-02
5.773420000000000130e+01,-4.532140000000000057e-01,1.010599999999999971e-01
2.158790000000000120e+01,-6.923329999999999762e-02,-8.889339999999999742e-02
1.037800000000000011e+01,-1.650959999999999928e-01,-1.939100000000000025e-03
2.203069999999999951e+01,-1.155909999999999924e-02,-3.490050000000000097e-01
9.589000000000000057e+01,1.344579999999999942e-01,1.496770000000000045e-02
3.125850000000000151e+01,3.966340000000000143e-02,-3.330690000000000039e-02
8.350390000000000867e+00,6.394600000000000284e-03,4.332869999999999777e-02
3.867770000000000236e-02,-1.690320000000000064e-06,5.432430000000000027e-08
6.451749999999999829e+01,-2.220719999999999916e-01,1.145869999999999944e-01
3.614329999999999821e+00,-4.073529999999999686e-03,-1.385809999999999906e-03
2.964369999999999905e+01,-2.109799999999999870e-02,6.484220000000000261e-02
1.744560000000000111e+00,-1.643610000000000006e-05,-4.967769999999999825e-03
7.504279999999999973e+01,-3.059569999999999998e-02,1.989370000000000027e-02
4.184360000000000213e+01,-3.298300000000000121e-01,1.180520000000000042e-01
5.644659999999999656e+01,-2.898759999999999878e-02,-6.136540000000000050e-02
1.950469999999999970e+01,-8.911080000000000390e-02,2.966420000000000168e-02
2.971989999999999910e+01,-2.951779999999999959e-01,-1.879369999999999999e-03
4.481900000000000261e+01,-6.082929999999999726e-01,4.661499999999999672e-02
3.687460000000000182e+00,6.001680000000000209e-02,1.177689999999999900e-03
6.870569999999999311e+01,-5.128640000000000282e-02,5.004789999999999933e-02
5.888869999999999827e+00,8.712090000000000112e-02,2.881729999999999882e-03
3.170660000000000167e+01,-1.472910000000000018e-02,-4.193129999999999913e-01
1.063359999999999950e+01,8.895039999999999891e-03,1.018629999999999952e-01
1.557099999999999973e+01,-1.509790000000000021e-01,4.973640000000000309e-04
8.439660000000000650e+01,3.737170000000000075e-02,1.885650000000000000e-03
6.306750000000000256e+01,-3.272520000000000290e-02,-4.394460000000000033e-01
8.067299999999999471e-01,1.759809999999999847e-02,-1.363469999999999873e-04
2.122769999999999868e+01,-1.946080000000000032e-01,-1.530710000000000013e-03
6.666410000000000480e+01,2.857060000000000155e-01,1.066570000000000018e-01
6.507369999999999877e+00,-1.008259999999999972e-03,-1.694259999999999863e-02
6.939300000000000068e+01,2.688349999999999906e-01,2.143869999999999942e-01
1.404720000000000013e+01,-5.282550000000000440e-04,-2.925300000000000122e-01
5.964829999999999899e+01,3.866330000000000044e-01,2.787510000000000265e-01
2.091769999999999996e+01,-2.009990000000000110e-01,-7.780309999999999917e-04
5.637109999999999843e+01,-2.696779999999999733e-01,2.368049999999999877e-01
5.973309999999999453e-01,5.587879999999999768e-05,-6.100919999999999857e-05
1.809669999999999845e+01,6.437440000000000002e-03,-7.729719999999999647e-02
4.178509999999999991e+01,-1.302069999999999964e-02,-2.294480000000000131e-01
7.237330000000000041e+01,3.178269999999999967e-03,-2.616639999999999938e-02
1.378919999999999868e-01,3.261300000000000014e-06,-1.861649999999999997e-06
2.885930000000000106e+00,-4.972390000000000143e-03,2.495150000000000146e-02
4.576100000000000279e+00,-8.146469999999999406e-03,6.491979999999999973e-02
8.514449999999999363e+01,1.637309999999999877e-01,1.910729999999999928e-01
1.224820000000000064e+01,3.230639999999999901e-03,1.483669999999999954e-02
9.666610000000000014e+01,9.616130000000000511e-02,-5.509470000000000339e-02
2.302749999999999986e+01,-4.625090000000000104e-03,-6.960130000000000483e-02
1.817370000000000019e+01,-2.812920000000000004e-02,1.086600000000000066e-01
3.204509999999999970e+00,-2.475740000000000145e-03,-1.759069999999999948e-03
5.603119999999999834e+01,-2.050060000000000077e-02,-2.745940000000000047e-01
3.301489999999999814e+00,7.944140000000000576e-03,-6.304790000000000220e-03
2.607749999999999790e+00,-1.450169999999999975e-04,-5.410700000000000232e-02
5.163420000000000343e+00,9.742169999999999996e-02,-1.184170000000000014e-03
4.754229999999999845e-01,6.924589999999999883e-06,-9.369209999999999344e-03
1.153290000000000010e-01,4.325649999999999894e-04,-5.806160000000000158e-06
3.429849999999999710e+01,-5.025720000000000187e-01,-1.655500000000000027e-02
2.360040000000000138e+00,7.023240000000000038e-03,-3.464169999999999923e-03
1.249500000000000055e+00,8.746420000000000193e-04,-6.742659999999999713e-04
6.477670000000000528e+01,-3.459010000000000140e-01,-5.165129999999999721e-02
1.881370000000000076e+01,2.982100000000000029e-02,-2.556519999999999973e-02
2.996989999999999910e+01,8.256009999999999391e-03,-5.031290000000000068e-02
1.736320000000000086e-01,-6.340400000000000315e-07,8.880700000000000371e-07
7.521279999999999966e+00,-6.544640000000000180e-02,-2.146519999999999906e-04
8.395289999999999964e+01,2.379880000000000051e-01,2.060049999999999937e-01
4.287310000000000088e+01,1.345709999999999962e-01,-2.674699999999999855e-01
1.805349999999999966e+01,2.761169999999999944e-02,2.776290000000000008e-02
4.038809999999999789e+00,-3.358260000000000065e-04,-4.884669999999999984e-02
5.206190000000000140e+01,2.163259999999999905e-01,-1.693550000000000055e-01
1.460040000000000049e+01,-3.329309999999999822e-03,-2.193019999999999969e-01
1.267839999999999989e+01,6.417329999999999736e-03,1.444699999999999873e-01
7.374990000000000157e-01,6.173420000000000264e-05,-9.531279999999999993e-05
7.757070000000000221e+01,-6.568720000000000114e-02,-1.869989999999999986e-01
9.019230000000000302e+01,1.774689999999999879e-01,1.342349999999999932e-01
1.395739999999999981e+00,2.110190000000000069e-04,-5.467010000000000229e-04
5.472520000000000095e+01,2.295599999999999863e-01,-2.851119999999999766e-01
4.210130000000000194e+01,-1.309369999999999978e-02,-1.191009999999999985e-01
2.731180000000000163e+00,4.621850000000000264e-02,6.543239999999999647e-04
6.110710000000000264e+01,2.198769999999999891e-01,3.984019999999999784e-01
6.112989999999999924e+01,4.085320000000000062e-01,3.594740000000000157e-01
6.534940000000000282e+01,3.689069999999999849e-01,1.930600000000000094e-01
7.768790000000000084e+00,-6.179669999999999955e-03,-2.592159999999999929e-04
5.203419999999999845e+01,1.917429999999999968e-01,-1.238230000000000025e-01
4.789240000000000164e-01,4.191180000000000079e-03,-1.526730000000000068e-04
7.154059999999999586e-02,-2.516449999999999746e-07,9.067870000000000054e-07
4.229790000000000383e+00,1.322450000000000018e-05,-4.028700000000000336e-02
1.806300000000000128e-01,-5.794500000000000171e-06,2.134730000000000143e-05
1.262689999999999912e+01,1.391870000000000052e-01,-1.502260000000000054e-02
4.606750000000000256e+01,-4.124390000000000001e-01,-2.535860000000000024e-03
6.593569999999999709e+00,9.740359999999999557e-04,-1.416489999999999971e-01
1.096139999999999892e+00,1.717799999999999883e-02,-6.329250000000000024e-04
5.359640000000000271e+01,-1.530489999999999975e-02,2.640660000000000229e-01
1.613660000000000139e+01,-1.181709999999999983e-01,-6.883580000000000254e-04
2.166769999999999996e+01,8.878740000000000243e-02,-1.885710000000000077e-04
1.828029999999999933e-01,6.363070000000000345e-07,1.012770000000000088e-06
2.289359999999999928e+01,-1.358380000000000004e-02,-2.638289999999999802e-01
2.424609999999999843e+01,-3.952160000000000117e-01,1.752909999999999885e-02
4.347590000000000288e+00,-6.314090000000000392e-05,-3.745919999999999805e-02
5.706710000000000349e+01,-4.307570000000000010e-01,-2.432269999999999918e-02
1.111010000000000053e+00,7.143159999999999961e-03,-8.558370000000000257e-04
3.772079999999999878e+00,6.787619999999999635e-04,-7.217679999999999929e-02
3.874080000000000013e+01,-9.488729999999999387e-02,-1.065890000000000067e-02
1.406199999999999894e+00,2.977350000000000135e-02,-4.203839999999999921e-04
1.020800000000000018e+01,-2.601349999999999843e-02,-2.052390000000000117e-02
5.789439999999999742e+01,-3.683909999999999962e-02,-4.818959999999999910e-01
2.966240000000000165e+01,-2.172110000000000013e-02,2.195110000000000117e-02
1.138920000000000066e+01,8.830309999999999201e-03,-1.226619999999999933e-01
2.839979999999999905e+01,-7.756849999999999856e-02,-3.923850000000000254e-02
7.713089999999999691e+01,-2.473809999999999898e-01,-6.247629999999999850e-02
2.122739999999999849e+00,4.513859999999999748e-03,-2.657339999999999789e-03
5.386339999999999684e+00,-1.456960000000000026e-02,4.627379999999999688e-02
3.529010000000000247e+01,5.719609999999999972e-02,-9.588829999999999576e-02
2.071359999999999868e+00,3.672009999999999966e-04,2.284279999999999991e-02
9.455970000000000653e+00,4.561599999999999683e-02,-3.666649999999999771e-02
1.631829999999999892e+00,3.647349999999999898e-02,-1.352459999999999990e-04
7.495589999999999975e+01,4.481379999999999808e-01,3.903639999999999888e-01
3.283749999999999858e+01,6.589760000000000062e-02,-5.088410000000000155e-02
7.375820000000000221e+01,-6.821209999999999773e-02,-2.046689999999999898e-01
4.303490000000000038e+00,1.743039999999999954e-03,2.891089999999999979e-02
2.719839999999999947e+01,3.341269999999999657e-02,-4.219820000000000237e-01
7.361350000000000193e+01,4.587620000000000031e-01,3.562270000000000159e-01
3.367540000000000333e+01,-4.998039999999999601e-03,-3.033500000000000085e-01
1.349820000000000064e+01,-5.952500000000000152e-02,1.210559999999999935e-02
7.059640000000000271e+01,1.507340000000000069e-01,1.887159999999999949e-01
6.867040000000000255e+00,6.740190000000000070e-02,-2.028009999999999882e-02
2.167220000000000013e+01,-1.559810000000000085e-01,-2.752989999999999864e-03
4.577189999999999870e+00,-1.093150000000000024e-02,4.291409999999999669e-02
6.707169999999999632e+00,1.949250000000000028e-03,1.095300000000000024e-01
3.161250000000000071e+01,-1.760470000000000090e-01,1.740229999999999945e-03
4.684679999999999955e-01,8.322240000000000808e-06,-7.187960000000000182e-03
4.950869999999999749e+01,-1.078050000000000015e-02,-3.885560000000000125e-01
3.061199999999999832e+01,-5.461319999999999508e-01,4.848820000000000213e-03
7.099750000000000227e+01,4.786699999999999844e-01,4.590629999999999988e-01
8.387199999999999989e+00,-1.501389999999999947e-01,-1.134150000000000002e-03
7.485790000000000077e+01,2.587420000000000275e-01,4.059479999999999755e-01
4.379189999999999827e+01,-2.698280000000000123e-02,-5.068829999999999725e-01
1.021509999999999962e+02,-1.547270000000000034e-01,2.563479999999999925e-02
5.811610000000000298e+01,-2.880879999999999899e-02,-3.302100000000000035e-01
2.497510000000000119e+01,-8.475389999999999313e-02,-9.132869999999999877e-02
1.680209999999999937e+01,-4.794910000000000144e-02,-5.091339999999999755e-02
2.161580000000000013e+01,-4.271460000000000257e-01,-2.253840000000000010e-03
5.009479999999999933e+00,2.082360000000000114e-03,6.346709999999999852e-02
9.043699999999999761e+01,2.022960000000000036e-01,2.366989999999999927e-01
2.434919999999999973e+01,3.444699999999999845e-02,-2.514009999999999856e-02
8.537179999999999325e+00,1.111140000000000044e-01,5.765799999999999745e-03
1.595889999999999986e+01,1.487899999999999986e-02,-2.224710000000000021e-01
5.815409999999999968e+01,3.459320000000000173e-01,1.668930000000000136e-01
1.637989999999999924e+01,-3.401689999999999992e-01,-4.179210000000000260e-04
9.530410000000000537e+01,2.186619999999999953e-01,1.518770000000000120e-01
1.406049999999999933e+01,-2.982549999999999923e-01,-4.417819999999999928e-04
2.823789999999999978e+01,-1.588660000000000072e-01,-1.513089999999999921e-03
6.606959999999999411e+01,1.212120000000000003e-01,-1.255370000000000097e-01
1.068769999999999953e+02,2.719840000000000105e-02,5.492839999999999702e-03
5.058089999999999975e+00,-1.167029999999999977e-02,3.932680000000000030e-03
3.074940000000000140e+01,-1.768250000000000030e-02,-5.075100000000000167e-01
2.533490000000000020e+00,-3.905349999999999794e-02,3.942880000000000169e-04
6.378179999999999694e+01,2.293589999999999865e-02,-3.028420000000000001e-01
3.577809999999999935e+00,6.774810000000000554e-02,-2.621340000000000215e-03
1.032890000000000058e-01,-4.401059999999999838e-07,1.101220000000000063e-06
8.533199999999999363e+01,2.274760000000000115e-01,2.596200000000000174e-01
2.832410000000000139e+01,7.278339999999999810e-02,-4.615070000000000283e-02
3.002839999999999954e+00,-1.806520000000000001e-02,-4.457670000000000301e-05
6.667520000000000380e+01,1.013639999999999958e-01,2.916500000000000203e-01
1.275600000000000067e-01,6.620359999999999613e-04,-7.406289999999999862e-06
9.778079999999999927e+01,2.111560000000000104e-01,1.763069999999999915e-01
8.341220000000000301e-01,7.111690000000000372e-03,-4.712459999999999804e-04
8.772209999999999752e+01,-4.044729999999999853e-02,-1.700789999999999941e-02
4.178560000000000230e+01,7.338530000000000053e-02,-5.376069999999999460e-01
3.369749999999999801e+01,-1.237609999999999960e-01,1.767190000000000080e-02
6.262489999999999668e+00,-1.783819999999999980e-03,1.099870000000000014e-01
2.170319999999999805e+00,4.376119999999999836e-04,1.635119999999999976e-02
4.460460000000000313e+00,-1.130040000000000038e-02,-1.038450000000000061e-04
6.544039999999999679e+01,4.578889999999999905e-01,3.791490000000000138e-01
3.712720000000000198e+01,2.567169999999999869e-02,-5.011970000000000314e-02
4.469319999999999737e+00,-1.142869999999999986e-04,-1.272820000000000028e-02
1.005490000000000066e+02,6.387879999999999947e-02,-1.408770000000000022e-01
8.281199999999999761e+01,3.078679999999999750e-01,2.912620000000000209e-01
1.646760000000000090e+01,-3.168309999999999738e-01,-4.472880000000000258e-03
1.133709999999999996e+00,1.284039999999999964e-03,-6.498240000000000179e-04
9.732110000000000413e-03,-1.819410000000000011e-07,3.118599999999999881e-08
7.584069999999999823e+01,-1.348109999999999864e-01,-9.772369999999999668e-02
1.571809999999999929e+00,2.500979999999999870e-03,-1.376210000000000107e-03
2.766599999999999962e-02,-1.371160000000000057e-06,8.034680000000000052e-08
2.528750000000000142e+01,-9.688729999999999565e-03,-2.420310000000000170e-02
7.440790000000000459e-01,-1.553030000000000003e-04,1.506170000000000078e-02
2.711120000000000019e+01,2.222879999999999995e-03,-2.477989999999999915e-01
9.548539999999999139e+00,-1.055060000000000026e-01,6.314089999999999633e-03
2.442899999999999849e+01,-4.487599999999999922e-01,5.033700000000000327e-03
5.229939999999999856e+01,1.575870000000000049e-01,-4.188080000000000136e-01
1.400900000000000034e+01,4.602239999999999630e-03,-2.807580000000000076e-01
3.536599999999999966e+01,-8.708780000000000687e-02,-1.080530000000000032e-02
5.019930000000000225e-01,-1.326529999999999918e-04,7.599969999999999946e-04
9.342059999999999320e+01,-2.092539999999999956e-01,-1.164439999999999920e-02
1.620799999999999841e+01,-2.241349999999999940e-02,1.223000000000000059e-01
3.582059999999999889e+01,8.957619999999999472e-02,-2.262939999999999952e-01
4.647129999999999761e+00,2.101959999999999940e-03,-1.093779999999999926e-02
2.679799999999999827e+01,4.075009999999999744e-02,-3.462040000000000117e-01
8.541750000000000398e+01,2.890209999999999724e-01,2.772890000000000077e-01
1.169539999999999935e+01,1.246389999999999998e-01,-2.028970000000000079e-02
5.758309999999999818e-01,7.799099999999999783e-03,-1.961269999999999875e-04
4.605129999999999768e+01,1.134769999999999945e-01,-4.704220000000000068e-01
1.375830000000000020e+01,-5.171509999999999822e-04,-1.007289999999999991e-01
2.561819999999999986e+00,3.181869999999999946e-04,5.081159999999999843e-02
3.187030000000000030e+00,9.559899999999999865e-04,2.276440000000000061e-02
9.042849999999999966e+01,2.389680000000000137e-01,2.028760000000000008e-01
1.171160000000000068e+01,1.275229999999999975e-01,1.036669999999999953e-02
1.687239999999999895e+01,-3.834479999999999833e-02,9.834320000000000561e-02
2.212600000000000122e-01,-1.468609999999999988e-05,4.183730000000000088e-03
5.892549999999999955e+01,-3.683349999999999819e-02,-6.380389999999999673e-02
2.304630000000000012e-01,-1.851839999999999875e-05,1.231969999999999929e-04
8.541859999999999786e+01,2.749360000000000137e-01,2.904140000000000055e-01
6.715650000000000119e+00,1.107159999999999950e-01,2.121899999999999915e-03
1.388080000000000069e+01,-3.731090000000000101e-02,9.408550000000000246e-02
2.843680000000000163e+01,-1.007210000000000050e-01,-8.220500000000000029e-02
8.689360000000000639e+01,-1.111110000000000014e-01,-6.801899999999999613e-02
5.158450000000000202e+00,-1.016579999999999914e-02,-1.222189999999999952e-03
6.728530000000000655e+01,-2.877089999999999925e-01,-5.483760000000000023e-02
7.823240000000000194e+00,2.054869999999999960e-02,-2.772509999999999905e-02
1.199929999999999986e+01,-2.386300000000000088e-01,-2.633060000000000001e-03
7.191469999999999629e+01,-1.380609999999999893e-01,-7.074179999999999358e-02
1.425229999999999997e+00,-2.483009999999999796e-04,-2.220640000000000070e-04
1.369960000000000022e+01,-1.010680000000000051e-01,-6.592669999999999477e-04
2.457469999999999999e+01,3.283219999999999889e-02,5.194510000000000099e-02
1.472709999999999964e+00,9.996789999999999539e-05,-2.872620000000000035e-02
6.544499999999999318e+01,3.734509999999999774e-01,4.634860000000000091e-01
2.615159999999999929e+00,-4.167800000000000150e-03,9.605950000000000252e-03
7.340789999999999793e+01,1.716190000000000033e-03,-8.228240000000000554e-02
5.793910000000000338e+01,-2.396570000000000089e-01,2.416679999999999939e-01
1.061350000000000051e+02,-7.821530000000000149e-03,4.679540000000000088e-02
6.290639999999999565e-01,1.015420000000000038e-02,-2.048349999999999997e-04
2.198740000000000094e+01,-9.533830000000000082e-02,-2.915440000000000045e-03
7.958700000000000330e+01,-2.333749999999999991e-01,-7.896190000000000153e-02
1.009109999999999951e+00,-3.865420000000000271e-04,5.588319999999999919e-04
6.310580000000000211e+01,-2.851280000000000134e-02,-2.782680000000000153e-01
7.718449999999999989e+01,-2.406229999999999827e-02,-2.294200000000000128e-01
1.402319999999999922e+01,-2.862129999999999952e-01,4.685540000000000191e-03
1.129250000000000087e+00,1.672279999999999947e-02,1.067120000000000042e-04
3.416060000000000230e+01,-4.677019999999999615e-03,-2.914499999999999869e-01
2.395680000000000032e+00,5.170109999999999983e-02,-2.853910000000000192e-04
9.648529999999999163e+00,-4.304770000000000189e-04,-8.544609999999999358e-03
9.543950000000000600e+00,1.341310000000000002e-01,-1.010879999999999938e-02
4.729979999999999762e+01,1.402380000000000015e-01,-3.937450000000000117e-01
5.397249999999999659e+01,-5.181510000000000282e-01,-4.491660000000000097e-02
1.497840000000000060e+00,9.311659999999999382e-03,-1.536809999999999999e-03
5.474369999999999692e+01,-5.280289999999999706e-01,-4.306480000000000030e-02
4.448430000000000106e+00,8.185860000000000358e-02,9.879549999999999964e-04
7.895430000000000348e+01,-2.334730000000000139e-01,-8.117249999999999466e-02
5.631209999999999827e-01,-8.451579999999999768e-07,-4.743430000000000086e-04
5.233030000000000115e+01,-4.296860000000000124e-01,1.594520000000000104e-01
3.803279999999999994e+00,-8.529440000000000632e-02,3.287429999999999931e-04
1.542060000000000031e+01,-6.703559999999999901e-03,1.387510000000000132e-01
1.070159999999999911e+01,-4.308719999999999911e-02,3.463999999999999718e-02
1.980239999999999867e+01,-8.942849999999999411e-02,-2.020740000000000036e-02
3.164530000000000065e+00,-3.488939999999999837e-03,-1.561559999999999869e-04
3.620199999999999818e+01,-3.580340000000000189e-01,-1.093779999999999926e-02
9.777519999999999811e+01,-1.673989999999999922e-01,3.252859999999999779e-02
9.500960000000000605e+01,7.565199999999999703e-02,1.633989999999999887e-01
6.132509999999999906e+01,-4.726540000000000186e-01,-4.002950000000000258e-02
2.327309999999999945e+01,-8.746529999999999583e-02,-8.898349999999999316e-02
1.077839999999999954e+01,-2.483669999999999975e-02,1.052789999999999976e-01
7.651849999999999596e+00,4.720809999999999763e-03,-5.219100000000000128e-02
9.743420000000000414e+00,5.648010000000000183e-03,-1.411260000000000014e-01
8.378669999999999618e+01,-1.029470000000000038e-02,-9.010890000000000566e-02
5.034340000000000259e+01,1.448490000000000055e-01,-4.451439999999999841e-01
7.235110000000000241e+01,-3.414530000000000065e-01,-5.984310000000000324e-02
2.979390000000000072e+01,5.178529999999999939e-02,-3.759399999999999964e-01
1.025440000000000040e+01,-3.809030000000000141e-03,1.413600000000000134e-01
8.133960000000000434e+01,-4.890930000000000277e-02,-1.925769999999999982e-01
8.878730000000000189e+01,1.439880000000000049e-01,1.178120000000000001e-01
8.332769999999999300e+01,-1.471250000000000058e-01,-3.244500000000000162e-02
8.057900000000000063e-01,-1.376290000000000065e-04,1.724919999999999926e-02
1.511030000000000095e+00,-8.363389999999999627e-04,6.578890000000000432e-04
3.410650000000000071e-01,8.201369999999999541e-07,-1.775670000000000018e-06
5.874190000000000111e+01,-1.504100000000000055e-02,-4.447820000000000107e-01
3.639390000000000125e+00,9.403319999999999951e-04,-4.003969999999999752e-02
4.990079999999999671e+01,-3.646480000000000277e-01,-1.633110000000000117e-02
7.424310000000000187e+00,5.215749999999999900e-03,-2.030430000000000082e-02
8.509630000000000249e-01,-1.142140000000000012e-04,3.892030000000000072e-05
4.530250000000000199e+01,-3.868259999999999754e-02,-8.874339999999999659e-03
1.426629999999999932e+01,-3.950709999999999639e-03,1.981209999999999916e-02
2.230399999999999849e+01,7.065169999999999784e-02,-1.954080000000000053e-02
8.513700000000000045e+01,1.921680000000000055e-01,1.674120000000000053e-01
1.293859999999999921e+01,-1.290250000000000008e-01,-9.220959999999999617e-04
5.200769999999999982e+01,2.293939999999999868e-01,-1.884250000000000091e-01
1.005649999999999977e+02,-1.367180000000000062e-01,6.285499999999999421e-02
3.277510000000000190e+01,5.023939999999999656e-02,-4.038030000000000230e-01
5.854119999999999983e-03,-1.877409999999999869e-08,6.225299999999999503e-08
4.663730000000000331e+01,-3.872769999999999824e-01,-4.863290000000000148e-03
4.182209999999999894e+01,-5.478560000000000096e-01,7.482250000000000012e-02
3.366640000000000299e+01,-1.138540000000000038e-02,-8.454860000000000153e-02
4.805670000000000219e-01,-1.148839999999999931e-02,-8.960839999999999658e-07
4.826949999999999852e-01,-3.410719999999999932e-06,-1.018059999999999972e-02
1.906909999999999883e+01,-8.332660000000000067e-02,-1.081909999999999946e-03
3.881479999999999819e+01,-1.136050000000000081e-02,-1.100420000000000009e-01
3.367819999999999681e+01,1.456340000000000065e-02,-1.246769999999999962e-01
1.795809999999999906e+00,9.420249999999999804e-04,-1.320470000000000020e-03
3.621569999999999823e+01,4.895510000000000139e-02,-5.076089999999999769e-01
9.307729999999999393e+01,-1.870650000000000091e-02,5.701769999999999755e-02
4.451539999999999941e-01,5.933349999999999697e-06,-1.000600000000000042e-05
2.840820000000000078e+01,-1.209459999999999980e-01,-1.061340000000000026e-03
7.341169999999999618e+01,-9.251370000000000426e-02,5.719029999999999947e-03
1.106190000000000007e+00,4.865450000000000113e-04,-4.448559999999999841e-04
7.060769999999999413e+01,1.841609999999999914e-01,1.568189999999999862e-01
1.926320000000000121e+01,-6.240189999999999626e-03,-3.116059999999999941e-01
3.467759999999999820e+01,9.329099999999999893e-02,-1.561609999999999943e-01
6.794939999999999714e+01,1.059230000000000033e-01,2.687390000000000057e-01
1.887389999999999901e+01,-7.712450000000000468e-04,-1.359299999999999953e-01
7.871250000000000568e+01,4.878259999999999715e-03,-9.414830000000000421e-02
2.863939999999999841e+01,-2.386440000000000089e-02,-8.170799999999999765e-04
5.226310000000000144e+01,-5.914139999999999953e-01,1.540769999999999954e-04
3.333200000000000074e+01,5.115460000000000146e-02,-6.540580000000000005e-02
9.856409999999999627e+01,6.195880000000000137e-02,1.702980000000000049e-01
4.376509999999999678e+01,-4.223099999999999597e-03,-3.570940000000000225e-01
3.906819999999999737e+01,5.808789999999999787e-02,-5.257789999999999964e-01
3.777380000000000138e+01,-3.736490000000000089e-01,8.150269999999999737e-02
2.817079999999999806e+00,-4.946810000000000161e-05,-2.673009999999999969e-02
4.534749999999999659e+01,-3.345460000000000100e-02,-5.944660000000000499e-01
7.186990000000000123e+01,-3.106960000000000277e-01,-4.100800000000000278e-02
1.757730000000000103e+01,-1.317480000000000040e-01,2.302560000000000023e-02
2.682669999999999888e+01,4.281089999999999895e-02,3.675060000000000132e-02
4.021540000000000115e-01,1.857609999999999990e-05,-1.740800000000000003e-05
3.366159999999999997e+01,-3.826109999999999928e-02,-3.709620000000000278e-02
6.110000000000000142e+01,3.926020000000000065e-01,2.256189999999999862e-01
4.757430000000000092e+01,-8.775679999999999245e-03,-3.009319999999999773e-01
3.135979999999999879e-01,7.704019999999999467e-05,-2.624220000000000093e-05
1.306209999999999916e+01,7.870870000000000644e-02,1.448080000000000027e-02
9.726390000000000668e+01,3.518260000000000137e-02,1.528359999999999996e-01
7.630849999999999511e+01,-2.364179999999999893e-01,-1.752760000000000082e-02
2.272790000000000177e+01,-4.850100000000000244e-02,3.146979999999999916e-02
9.580980000000000274e+00,-4.288709999999999745e-02,-4.605769999999999916e-04
6.204449999999999932e+01,3.427780000000000063e-03,-3.622600000000000264e-01
2.384469999999999867e+00,1.352680000000000028e-02,-3.728570000000000061e-03
3.836739999999999817e+00,-7.661059999999999919e-03,6.601110000000000311e-03
2.943129999999999913e-01,3.160169999999999849e-06,-1.339560000000000012e-06
5.199799999999999756e+01,1.728909999999999891e-01,2.437239999999999962e-01
7.234439999999999316e+01,4.757230000000000070e-01,4.376450000000000062e-01
6.806780000000000541e+01,-1.291390000000000073e-02,-1.717950000000000033e-01
4.609720000000000262e+00,-7.046150000000000156e-03,-2.575350000000000122e-03
8.711380000000000123e+00,-1.088699999999999946e-01,-1.504319999999999963e-03
6.902949999999999875e+01,-3.985569999999999946e-01,-3.336480000000000001e-02
6.153920000000000279e+00,3.092150000000000107e-03,-4.153249999999999997e-02
9.272740000000000649e+00,-1.170679999999999979e-04,-8.552830000000000155e-02
1.985530000000000017e+00,2.437390000000000043e-02,-2.329130000000000002e-03
2.272769999999999999e-02,3.537460000000000231e-08,1.655620000000000104e-07
5.566440000000000055e+01,-2.092959999999999959e-02,-3.267349999999999977e-01
7.352980000000000071e-01,1.294910000000000028e-03,-3.120800000000000071e-04
2.078440000000000154e+01,6.742439999999999545e-02,-3.951770000000000282e-02
6.610879999999999868e+00,-2.517649999999999858e-04,-1.470349999999999990e-01
9.018710000000000448e+00,7.561870000000000050e-03,-2.665860000000000105e-02
3.368050000000000210e+01,-1.030200000000000039e-02,-1.386739999999999917e-01
3.017800000000000082e+01,-6.236520000000000258e-02,-6.195389999999999925e-02
1.826389999999999958e+01,-2.354720000000000077e-02,-8.046129999999999949e-02
6.506579999999999586e+00,-1.577479999999999855e-02,-2.727219999999999818e-03
2.750309999999999988e+01,2.250999999999999963e-03,-5.006629999999999692e-01
1.615210000000000035e+00,-1.554539999999999858e-05,-1.531599999999999975e-02
1.005380000000000074e+01,1.206239999999999951e-01,7.792359999999999912e-03
2.370400000000000063e+00,1.605799999999999892e-03,-2.536570000000000144e-03
5.894539999999999935e+01,-4.797019999999999756e-02,-3.117479999999999904e-02
8.408769999999999811e+01,2.622340000000000226e-01,2.917460000000000053e-01
6.578530000000000211e-01,7.726509999999999585e-04,-2.205770000000000126e-04
2.452880000000000038e+01,-2.022690000000000043e-01,-8.004870000000000735e-03
4.775820000000000221e+01,-2.484619999999999884e-01,-1.109030000000000085e-02
5.765359999999999729e+01,-5.285919999999999508e-01,-3.371840000000000254e-02
4.341740000000000044e-01,-8.456580000000000000e-04,1.171260000000000031e-05
5.513749999999999901e-02,-1.321840000000000036e-06,4.116540000000000147e-07
1.648890000000000100e+01,-9.337500000000000097e-04,-4.697300000000000086e-02
9.907669999999999533e+00,-3.086399999999999907e-02,8.503539999999999710e-02
9.427709999999999368e+00,3.644199999999999783e-03,1.326489999999999891e-01
9.916940000000000310e+00,8.856749999999999345e-02,-3.092900000000000163e-02
6.121659999999999968e+01,8.251469999999999638e-02,-3.541070000000000051e-01
3.635510000000000019e+00,-2.555739999999999922e-03,-3.254089999999999847e-03
5.352160000000000251e-01,8.551100000000000384e-08,-1.406300000000000071e-05
4.117490000000000094e+01,9.141549999999999676e-02,-4.613689999999999736e-01
4.557249999999999801e+01,-7.386890000000000123e-03,1.368999999999999939e-01
6.819389999999999930e+01,-3.232119999999999993e-01,-4.615799999999999764e-02
6.345219999999999771e+01,-1.330989999999999951e-01,-4.287259999999999682e-02
1.119309999999999938e+01,-3.114619999999999802e-03,-4.144690000000000180e-02
8.837669999999999249e+00,1.197249999999999981e-01,-1.322579999999999936e-02
4.492459999999999809e+01,-7.382119999999999828e-03,-2.422940000000000094e-01
