3.227689999999999770e+01,0.000000000000000000e+00,2.776949999999999905e-02
-3.518530000000000157e+00,0.000000000000000000e+00,1.836279999999999912e+00
3.520499999999999829e+01,3.687919999999999947e-22,7.118379999999999708e-01
2.590330000000000155e+01,0.000000000000000000e+00,1.426790000000000003e-01
3.466020000000000323e+01,0.000000000000000000e+00,4.785720000000000252e-02
4.299459999999999837e+01,0.000000000000000000e+00,-2.645379999999999843e+00
4.228640000000000043e+01,-2.733860000000000219e-19,-2.949539999999999829e+00
3.469069999999999965e+01,0.000000000000000000e+00,4.397600000000000120e-02
3.769610000000000127e+01,0.000000000000000000e+00,-7.737650000000000361e-01
3.465420000000000300e+01,0.000000000000000000e+00,-1.760340000000000169e-02
2.652749999999999986e+01,0.000000000000000000e+00,4.404169999999999786e-03
2.209069999999999823e+01,0.000000000000000000e+00,-2.410149999999999955e-04
3.255919999999999703e+01,0.000000000000000000e+00,1.020540000000000058e-01
3.585999999999999943e+01,5.413969999999999858e-19,9.731550000000000367e+00
3.647279999999999944e+01,0.000000000000000000e+00,-1.238660000000000094e+00
2.376229999999999976e+01,0.000000000000000000e+00,7.206670000000000090e-03
4.319469999999999743e+01,2.027349999999999944e-19,4.126190000000000246e+00
3.462039999999999651e+01,0.000000000000000000e+00,1.261200000000000099e-01
3.468659999999999854e+01,0.000000000000000000e+00,4.494839999999999947e-02
1.044349999999999890e+00,0.000000000000000000e+00,-2.590649999999999897e-01
1.551420000000000066e+01,0.000000000000000000e+00,-2.418530000000000069e+00
3.819169999999999732e+01,0.000000000000000000e+00,-2.586619999999999919e+00
3.521269999999999811e+01,0.000000000000000000e+00,9.643010000000000304e+00
1.251110000000000078e+01,0.000000000000000000e+00,-2.029090000000000060e-01
2.325720000000000098e+01,0.000000000000000000e+00,-2.355609999999999898e-04
-3.873390000000000111e+00,0.000000000000000000e+00,6.955050000000000399e-01
3.468809999999999860e+01,0.000000000000000000e+00,3.710449999999999859e-02
1.762369999999999948e+01,-3.512920000000000156e-22,1.459159999999999928e-03
3.639979999999999905e+01,0.000000000000000000e+00,-1.481270000000000087e+00
1.920680000000000121e+01,0.000000000000000000e+00,2.245430000000000082e-04
9.446300000000000807e+00,-1.170360000000000026e-18,3.139130000000000198e+00
2.241009999999999991e+01,1.693719999999999916e-20,7.341539999999999733e-01
1.494679999999999964e+01,0.000000000000000000e+00,-2.216159999999999908e+00
3.312120000000000175e+01,0.000000000000000000e+00,1.015540000000000109e+00
3.328549999999999898e+01,0.000000000000000000e+00,3.500960000000000183e-02
1.927060000000000173e+01,0.000000000000000000e+00,3.571140000000000100e-04
-4.776530000000000165e+00,0.000000000000000000e+00,-1.226760000000000003e-02
3.647979999999999734e+01,0.000000000000000000e+00,-3.849380000000000024e+00
-1.198949999999999960e+00,0.000000000000000000e+00,-2.170479999999999909e-01
3.392009999999999792e+01,0.000000000000000000e+00,9.101129999999999498e+00
4.449439999999999884e+01,1.580959999999999851e-20,1.850310000000000149e-02
3.469169999999999732e+01,0.000000000000000000e+00,5.903959999999999764e-02
7.557509999999999728e+00,0.000000000000000000e+00,-1.202919999999999962e-01
2.424800000000000111e+01,0.000000000000000000e+00,3.009260000000000147e-03
3.163080000000000069e+01,-8.357629999999999664e-21,8.687929999999999708e+00
1.252239999999999931e+01,-7.811379999999999645e-19,3.179300000000000015e+00
1.016590000000000105e+00,-1.027579999999999966e-18,6.340259999999999785e-01
3.467580000000000240e+01,0.000000000000000000e+00,3.819670000000000010e-02
3.726720000000000255e+01,0.000000000000000000e+00,1.464550000000000018e-01
3.803900000000000148e+01,1.398039999999999920e-18,6.745339999999999669e+00
1.736060000000000159e+01,0.000000000000000000e+00,-9.255309999999999232e-03
1.784019999999999939e+01,0.000000000000000000e+00,7.704390000000000413e-04
9.351150000000000517e+00,1.182429999999999968e-27,5.459180000000000282e-02
3.470819999999999794e+01,0.000000000000000000e+00,4.750820000000000043e-02
3.469100000000000250e+01,0.000000000000000000e+00,4.914829999999999893e-02
2.325609999999999999e+01,0.000000000000000000e+00,1.471169999999999943e-03
4.410580000000000211e+01,-1.389180000000000126e-20,6.870089999999999530e-02
3.467349999999999710e+01,0.000000000000000000e+00,5.406380000000000213e-02
4.057699999999999818e+01,-3.817670000000000165e-20,2.679660000000000153e+00
3.469769999999999754e+01,0.000000000000000000e+00,5.360150000000000331e-02
6.449150000000000160e-01,0.000000000000000000e+00,-7.241000000000000041e-03
3.145949999999999847e+01,0.000000000000000000e+00,1.901970000000000049e-02
-5.795289999999999608e+00,-2.021840000000000069e-19,4.671390000000000264e-01
2.359979999999999833e+01,0.000000000000000000e+00,3.111229999999999985e-03
4.207529999999999859e+01,-2.388909999999999987e-19,-3.252270000000000216e+00
4.149269999999999925e+01,-2.822700000000000275e-20,-1.038799999999999946e+00
2.124210000000000065e+01,0.000000000000000000e+00,7.494790000000000306e-03
4.022050000000000125e+01,0.000000000000000000e+00,1.349010000000000042e+00
1.032189999999999941e+01,0.000000000000000000e+00,3.484609999999999791e-02
2.791329999999999956e+01,1.771170000000000040e-21,-1.219100000000000072e+00
6.380449999999999733e+00,0.000000000000000000e+00,-1.815330000000000110e+00
3.467849999999999966e+01,0.000000000000000000e+00,4.090150000000000036e-02
-3.624639999999999862e+00,0.000000000000000000e+00,1.761200000000000099e+00
2.402299999999999969e+01,0.000000000000000000e+00,1.117089999999999961e+01
2.881820000000000093e+01,0.000000000000000000e+00,8.009020000000000375e-03
3.735340000000000060e+01,0.000000000000000000e+00,-5.873559999999999892e-01
1.396269999999999989e+01,0.000000000000000000e+00,-1.860549999999999982e-01
3.630570000000000164e+01,4.042740000000000184e-19,9.608269999999999200e+00
4.411979999999999791e+01,0.000000000000000000e+00,3.165309999999999846e+00
2.880829999999999913e+01,0.000000000000000000e+00,2.437929999999999958e-02
4.007690000000000197e+01,0.000000000000000000e+00,5.430749999999999744e-01
3.164770000000000039e+01,0.000000000000000000e+00,5.742909999999999682e-02
1.742839999999999989e+01,0.000000000000000000e+00,1.042539999999999978e+01
2.335170000000000101e+01,-2.733489999999999933e-20,1.103780000000000072e+01
2.208070000000000199e+00,0.000000000000000000e+00,-1.153310000000000057e+00
2.329299999999999926e+01,0.000000000000000000e+00,1.395000000000000059e-02
2.510739999999999839e+01,0.000000000000000000e+00,1.330969999999999896e-03
1.797040000000000148e+01,0.000000000000000000e+00,7.703479999999999638e-05
3.764950000000000330e+01,5.082229999999999744e-24,-4.390000000000000152e-02
3.065540000000000020e+01,0.000000000000000000e+00,-4.011379999999999946e+00
3.469310000000000116e+01,0.000000000000000000e+00,5.604719999999999841e-02
2.568469999999999942e+01,0.000000000000000000e+00,1.431390000000000049e-03
3.462539999999999907e+01,0.000000000000000000e+00,1.350669999999999926e-01
2.092370000000000019e+01,0.000000000000000000e+00,3.406740000000000115e-03
2.474729999999999919e+01,0.000000000000000000e+00,1.207549999999999943e-03
3.914309999999999690e+01,-1.461679999999999937e-21,-9.665960000000000107e-01
2.078920000000000101e+01,0.000000000000000000e+00,8.883569999999999921e-04
3.434459999999999980e+01,0.000000000000000000e+00,4.684780000000000194e-02
3.575019999999999953e+01,1.125070000000000038e-24,-7.264709999999999779e-01
9.096600000000000241e-01,0.000000000000000000e+00,-1.138050000000000006e+00
2.921100000000000030e+00,0.000000000000000000e+00,-1.039789999999999992e+00
4.012639999999999674e+01,0.000000000000000000e+00,-1.290020000000000056e-01
3.352199999999999847e+01,-7.078689999999999894e-21,7.348659999999999748e+00
1.129950000000000010e+01,0.000000000000000000e+00,-2.543540000000000037e-02
-2.252019999999999911e+00,-3.919259999999999898e-18,1.889569999999999972e+00
1.268169999999999931e+01,0.000000000000000000e+00,-1.608780000000000099e+00
4.120849999999999902e+00,0.000000000000000000e+00,-2.007069999999999965e-01
4.427989999999999782e+01,1.363090000000000107e-19,2.428080000000000016e+00
8.376860000000000639e+00,0.000000000000000000e+00,-6.440350000000000241e-02
2.499919999999999831e+01,7.015650000000000719e-21,1.713639999999999886e-01
2.767139999999999844e+01,-7.213239999999999992e-19,1.707000000000000073e+00
3.982509999999999906e+01,-2.277819999999999794e-19,6.723819999999999908e+00
3.258440000000000225e+01,0.000000000000000000e+00,1.014020000000000010e+01
3.467000000000000171e+01,0.000000000000000000e+00,4.709309999999999885e-02
3.468549999999999756e+01,0.000000000000000000e+00,4.832440000000000346e-02
3.747699999999999676e+01,0.000000000000000000e+00,-1.103229999999999933e+00
3.672630000000000194e+01,0.000000000000000000e+00,-6.374919999999999476e-01
5.458699999999999664e-01,2.023979999999999918e-18,8.841529999999999667e-01
-3.802610000000000046e+00,0.000000000000000000e+00,1.736189999999999900e+00
4.301619999999999777e+01,0.000000000000000000e+00,-2.296980000000000022e+00
2.931070000000000064e+01,0.000000000000000000e+00,7.312139999999999959e-03
3.278719999999999857e+01,0.000000000000000000e+00,3.240529999999999800e-02
1.856030000000000157e+01,-2.798750000000000226e-20,1.384489999999999998e+00
3.465109999999999957e+01,0.000000000000000000e+00,1.347180000000000044e-01
1.184839999999999982e+01,-1.656759999999999857e-27,1.576100000000000070e-02
2.889079999999999870e+01,-6.439929999999999520e-19,-2.013069999999999915e+00
2.704060000000000130e+01,0.000000000000000000e+00,4.809070000000000011e-02
1.929050000000000153e+01,0.000000000000000000e+00,-3.140749999999999770e-04
3.467079999999999984e+01,0.000000000000000000e+00,4.752510000000000068e-02
3.393419999999999703e+01,0.000000000000000000e+00,3.042650000000000077e-01
3.207650000000000290e+01,0.000000000000000000e+00,2.448650000000000132e-02
3.497990000000000066e+01,0.000000000000000000e+00,-1.405259999999999954e+00
3.302530000000000143e+01,0.000000000000000000e+00,3.290280000000000288e-02
4.325399999999999778e+01,0.000000000000000000e+00,3.761769999999999836e+00
2.296249999999999858e+01,-2.970919999999999977e-26,7.489149999999999974e-01
4.301380000000000337e+01,-1.762490000000000078e-19,9.912590000000000012e-01
2.249520000000000053e+01,0.000000000000000000e+00,1.782139999999999983e-03
3.456900000000000261e+01,0.000000000000000000e+00,7.140509999999999913e-02
3.468079999999999785e+01,0.000000000000000000e+00,2.373269999999999894e-02
3.471029999999999660e+01,0.000000000000000000e+00,5.358910000000000062e-02
3.491310000000000002e+01,1.409549999999999967e-22,4.155530000000000057e-01
2.434829999999999828e+01,0.000000000000000000e+00,4.992500000000000193e-04
1.675639999999999930e+01,0.000000000000000000e+00,2.908149999999999971e-03
1.028500000000000014e+01,0.000000000000000000e+00,3.839560000000000195e-02
3.470000000000000284e+01,0.000000000000000000e+00,6.404500000000000470e-02
1.497569999999999978e-02,0.000000000000000000e+00,-3.032500000000000126e-02
2.573170000000000002e+01,-1.575979999999999972e-19,9.541209999999999525e+00
3.543760000000000332e+01,0.000000000000000000e+00,-1.616260000000000030e+00
3.048750000000000071e+01,0.000000000000000000e+00,1.805189999999999920e-02
3.460629999999999740e+01,-2.417469999999999868e-20,6.545630000000000059e+00
2.982750000000000057e+01,0.000000000000000000e+00,1.612720000000000126e-02
2.692849999999999966e+01,0.000000000000000000e+00,5.753030000000000123e-03
2.862470000000000070e+01,-4.747889999999999644e-22,2.346940000000000026e+00
2.944760000000000133e+01,0.000000000000000000e+00,7.661949999999999837e-03
3.615440000000000254e+01,0.000000000000000000e+00,-2.947229999999999794e+00
1.648320000000000007e+01,-8.068280000000000181e-19,7.053250000000000242e+00
3.466340000000000288e+01,0.000000000000000000e+00,1.968689999999999884e-01
3.833630000000000138e+01,0.000000000000000000e+00,-3.695469999999999811e+00
1.010710000000000086e+01,0.000000000000000000e+00,-2.159759999999999902e+00
3.382620000000000005e+01,0.000000000000000000e+00,4.968079999999999719e-02
2.139170000000000016e+01,0.000000000000000000e+00,4.438130000000000200e-03
4.374569999999999936e+01,4.924359999999999753e-20,-4.395839999999999748e-01
3.603359999999999985e+01,0.000000000000000000e+00,-1.319199999999999928e+00
2.059730000000000061e+01,0.000000000000000000e+00,2.456079999999999808e-03
3.432739999999999725e+01,0.000000000000000000e+00,8.741960000000000008e-02
1.190649999999999942e+01,0.000000000000000000e+00,-1.109629999999999991e-02
1.339990000000000059e+01,2.546970000000000125e-27,1.190919999999999979e+00
3.636119999999999663e+01,0.000000000000000000e+00,-3.282570000000000210e+00
3.938709999999999667e+01,2.490889999999999926e-21,-4.459699999999999775e-01
3.459230000000000160e+01,1.192410000000000021e-26,5.566109999999999669e-01
3.468809999999999860e+01,0.000000000000000000e+00,4.529439999999999855e-02
2.955280000000000129e+01,0.000000000000000000e+00,-3.370159999999999823e+00
3.470539999999999736e+01,0.000000000000000000e+00,8.418340000000000545e-02
3.029990000000000094e+01,-1.233620000000000052e-25,2.425139999999999851e+00
3.252810000000000201e+01,0.000000000000000000e+00,5.190759999999999819e-02
2.597670000000000101e+01,1.193260000000000027e-21,4.184390000000000331e-02
2.473679999999999879e+01,0.000000000000000000e+00,9.458949999999999823e-04
3.452570000000000050e+01,0.000000000000000000e+00,-1.863190000000000124e-01
3.020700000000000074e+01,0.000000000000000000e+00,1.078160000000000056e-02
1.779980000000000118e+01,0.000000000000000000e+00,-3.294010000000000105e+00
1.666870000000000118e+01,0.000000000000000000e+00,-2.247310000000000141e+00
2.542879999999999896e+01,0.000000000000000000e+00,6.447129999999999701e-03
4.011650000000000205e+01,1.906769999999999971e-20,-1.332950000000000079e+00
-4.946309999999999873e-01,0.000000000000000000e+00,-1.404340000000000033e-01
3.736529999999999774e+01,0.000000000000000000e+00,7.068360000000000198e+00
2.396560000000000024e+00,0.000000000000000000e+00,-2.768229999999999996e-02
1.641369999999999862e+01,0.000000000000000000e+00,3.329400000000000154e-03
1.105400000000000027e+01,-1.038590000000000048e-19,1.472739999999999938e+00
2.438029999999999831e+01,0.000000000000000000e+00,3.145320000000000169e-04
2.656990000000000052e+01,-1.155250000000000074e-18,1.106080000000000041e+01
2.370329999999999870e+01,-3.104349999999999751e-26,1.300820000000000087e+00
3.463199999999999790e+01,0.000000000000000000e+00,5.387970000000000259e-02
3.037869999999999848e+01,-2.678999999999999991e-26,3.949449999999999905e-01
3.931550000000000011e+01,5.786670000000000049e-20,-3.371509999999999785e+00
-4.864390000000000103e-01,1.879700000000000098e-18,1.157540000000000013e+00
3.054980000000000118e+01,0.000000000000000000e+00,4.369350000000000317e-02
6.870669999999999611e+00,0.000000000000000000e+00,-1.078439999999999954e-02
3.023250000000000171e+01,5.583919999999999668e-21,2.761440000000000006e-01
-3.076560000000000183e+00,0.000000000000000000e+00,1.042969999999999953e+00
3.771130000000000138e+01,0.000000000000000000e+00,-2.651180000000000203e-01
3.468849999999999767e+01,0.000000000000000000e+00,5.283199999999999702e-02
4.092600000000000193e+01,-1.533120000000000020e-21,3.060049999999999937e+00
2.262059999999999960e+01,-9.512220000000000535e-27,1.251619999999999955e-01
1.928890000000000171e+01,0.000000000000000000e+00,2.368199999999999993e-04
3.180260000000000176e+01,0.000000000000000000e+00,2.682980000000000087e-02
2.243740000000000023e+01,4.039149999999999804e-18,4.195050000000000168e+00
4.152459999999999951e+01,0.000000000000000000e+00,-9.802610000000000490e-01
-5.677489999999999704e+00,2.375960000000000062e-20,1.928870000000000029e-01
1.188419999999999987e+01,-4.614430000000000187e-20,-2.126409999999999911e+00
3.899249999999999972e+01,-2.647279999999999931e-21,6.268730000000000135e-01
-2.045790000000000219e+00,3.463480000000000040e-19,1.315260000000000096e+00
9.079250000000000043e+00,0.000000000000000000e+00,1.570000000000000062e+00
1.682260000000000133e+01,2.680830000000000115e-24,3.859639999999999738e-01
3.313430000000000319e+01,0.000000000000000000e+00,4.271819999999999784e-02
3.293059999999999832e+01,0.000000000000000000e+00,3.180129999999999763e-02
-4.067680000000000184e+00,0.000000000000000000e+00,1.469989999999999908e+00
4.147350000000000136e+01,0.000000000000000000e+00,6.952220000000000066e-01
2.976300000000000168e+01,0.000000000000000000e+00,9.360149999999999373e-03
3.454390000000000072e+01,0.000000000000000000e+00,4.807399999999999868e-02
3.470700000000000074e+01,0.000000000000000000e+00,6.612780000000000047e-02
2.101829999999999998e+01,0.000000000000000000e+00,-3.529990000000000183e+00
4.137599999999999767e+01,0.000000000000000000e+00,-3.606529999999999792e+00
2.641319999999999979e+01,0.000000000000000000e+00,5.977790000000000187e-02
3.163680000000000092e+01,-4.503059999999999826e-18,6.108640000000000292e+00
1.554729999999999990e+01,0.000000000000000000e+00,-1.014179999999999943e-02
1.945299999999999940e+01,3.182229999999999961e-27,3.442079999999999806e+00
2.127299999999999969e+01,0.000000000000000000e+00,5.110390000000000245e-04
3.655230000000000246e+01,0.000000000000000000e+00,-3.889879999999999782e+00
2.796369999999999933e+01,-1.805820000000000014e-20,1.284030000000000005e+00
3.753620000000000090e+01,-4.884080000000000351e-24,-4.030170000000000141e-01
1.717849999999999966e+01,0.000000000000000000e+00,1.911010000000000139e-02
3.142699999999999960e+01,0.000000000000000000e+00,3.764069999999999916e-02
2.953059999999999974e+01,0.000000000000000000e+00,9.324459999999999693e-03
3.117399999999999949e+01,0.000000000000000000e+00,6.642040000000000444e-02
3.454959999999999809e+01,-8.958679999999999900e-22,3.362760000000000193e-01
2.406099999999999994e+01,0.000000000000000000e+00,4.048190000000000122e-03
2.839959999999999951e+01,0.000000000000000000e+00,6.438430000000000195e-03
2.890820000000000078e+01,0.000000000000000000e+00,-3.732650000000000023e+00
2.498549999999999827e+01,0.000000000000000000e+00,5.990439999999999654e-04
3.569299999999999784e+01,8.522589999999999120e-22,2.714880000000000071e-01
2.015990000000000038e+01,0.000000000000000000e+00,1.690309999999999990e-03
2.720909999999999940e+01,0.000000000000000000e+00,1.190939999999999924e-03
3.463400000000000034e+01,0.000000000000000000e+00,4.959999999999999826e-02
1.357019999999999982e+01,0.000000000000000000e+00,-3.969579999999999775e-01
2.430679999999999907e+01,0.000000000000000000e+00,1.987730000000000052e-03
2.008729999999999905e+01,0.000000000000000000e+00,2.991559999999999879e-03
2.812130000000000152e+01,0.000000000000000000e+00,5.187500000000000271e-03
5.356349999999999945e+00,0.000000000000000000e+00,-1.764249999999999985e-01
3.332690000000000197e+01,5.939139999999999806e-21,2.853489999999999860e+00
9.332960000000000145e-01,0.000000000000000000e+00,-1.237729999999999997e+00
2.392950000000000088e+01,0.000000000000000000e+00,-1.672430000000000083e+00
1.135469999999999935e+01,0.000000000000000000e+00,-1.984350000000000003e-02
3.913510000000000133e+01,-4.598620000000000127e-21,-1.976459999999999884e-01
-3.816180000000000128e+00,-1.038279999999999960e-19,8.141030000000000211e-01
3.565169999999999817e+01,-3.360279999999999888e-19,9.900850000000000151e+00
3.465070000000000050e+01,0.000000000000000000e+00,4.494209999999999872e-02
6.676680000000000170e+00,0.000000000000000000e+00,1.960889999999999855e-02
1.824589999999999890e+01,0.000000000000000000e+00,-3.306059999999999999e+00
2.966519999999999868e+01,0.000000000000000000e+00,-3.283700000000000063e+00
3.880290000000000106e+01,5.484960000000000356e-19,7.698590000000000266e+00
3.805429999999999779e+01,0.000000000000000000e+00,3.681900000000000173e+00
9.737099999999999866e+00,2.694349999999999979e-27,1.299830000000000083e-02
-5.221669999999999590e+00,0.000000000000000000e+00,1.150919999999999943e+00
2.542530000000000001e+01,-8.411339999999999791e-21,3.203520000000000256e-01
4.216389999999999816e+01,9.304969999999999511e-20,3.651520000000000099e+00
1.732339999999999947e+01,0.000000000000000000e+00,-3.010059999999999958e-01
4.110179999999999723e+00,0.000000000000000000e+00,8.776570000000000205e-01
1.031900000000000084e+01,0.000000000000000000e+00,3.435379999999999684e-02
1.552630000000000088e+01,0.000000000000000000e+00,-5.178099999999999925e-01
3.373239999999999839e+01,0.000000000000000000e+00,9.022170000000000190e-02
3.470649999999999835e+01,0.000000000000000000e+00,2.208459999999999868e-01
3.203979999999999961e+01,0.000000000000000000e+00,5.867580000000000018e-02
4.021470000000000056e+01,0.000000000000000000e+00,5.733970000000000233e+00
3.216409999999999769e+01,2.456930000000000109e-21,1.566160000000000052e-01
3.456110000000000326e+01,0.000000000000000000e+00,7.357809999999999351e-02
1.698170000000000002e+01,0.000000000000000000e+00,-9.593220000000000081e-01
2.322739999999999938e+01,0.000000000000000000e+00,5.308160000000000352e-04
3.880129999999999768e+01,0.000000000000000000e+00,-3.911189999999999944e+00
3.796050000000000324e+01,0.000000000000000000e+00,-8.858709999999999640e-01
3.471329999999999671e+01,0.000000000000000000e+00,6.084860000000000269e-02
3.078399999999999892e+01,-1.299220000000000048e-18,2.191009999999999902e+00
3.469429999999999836e+01,0.000000000000000000e+00,6.497110000000000385e-02
1.431859999999999999e+01,0.000000000000000000e+00,-1.694379999999999845e-02
1.338339999999999996e+01,-2.730960000000000111e-21,2.285610000000000072e-02
-2.772510000000000252e-01,0.000000000000000000e+00,8.276249999999999915e-05
3.295850000000000080e+01,0.000000000000000000e+00,6.319230000000000125e-01
3.467969999999999686e+01,0.000000000000000000e+00,4.649729999999999835e-02
9.567959999999999354e+00,1.555659999999999970e-22,4.106850000000000084e-02
2.581619999999999848e+01,-4.730950000000000189e-21,1.177369999999999944e-01
4.194819999999999993e+00,0.000000000000000000e+00,1.683850000000000069e-01
4.058330000000000126e+01,3.915659999999999874e-19,4.118120000000000225e+00
2.907369999999999877e+01,0.000000000000000000e+00,9.944490000000000274e-03
3.969579999999999842e+01,-4.614960000000000364e-19,7.774250000000000327e+00
1.862300000000000111e+01,0.000000000000000000e+00,-5.669009999999999718e-04
-4.653769999999999740e+00,-6.102499999999999884e-19,1.544999999999999929e+00
1.347180000000000044e+00,0.000000000000000000e+00,7.853780000000000205e-01
2.458909999999999840e+01,2.597819999999999825e-19,5.988590000000000302e+00
8.767300000000000537e+00,1.347950000000000067e-19,-1.159880000000000022e+00
-4.848010000000000375e+00,-4.571260000000000351e-21,-5.657800000000000329e-02
2.705420000000000158e+01,0.000000000000000000e+00,4.341760000000000064e-03
1.436580000000000013e+01,0.000000000000000000e+00,-1.644999999999999934e-02
1.527180000000000071e+01,-3.674769999999999982e-25,-2.257619999999999905e-01
3.468010000000000304e+01,0.000000000000000000e+00,4.190920000000000062e-02
3.467179999999999751e+01,0.000000000000000000e+00,4.939879999999999965e-02
1.843669999999999831e+01,5.647930000000000071e-22,9.043060000000000334e-03
2.956340000000000146e+01,-7.791579999999999385e-21,3.700829999999999953e-01
3.467390000000000327e+01,0.000000000000000000e+00,4.384210000000000190e-02
2.219460000000000122e+01,0.000000000000000000e+00,6.432639999999999886e-03
3.279059999999999775e+01,0.000000000000000000e+00,6.712609999999999411e-02
1.976340000000000074e+01,0.000000000000000000e+00,4.161279999999999840e-04
2.917510000000000048e+01,0.000000000000000000e+00,2.602480000000000071e-02
2.849709999999999965e+01,0.000000000000000000e+00,1.238829999999999966e-02
3.340339999999999776e+01,0.000000000000000000e+00,3.596690000000000303e-02
-5.936110000000000220e+00,0.000000000000000000e+00,4.281929999999999764e-02
2.939939999999999998e+01,0.000000000000000000e+00,4.340630000000000183e-02
3.253119999999999834e+01,0.000000000000000000e+00,-4.132430000000000270e+00
2.894940000000000069e+01,-1.909320000000000019e-20,3.562619999999999898e+00
1.948450000000000060e+01,0.000000000000000000e+00,1.023409999999999975e+01
2.334959999999999880e+01,0.000000000000000000e+00,5.055930000000000146e-03
-2.705600000000000005e+00,0.000000000000000000e+00,-2.747569999999999873e-02
3.463949999999999818e+01,0.000000000000000000e+00,5.305590000000000306e-02
-4.908649999999999958e-01,0.000000000000000000e+00,1.297659999999999925e-01
1.683409999999999940e+01,0.000000000000000000e+00,1.669609999999999974e-03
2.877329999999999899e+01,0.000000000000000000e+00,1.045719999999999983e-02
3.484360000000000213e+01,-5.213980000000000442e-22,6.672590000000000465e-01
1.969590000000000174e+01,0.000000000000000000e+00,-1.393119999999999914e+00
3.801299999999999812e+01,0.000000000000000000e+00,-3.850200000000000067e+00
3.494870000000000232e+01,-1.257719999999999987e-22,1.492439999999999989e+00
3.905490000000000350e+01,0.000000000000000000e+00,-3.609859999999999847e+00
3.467640000000000100e+01,0.000000000000000000e+00,4.601700000000000235e-02
2.424769999999999825e+01,5.817020000000000115e-26,1.528869999999999951e+00
3.279500000000000171e+01,0.000000000000000000e+00,3.872500000000000248e-02
1.683190000000000097e+01,5.501530000000000118e-25,6.818819999999999742e-03
1.032649999999999935e+01,0.000000000000000000e+00,3.459029999999999744e-02
1.735729999999999862e+01,0.000000000000000000e+00,-2.208799999999999913e-03
1.109699999999999953e+01,0.000000000000000000e+00,-9.657360000000000388e-01
2.099569999999999936e+00,0.000000000000000000e+00,-1.441060000000000084e-02
3.470660000000000167e+01,0.000000000000000000e+00,6.982739999999999780e-02
2.393769999999999953e+01,0.000000000000000000e+00,3.410339999999999878e-04
3.783460000000000178e+01,-4.369030000000000394e-19,-3.786680000000000046e+00
2.612120000000000175e+01,0.000000000000000000e+00,3.412439999999999918e-02
3.892029999999999745e+01,0.000000000000000000e+00,6.902219999999999800e+00
1.026309999999999967e+01,0.000000000000000000e+00,4.083289999999999836e-02
3.005120000000000147e+01,0.000000000000000000e+00,6.668420000000000458e-01
4.235719999999999885e+01,-2.793599999999999863e-20,2.167089999999999961e+00
1.279979999999999940e+01,1.442680000000000027e-27,1.809459999999999888e-02
1.925769999999999982e+01,2.535420000000000149e-20,1.059090000000000087e+00
4.260699999999999932e+01,-2.830350000000000120e-20,1.067460000000000075e+00
1.206029999999999980e+01,0.000000000000000000e+00,-1.219459999999999988e+00
-2.888729999999999798e+00,-1.796649999999999989e-18,2.008309999999999818e+00
3.450269999999999726e+01,0.000000000000000000e+00,1.890149999999999886e-01
8.368090000000000472e+00,0.000000000000000000e+00,-3.694580000000000086e-02
3.829209999999999781e+01,0.000000000000000000e+00,2.826350000000000251e-01
2.529550000000000054e+01,0.000000000000000000e+00,4.478729999999999656e+00
3.498010000000000019e+01,0.000000000000000000e+00,3.767659999999999898e-01
3.816610000000000014e+01,9.530079999999999201e-22,-3.799249999999999794e+00
3.346399999999999864e+01,-5.882230000000000169e-19,1.464760000000000062e+00
1.059379999999999988e+01,0.000000000000000000e+00,-1.183320000000000066e-01
4.173400000000000176e+01,0.000000000000000000e+00,3.910540000000000127e+00
3.464479999999999649e+01,0.000000000000000000e+00,1.443260000000000029e-03
6.969500000000000028e+00,0.000000000000000000e+00,-1.025610000000000063e-02
3.176210000000000022e+01,0.000000000000000000e+00,2.148709999999999856e-02
3.932330000000000325e+01,0.000000000000000000e+00,2.216219999999999857e+00
-2.225919999999999899e+00,0.000000000000000000e+00,6.098590000000000400e-01
3.461180000000000234e+01,0.000000000000000000e+00,4.922309999999999880e-02
3.465550000000000352e+01,0.000000000000000000e+00,-1.214639999999999991e-02
2.460770000000000124e+01,-6.625450000000000389e-25,4.641880000000000311e-02
2.508609999999999829e+01,0.000000000000000000e+00,2.738610000000000263e-04
4.077790000000000248e+01,5.931819999999999764e-19,-3.695679999999999854e+00
3.663660000000000139e+01,0.000000000000000000e+00,-3.035639999999999894e+00
3.469850000000000279e+01,0.000000000000000000e+00,5.592269999999999880e-02
1.915449999999999875e+01,0.000000000000000000e+00,2.062390000000000057e-02
3.471130000000000138e+01,0.000000000000000000e+00,8.950180000000000635e-02
3.468480000000000274e+01,0.000000000000000000e+00,4.697420000000000068e-02
4.270859999999999701e+01,0.000000000000000000e+00,-1.313360000000000083e+00
2.879720000000000013e+01,0.000000000000000000e+00,7.227599999999999580e-01
1.400200000000000067e+01,-4.345610000000000011e-23,-5.601289999999999741e-02
3.461760000000000304e+01,0.000000000000000000e+00,1.673929999999999862e-01
-3.248450000000000060e+00,0.000000000000000000e+00,8.528529999999999722e-01
2.762409999999999854e+01,0.000000000000000000e+00,6.190120000000000344e-03
1.202720000000000056e+01,1.741599999999999918e-22,1.387359999999999982e-02
3.448530000000000229e+01,8.700490000000000478e-27,4.269459999999999922e-01
3.467289999999999850e+01,0.000000000000000000e+00,4.112350000000000033e-02
3.157110000000000127e+01,-1.989719999999999992e-20,5.395679999999999588e+00
3.536500000000000199e+01,0.000000000000000000e+00,9.950100000000000833e+00
2.137640000000000029e+01,0.000000000000000000e+00,4.136210000000000407e-03
2.557209999999999894e+01,-2.663559999999999983e-21,4.163660000000000277e-02
2.986850000000000094e+01,0.000000000000000000e+00,1.892320000000000113e-02
1.657819999999999894e+01,0.000000000000000000e+00,2.628129999999999789e-03
3.465699999999999648e+01,0.000000000000000000e+00,3.074500000000000149e-02
3.740229999999999677e+01,1.868770000000000033e-19,-3.075309999999999988e+00
2.281769999999999854e+01,-1.098759999999999987e-26,3.044219999999999912e-02
3.469599999999999795e+01,0.000000000000000000e+00,4.681910000000000238e-02
2.260320000000000107e+01,2.512770000000000058e-26,2.712260000000000226e-01
3.464050000000000296e+01,0.000000000000000000e+00,5.243149999999999894e-02
-5.103819999999999801e+00,0.000000000000000000e+00,-5.855969999999999925e-02
-1.133820000000000050e+00,0.000000000000000000e+00,3.797670000000000212e-01
2.679550000000000054e+01,2.373749999999999880e-27,6.228680000000000327e-02
2.032110000000000127e+01,0.000000000000000000e+00,-2.256860000000000073e-04
3.053859999999999886e+01,0.000000000000000000e+00,1.475740000000000038e-02
3.975730000000000075e+01,9.242050000000000193e-21,-1.616619999999999946e+00
3.464430000000000121e+01,0.000000000000000000e+00,-3.779119999999999702e-02
3.465030000000000143e+01,0.000000000000000000e+00,2.607589999999999908e-02
2.828340000000000032e+01,0.000000000000000000e+00,8.890429999999999514e-03
3.087180000000000035e+01,0.000000000000000000e+00,1.887849999999999945e-02
2.048880000000000123e+01,0.000000000000000000e+00,3.862229999999999917e-03
3.537590000000000146e+01,0.000000000000000000e+00,-1.926960000000000006e+00
1.048509999999999920e+01,0.000000000000000000e+00,-1.167080000000000027e-02
2.599739999999999895e+01,0.000000000000000000e+00,2.041669999999999943e-02
3.915449999999999875e+01,-1.097980000000000053e-20,3.007690000000000197e+00
1.721799999999999997e+01,0.000000000000000000e+00,1.313040000000000019e-04
-4.206129999999999924e+00,0.000000000000000000e+00,1.125350000000000072e+00
8.769199999999999662e+00,0.000000000000000000e+00,-8.631480000000000402e-03
-2.638250000000000206e+00,0.000000000000000000e+00,1.947040000000000104e+00
1.747759999999999891e+01,2.388230000000000085e-27,2.954599999999999935e-02
4.062349999999999994e+01,-5.279339999999999636e-19,6.722819999999999574e+00
3.473169999999999646e+01,0.000000000000000000e+00,1.728369999999999906e-01
2.599609999999999843e+01,1.501359999999999966e-21,6.049439999999999679e-02
3.363689999999999714e+01,2.934069999999999935e-27,2.976690000000000169e-01
2.794869999999999877e+01,0.000000000000000000e+00,4.064729999999999906e-03
3.627590000000000003e+01,0.000000000000000000e+00,-3.686710000000000154e+00
4.420010000000000439e+00,-3.794840000000000093e-27,8.298770000000000452e-03
3.396690000000000254e+01,-8.316330000000000092e-26,3.386789999999999967e+00
4.004030000000000200e+01,1.018509999999999945e-18,-3.797429999999999861e+00
3.463020000000000209e+01,0.000000000000000000e+00,5.778339999999999865e-02
4.193439999999999657e+01,0.000000000000000000e+00,6.088289999999999758e+00
3.091570000000000107e+01,0.000000000000000000e+00,2.344759999999999900e-02
3.303119999999999834e+01,0.000000000000000000e+00,3.295109999999999706e-02
3.937969999999999970e+01,0.000000000000000000e+00,5.363620000000000054e+00
3.869839999999999947e+01,1.762079999999999939e-19,1.315690000000000026e+00
3.413309999999999889e+01,-5.417399999999999962e-19,9.720079999999999387e+00
9.487270000000000536e+00,0.000000000000000000e+00,-2.199300000000000033e+00
4.253690000000000282e+01,1.632939999999999966e-19,-2.144019999999999815e+00
3.219100000000000250e+01,-1.379550000000000081e-20,6.101630000000000109e-01
3.826700000000000301e+01,0.000000000000000000e+00,5.574519999999999698e+00
2.730399999999999849e+01,0.000000000000000000e+00,7.736879999999999799e-03
1.982069999999999865e+01,0.000000000000000000e+00,5.967190000000000038e-04
3.356230000000000047e+01,0.000000000000000000e+00,8.559499999999999886e+00
4.195969999999999800e+01,-4.524040000000000334e-22,1.187480000000000091e+00
3.452729999999999677e+01,3.719130000000000154e-22,1.609150000000000080e+00
2.968759999999999977e+01,0.000000000000000000e+00,5.149209999999999898e-02
3.432480000000000331e+01,-2.569259999999999763e-19,9.445240000000000080e+00
-2.222999999999999865e+00,0.000000000000000000e+00,1.872740000000000071e+00
2.497609999999999886e+01,0.000000000000000000e+00,2.590370000000000172e-01
2.466009999999999813e+00,-9.204739999999999901e-20,-8.514429999999999499e-01
3.279970000000000141e+01,0.000000000000000000e+00,6.606380000000000585e-02
7.357310000000000016e+00,8.131949999999999524e-21,5.703059999999999796e-01
3.483330000000000126e+01,2.534910000000000019e-19,-1.202890000000000015e+00
4.354619999999999891e+01,0.000000000000000000e+00,2.512199999999999989e+00
-1.268029999999999990e+00,0.000000000000000000e+00,-4.819640000000000035e-01
3.128130000000000166e+01,-2.459010000000000203e-22,-1.360940000000000039e+00
2.420479999999999876e+01,0.000000000000000000e+00,4.730169999999999687e-03
2.722810000000000130e+01,0.000000000000000000e+00,8.481119999999999978e-03
3.369570000000000221e+01,0.000000000000000000e+00,3.905430000000000013e-02
9.898979999999999890e+00,0.000000000000000000e+00,1.244600000000000047e-02
-3.095819999999999794e+00,0.000000000000000000e+00,-5.883879999999999666e-02
4.059199999999999875e+01,-2.485650000000000136e-19,5.889710000000000001e+00
1.653729999999999833e+01,0.000000000000000000e+00,1.058680000000000038e-02
3.466360000000000241e+01,0.000000000000000000e+00,3.378710000000000047e-02
3.467119999999999891e+01,0.000000000000000000e+00,8.266610000000000624e-02
-3.672169999999999934e+00,-8.428059999999999570e-22,9.464369999999999727e-01
3.468449999999999989e+01,0.000000000000000000e+00,2.405180000000000165e-02
3.365209999999999724e+01,-1.311669999999999998e-20,8.764849999999999586e-01
3.468370000000000175e+01,0.000000000000000000e+00,4.832009999999999778e-02
-2.806729999999999947e+00,0.000000000000000000e+00,-1.318989999999999885e-01
1.681490000000000151e+01,-5.118740000000000274e-19,8.507789999999999964e+00
2.248639999999999972e+01,0.000000000000000000e+00,1.245340000000000108e-04
9.419919999999999405e+00,0.000000000000000000e+00,-2.513970000000000038e+00
4.397370000000000090e+01,0.000000000000000000e+00,2.698749999999999982e+00
3.755169999999999675e+01,0.000000000000000000e+00,-2.982279999999999820e+00
4.143149999999999977e+01,-5.615270000000000336e-21,-9.509650000000000047e-02
3.638499999999999801e+01,0.000000000000000000e+00,6.451290000000000191e+00
1.432199999999999918e+01,0.000000000000000000e+00,-1.224390000000000027e-02
3.464330000000000354e+01,0.000000000000000000e+00,5.129840000000000094e-02
1.396470000000000056e+01,0.000000000000000000e+00,-7.591269999999999962e-01
2.874950000000000117e+01,0.000000000000000000e+00,-4.511800000000000033e+00
3.464750000000000085e+01,0.000000000000000000e+00,4.991659999999999847e-02
3.438210000000000122e+01,0.000000000000000000e+00,5.207889999999999742e-02
2.957730000000000103e+01,0.000000000000000000e+00,2.546649999999999955e-02
1.601460000000000150e+01,0.000000000000000000e+00,-1.069280000000000008e+00
1.861189999999999856e+01,-7.083089999999999938e-25,-6.635879999999999557e-01
2.371969999999999956e+01,0.000000000000000000e+00,8.682940000000000103e-03
1.423489999999999966e+01,0.000000000000000000e+00,-3.312430000000000097e-01
3.358330000000000126e+01,0.000000000000000000e+00,1.053800000000000070e+00
3.466299999999999670e+01,0.000000000000000000e+00,4.296660000000000063e-02
2.510229999999999961e+01,0.000000000000000000e+00,1.122689999999999973e-02
3.449369999999999692e+01,0.000000000000000000e+00,4.882319999999999716e-02
3.467569999999999908e+01,0.000000000000000000e+00,4.238750000000000157e-02
3.468469999999999942e+01,0.000000000000000000e+00,2.147340000000000082e-01
-4.967550000000000132e+00,-2.496529999999999861e-19,1.067290000000000072e+00
2.211420000000000030e+01,0.000000000000000000e+00,6.513439999999999898e-04
3.811979999999999791e+01,0.000000000000000000e+00,-9.375970000000000137e-01
4.077600000000000335e+01,0.000000000000000000e+00,-1.921259999999999912e-01
4.118469999999999942e+01,-2.503489999999999881e-19,-2.901089999999999947e+00
2.837399999999999878e+01,0.000000000000000000e+00,1.145350000000000090e+00
3.081559999999999988e+01,-1.810239999999999929e-18,9.097910000000000608e+00
3.485609999999999786e+01,-5.961350000000000384e-22,7.879209999999999825e-01
3.443599999999999994e+01,0.000000000000000000e+00,4.678059999999999857e-02
3.469760000000000133e+01,0.000000000000000000e+00,9.401339999999999697e-02
3.481199999999999761e+01,0.000000000000000000e+00,4.515460000000000029e-01
3.465500000000000114e+01,0.000000000000000000e+00,-5.434590000000000427e-03
2.536820000000000164e+01,0.000000000000000000e+00,6.776980000000000504e-02
3.468769999999999953e+01,0.000000000000000000e+00,4.694949999999999818e-02
2.725700000000000145e+01,0.000000000000000000e+00,7.014229999999999771e-03
1.571679999999999922e+01,3.554609999999999881e-25,-2.896779999999999911e-01
3.467920000000000158e+01,0.000000000000000000e+00,8.464270000000000127e-02
2.459219999999999828e+01,3.085179999999999735e-20,1.881550000000000056e+00
2.091059999999999874e+01,0.000000000000000000e+00,1.053819999999999930e-02
3.463110000000000355e+01,0.000000000000000000e+00,1.142879999999999938e-02
-3.293909999999999894e+00,4.038849999999999794e-20,-6.662099999999999793e-04
3.036110000000000042e+01,0.000000000000000000e+00,1.358520000000000040e-02
2.500379999999999825e+01,0.000000000000000000e+00,-2.140450000000000013e-04
1.858510000000000062e+01,0.000000000000000000e+00,-1.015409999999999924e+00
3.429529999999999745e+01,0.000000000000000000e+00,4.735009999999999913e-02
2.640749999999999886e+01,0.000000000000000000e+00,1.699289999999999828e-02
3.463309999999999889e+01,0.000000000000000000e+00,4.889299999999999896e-02
5.735009999999999941e+00,0.000000000000000000e+00,-1.596950000000000092e+00
3.467629999999999768e+01,0.000000000000000000e+00,8.807629999999999626e-02
4.100959999999999894e+01,7.643010000000000402e-20,-1.278459999999999930e+00
3.464549999999999841e+01,0.000000000000000000e+00,4.988360000000000016e-02
1.935820000000000007e+01,-5.433119999999999641e-26,-6.532240000000000268e-01
3.775070000000000192e+01,0.000000000000000000e+00,1.418160000000000087e+00
2.815990000000000038e+01,0.000000000000000000e+00,1.812990000000000088e-02
2.889000000000000057e+01,0.000000000000000000e+00,6.091649999999999669e-03
1.333660000000000068e+01,0.000000000000000000e+00,-1.055679999999999952e-01
3.919400000000000261e+01,0.000000000000000000e+00,9.763889999999999514e-01
-1.785090000000000066e+00,0.000000000000000000e+00,1.022469999999999990e+00
3.570720000000000027e+01,0.000000000000000000e+00,3.333670000000000133e+00
2.501060000000000016e+01,0.000000000000000000e+00,7.484349999999999586e-05
2.393380000000000152e+01,2.105830000000000081e-21,-2.404529999999999834e+00
1.256390000000000029e+01,0.000000000000000000e+00,-1.810060000000000002e+00
1.309029999999999916e+01,0.000000000000000000e+00,-1.087729999999999947e-01
4.215899999999999892e+01,-1.977149999999999986e-20,1.665049999999999919e+00
1.731330000000000169e+01,0.000000000000000000e+00,-2.240310000000000024e+00
3.469039999999999679e+01,0.000000000000000000e+00,4.662410000000000165e-02
4.251270000000000238e+01,2.901980000000000177e-19,4.570899999999999963e+00
3.744989999999999952e+01,0.000000000000000000e+00,5.879520000000000302e+00
1.728849999999999909e+01,-4.776910000000000107e-18,1.805199999999999916e+00
4.259989999999999810e+01,-3.625090000000000089e-20,-7.567350000000000465e-01
3.832529999999999859e+01,0.000000000000000000e+00,-2.611260000000000137e+00
3.461820000000000164e+01,-5.720240000000000246e-22,1.008070000000000022e+00
3.463620000000000232e+01,0.000000000000000000e+00,9.905360000000000553e-02
3.658509999999999707e+01,1.943759999999999894e-18,6.626710000000000100e+00
3.464770000000000039e+01,0.000000000000000000e+00,1.138730000000000020e-01
3.473349999999999937e+01,0.000000000000000000e+00,6.235090000000000077e-02
6.659480000000000288e+00,0.000000000000000000e+00,5.970010000000000421e-03
2.277620000000000200e+00,3.382819999999999885e-19,-9.533669999999999645e-02
3.961200000000000188e+01,-8.698479999999999983e-22,5.179650000000000087e-01
2.711809999999999832e+01,-5.163169999999999814e-19,1.130380000000000074e+01
2.643599999999999994e+01,-9.204469999999999570e-26,1.634929999999999994e+00
1.369689999999999941e+01,0.000000000000000000e+00,-2.135559999999999958e-01
3.405190000000000339e+01,0.000000000000000000e+00,4.461699999999999694e-02
8.765969999999999374e+00,0.000000000000000000e+00,-1.846200000000000063e-01
4.287089999999999890e+01,0.000000000000000000e+00,8.078210000000000113e-01
3.450390000000000157e+01,-1.943910000000000140e-21,2.167739999999999945e-01
2.713820000000000121e+01,0.000000000000000000e+00,1.203889999999999960e-01
-1.774529999999999996e-01,0.000000000000000000e+00,-1.055360000000000076e+00
3.230420000000000158e+01,0.000000000000000000e+00,7.765900000000000580e-02
3.468139999999999645e+01,0.000000000000000000e+00,4.479960000000000192e-02
6.624690000000000190e+00,0.000000000000000000e+00,6.812200000000000026e-03
3.447180000000000177e+01,2.083709999999999960e-21,4.883520000000000083e-01
6.636260000000000048e+00,0.000000000000000000e+00,4.193620000000000334e-03
2.400880000000000081e+01,0.000000000000000000e+00,5.239749999999999833e-04
1.456090000000000018e+01,0.000000000000000000e+00,-3.764599999999999891e-02
2.208180000000000121e+01,0.000000000000000000e+00,6.731670000000000145e-04
3.619039999999999679e+01,0.000000000000000000e+00,-2.254760000000000097e+00
3.264090000000000202e+01,-9.420989999999999557e-21,1.267930000000000001e+00
2.995670000000000144e+01,0.000000000000000000e+00,2.434849999999999862e-02
1.206879999999999953e+01,0.000000000000000000e+00,4.195449999999999874e-02
4.301140000000000185e+01,0.000000000000000000e+00,3.644029999999999880e+00
2.959580000000000055e+01,0.000000000000000000e+00,9.506749999999999576e-03
2.827439999999999998e+01,0.000000000000000000e+00,4.229919999999999861e-03
2.498710000000000164e+01,0.000000000000000000e+00,3.596859999999999946e+00
2.745309999999999917e+01,0.000000000000000000e+00,3.091949999999999994e-03
2.134799999999999898e+01,0.000000000000000000e+00,3.354489999999999902e-03
5.382379999999999942e-01,0.000000000000000000e+00,-3.099800000000000125e-02
3.455980000000000274e+01,5.171920000000000300e-22,8.319990000000000441e-01
3.422310000000000230e+01,0.000000000000000000e+00,4.519899999999999807e+00
8.189120000000000843e+00,0.000000000000000000e+00,-2.007839999999999903e-01
1.541499999999999915e+01,0.000000000000000000e+00,-3.039210000000000189e+00
4.062819999999999965e+01,0.000000000000000000e+00,-2.383789999999999853e+00
2.019369999999999976e+01,0.000000000000000000e+00,1.645729999999999979e-03
3.467300000000000182e+01,0.000000000000000000e+00,4.736909999999999732e-02
3.421059999999999945e+01,0.000000000000000000e+00,5.161029999999999784e-02
1.077829999999999977e+01,0.000000000000000000e+00,-6.403409999999999658e-02
-5.251140000000000363e+00,2.719410000000000077e-18,1.007870000000000044e+00
3.644610000000000127e+01,0.000000000000000000e+00,-2.073300000000000143e+00
3.460549999999999926e+01,0.000000000000000000e+00,9.072900000000000409e-02
2.418110000000000070e+01,0.000000000000000000e+00,6.194630000000000081e+00
2.811169999999999902e+01,0.000000000000000000e+00,9.851610000000000866e+00
2.661609999999999943e+01,0.000000000000000000e+00,6.816449999999999676e+00
3.466660000000000252e+01,0.000000000000000000e+00,6.055370000000000197e-02
-4.017710000000000115e+00,-2.761169999999999832e-23,2.011929999999999968e-02
3.463839999999999719e+01,0.000000000000000000e+00,2.189019999999999855e-02
3.285580000000000211e+01,0.000000000000000000e+00,4.034200000000000230e+00
3.456880000000000308e+01,0.000000000000000000e+00,4.797629999999999950e-02
1.807939999999999969e+01,0.000000000000000000e+00,-6.840210000000000214e-03
-1.270499999999999963e+00,0.000000000000000000e+00,-2.843810000000000088e-02
3.466120000000000090e+01,0.000000000000000000e+00,3.283069999999999738e-02
2.398770000000000024e+01,0.000000000000000000e+00,-2.138069999999999945e-04
3.231700000000000017e+01,-3.338770000000000136e-22,1.725119999999999987e+00
3.939529999999999887e+01,4.014520000000000248e-20,4.186910000000000132e+00
2.716379999999999839e+01,6.297560000000000147e-21,3.599479999999999902e-01
2.392070000000000007e+01,0.000000000000000000e+00,-3.586279999999999912e+00
3.471300000000000097e+01,0.000000000000000000e+00,-5.712960000000000434e-03
2.498320000000000007e+01,0.000000000000000000e+00,4.732210000000000149e-04
1.032629999999999981e+01,0.000000000000000000e+00,3.170239999999999864e-02
4.101080000000000325e+01,-9.706470000000000096e-22,5.936789999999999567e-01
2.928979999999999961e+01,0.000000000000000000e+00,1.470680000000000077e-02
-3.487789999999999946e+00,0.000000000000000000e+00,-7.866889999999999994e-02
2.088529999999999998e+00,0.000000000000000000e+00,-6.337949999999999973e-01
3.513439999999999941e+01,-3.193510000000000023e-19,9.439519999999999911e+00
3.463499999999999801e+01,0.000000000000000000e+00,5.532279999999999837e-02
3.471179999999999666e+01,0.000000000000000000e+00,4.085350000000000092e-02
3.850699999999999790e+01,7.709060000000000144e-22,5.956789999999999807e+00
2.473600000000000065e+01,0.000000000000000000e+00,9.754880000000000495e-04
-1.706150000000000055e+00,0.000000000000000000e+00,1.138819999999999943e+00
3.176089999999999947e+01,-2.445680000000000000e-26,4.943690000000000029e-01
-1.835139999999999993e+00,0.000000000000000000e+00,1.473379999999999912e+00
8.108750000000000568e+00,0.000000000000000000e+00,-2.353650000000000020e+00
2.348679999999999879e+01,0.000000000000000000e+00,4.975969999999999699e-02
2.904189999999999827e+01,3.275830000000000215e-22,1.106230000000000047e+01
2.714189999999999969e+01,0.000000000000000000e+00,1.183170000000000098e-03
9.929520000000000124e+00,0.000000000000000000e+00,-1.246249999999999997e-01
2.762450000000000117e+01,0.000000000000000000e+00,7.595279999999999809e+00
-3.746879999999999988e+00,0.000000000000000000e+00,1.693030000000000035e+00
4.333050000000000068e+01,-2.362320000000000192e-19,-2.488459999999999894e+00
1.997449999999999903e+01,0.000000000000000000e+00,-8.274709999999999566e-01
4.174589999999999890e+01,-4.007370000000000059e-19,-3.100610000000000088e+00
3.945130000000000337e+01,0.000000000000000000e+00,-2.847339999999999871e-01
3.479149999999999920e+01,0.000000000000000000e+00,-6.421250000000000568e-02
4.212299999999999756e+01,0.000000000000000000e+00,-3.264609999999999790e+00
2.682069999999999865e+01,0.000000000000000000e+00,6.372389999999999478e-04
3.428470000000000084e+01,0.000000000000000000e+00,4.751049999999999718e-02
3.408379999999999654e+01,1.969439999999999978e-22,-1.180500000000000105e+00
2.579889999999999972e+01,2.023120000000000150e-20,6.673440000000000483e-01
3.193009999999999948e+01,0.000000000000000000e+00,-2.481310000000000127e+00
-5.277409999999999712e+00,-1.342130000000000045e-20,-4.337239999999999845e-02
4.094899999999999807e+01,-3.092549999999999772e-19,-3.052929999999999922e+00
3.464229999999999876e+01,0.000000000000000000e+00,4.571689999999999782e-02
3.470940000000000225e+01,0.000000000000000000e+00,6.689939999999999776e-02
3.107019999999999982e+01,8.607959999999999671e-21,8.784940000000000637e+00
3.469039999999999679e+01,0.000000000000000000e+00,5.116629999999999789e-02
1.688510000000000133e+01,-3.432299999999999919e-27,2.330160000000000009e-01
2.085549999999999926e+01,-2.887110000000000026e-21,6.387500000000000122e-02
3.470020000000000238e+01,0.000000000000000000e+00,5.893980000000000052e-02
-3.064979999999999816e+00,0.000000000000000000e+00,-1.626769999999999883e-01
3.287369999999999948e+01,0.000000000000000000e+00,-1.763789999999999969e+00
3.471130000000000138e+01,0.000000000000000000e+00,7.065539999999999321e-02
3.183849999999999980e+01,3.040199999999999912e-19,-5.538689999999999447e-01
3.466629999999999967e+01,0.000000000000000000e+00,4.570710000000000051e-02
4.097729999999999961e+01,-6.121319999999999826e-21,8.187309999999999865e-01
2.391629999999999967e+01,-3.970019999999999651e-24,-1.025449999999999973e+00
3.760009999999999764e+01,0.000000000000000000e+00,-4.082399999999999807e+00
2.776930000000000121e+01,0.000000000000000000e+00,5.138109999999999900e-02
7.333459999999999646e+00,0.000000000000000000e+00,-1.942749999999999977e+00
3.153300000000000125e+01,0.000000000000000000e+00,1.968419999999999892e-02
3.300240000000000151e+01,-1.615060000000000015e-22,4.198819999999999775e-01
2.746450000000000102e+01,0.000000000000000000e+00,2.946359999999999865e-03
1.045160000000000089e+00,0.000000000000000000e+00,-1.185019999999999962e+00
3.450549999999999784e+01,0.000000000000000000e+00,1.392839999999999911e-01
-1.963549999999999907e+00,9.549860000000000197e-19,1.721700000000000008e+00
3.413810000000000144e+01,4.130869999999999675e-21,1.221780000000000088e+00
3.466819999999999879e+01,0.000000000000000000e+00,4.732580000000000120e-02
2.194659999999999833e+00,0.000000000000000000e+00,-1.800039999999999973e-02
1.736430000000000007e+01,0.000000000000000000e+00,-9.881320000000000728e-03
2.466870000000000118e+01,0.000000000000000000e+00,1.491899999999999997e-02
3.470960000000000178e+01,0.000000000000000000e+00,5.581850000000000006e-02
3.914950000000000330e+01,3.940479999999999986e-19,-4.486679999999999779e+00
3.416980000000000217e+01,2.762959999999999887e-27,3.089310000000000112e-01
3.501599999999999824e+01,1.636450000000000015e-20,5.208759999999999835e+00
3.480749999999999744e+01,4.409899999999999866e-26,2.368570000000000064e+00
8.798209999999999198e+00,1.309910000000000037e-19,-1.203580000000000094e+00
-2.388030000000000097e+00,1.686870000000000061e-18,1.989119999999999999e+00
2.032329999999999970e+01,0.000000000000000000e+00,1.441589999999999972e-03
2.261479999999999890e+01,0.000000000000000000e+00,1.510039999999999993e-02
2.301790000000000092e+01,0.000000000000000000e+00,6.040399999999999589e-03
3.588880000000000337e+01,0.000000000000000000e+00,-1.565280000000000005e+00
2.211680000000000135e+01,0.000000000000000000e+00,7.922910000000000022e-03
4.356049999999999756e+00,0.000000000000000000e+00,-1.832459999999999978e+00
3.609340000000000259e+01,0.000000000000000000e+00,7.334950000000000081e+00
2.174230000000000107e+00,0.000000000000000000e+00,-2.351330000000000087e-02
2.375799999999999912e+01,0.000000000000000000e+00,-1.729119999999999990e+00
1.525680000000000014e+01,0.000000000000000000e+00,-8.205940000000000456e-01
3.589719999999999800e+01,0.000000000000000000e+00,-1.620770000000000044e+00
2.162930000000000064e+01,0.000000000000000000e+00,9.512270000000000447e-02
1.202410000000000068e+01,0.000000000000000000e+00,-2.389370000000000105e-01
1.232939999999999969e+01,0.000000000000000000e+00,-4.384990000000000068e-03
2.663060000000000116e+01,0.000000000000000000e+00,3.121529999999999964e-03
2.687650000000000006e+01,2.105539999999999814e-18,-4.277359999999999829e+00
2.386720000000000041e+01,0.000000000000000000e+00,2.861269999999999959e-03
2.359659999999999869e+01,6.626680000000000100e-26,2.340609999999999857e+00
2.437440000000000140e+01,0.000000000000000000e+00,-9.816339999999999344e-07
2.185740000000000016e+00,0.000000000000000000e+00,-2.352049999999999974e-02
3.657849999999999824e+01,0.000000000000000000e+00,-2.864430000000000032e+00
1.261209999999999987e+01,0.000000000000000000e+00,-9.463709999999999622e-01
1.875159999999999938e+00,0.000000000000000000e+00,-1.454019999999999965e-02
2.450499999999999901e+01,0.000000000000000000e+00,-2.769239999999999924e+00
1.685760000000000147e+01,0.000000000000000000e+00,6.666610000000000369e+00
1.635269999999999868e+01,0.000000000000000000e+00,9.927160000000000650e+00
4.203609999999999758e+01,0.000000000000000000e+00,-2.733379999999999921e+00
4.115409999999999968e+01,0.000000000000000000e+00,2.777649999999999952e+00
1.359130000000000038e+01,0.000000000000000000e+00,3.662069999999999909e-03
3.463269999999999982e+01,0.000000000000000000e+00,1.338920000000000041e-02
2.433879999999999910e+01,0.000000000000000000e+00,9.971430000000000311e-04
3.908370000000000033e+01,3.554459999999999851e-22,2.924139999999999961e+00
3.562149999999999750e+01,0.000000000000000000e+00,-3.460719999999999796e+00
3.140439999999999898e+01,0.000000000000000000e+00,3.968089999999999812e-02
3.022439999999999927e+01,0.000000000000000000e+00,1.668009999999999979e-02
2.029250000000000043e+01,0.000000000000000000e+00,2.179490000000000073e-03
3.209309999999999974e+01,0.000000000000000000e+00,5.283460000000000240e-02
7.498370000000000424e+00,0.000000000000000000e+00,-6.239949999999999664e-01
9.640280000000000626e+00,-2.334490000000000183e-21,3.158919999999999957e-03
2.519369999999999887e+00,0.000000000000000000e+00,-7.728049999999999642e-01
3.500730000000000075e+01,-2.352420000000000152e-19,-2.995550000000000157e+00
3.480719999999999814e+00,4.685910000000000047e-20,-9.868249999999999522e-01
1.714789999999999992e+01,0.000000000000000000e+00,5.754189999999999739e-04
3.503269999999999840e+01,0.000000000000000000e+00,-3.177519999999999900e+00
-1.935619999999999896e+00,9.650760000000000369e-20,6.957430000000000558e-02
1.981940000000000168e+01,-7.568620000000000020e-22,9.420480000000000173e-03
4.138550000000000040e+01,1.994530000000000048e-19,2.965250000000000163e+00
1.161410000000000053e+01,0.000000000000000000e+00,6.968270000000000408e+00
9.986829999999999430e+00,1.879769999999999955e-22,4.120920000000000138e-02
3.455409999999999826e+01,1.199990000000000039e-21,2.496970000000000023e-01
1.287829999999999941e+01,0.000000000000000000e+00,-1.002029999999999935e-02
-2.923700000000000188e+00,-1.085519999999999983e-18,2.042590000000000128e+00
3.877909999999999968e+01,0.000000000000000000e+00,-2.646599999999999842e+00
3.234779999999999944e+01,0.000000000000000000e+00,8.862249999999999517e+00
2.011050000000000004e+00,9.003409999999999497e-23,-2.195640000000000092e-02
4.172379999999999711e+01,1.511730000000000006e-19,5.150170000000000137e+00
1.014980000000000082e+01,0.000000000000000000e+00,4.101810000000000178e-02
3.183230000000000004e+01,0.000000000000000000e+00,8.967669999999999808e-02
3.407410000000000139e+01,4.012979999999999897e-23,2.162489999999999968e-01
1.841619999999999990e+01,0.000000000000000000e+00,2.218739999999999862e-03
3.469919999999999760e+01,0.000000000000000000e+00,4.846269999999999745e-02
3.471070000000000277e+01,0.000000000000000000e+00,7.983750000000000568e-02
2.801259999999999906e+01,0.000000000000000000e+00,6.239449999999999684e-03
8.419449999999999434e+00,0.000000000000000000e+00,-2.419179999999999942e-02
1.741369999999999862e+01,0.000000000000000000e+00,-5.493630000000000457e-01
3.462839999999999918e+01,0.000000000000000000e+00,1.811600000000000016e-03
3.169910000000000139e+01,0.000000000000000000e+00,2.729519999999999863e-02
3.459749999999999659e+01,0.000000000000000000e+00,6.430500000000000105e-02
6.669100000000000250e+00,0.000000000000000000e+00,8.805349999999999983e-03
2.551379999999999981e+01,0.000000000000000000e+00,9.190540000000000515e-03
3.464249999999999829e+01,0.000000000000000000e+00,2.454989999999999950e-02
1.862269999999999825e+01,0.000000000000000000e+00,-5.353480000000000521e-04
2.965850000000000009e+01,0.000000000000000000e+00,1.860250000000000098e-02
4.239189999999999969e+01,-2.693120000000000124e-20,2.068410000000000082e+00
2.680069999999999908e+01,2.468519999999999902e-20,2.725600000000000023e+00
-6.073540000000000383e+00,0.000000000000000000e+00,9.166929999999999801e-01
-2.399500000000000188e+00,0.000000000000000000e+00,-2.360899999999999943e-01
3.443580000000000041e+01,-5.535619999999999479e-23,3.759330000000000171e-01
3.396880000000000166e+01,5.372870000000000229e-22,1.595970000000000111e+00
3.465690000000000026e+01,0.000000000000000000e+00,1.127729999999999982e-01
1.503320000000000078e+01,0.000000000000000000e+00,-4.972599999999999798e-01
3.388199999999999790e+01,0.000000000000000000e+00,4.168639999999999846e-02
3.347560000000000002e+01,0.000000000000000000e+00,3.790969999999999757e-02
1.023629999999999995e+01,0.000000000000000000e+00,-2.342249999999999943e+00
2.791029999999999944e+01,1.938700000000000073e-21,6.786040000000000127e-02
3.462400000000000233e+01,0.000000000000000000e+00,2.796569999999999889e-01
3.405700000000000216e+01,7.992639999999999998e-21,7.275019999999999820e-01
1.175719999999999921e+01,0.000000000000000000e+00,-6.573149999999999826e-02
1.870739999999999981e+01,0.000000000000000000e+00,8.259139999999999884e-03
3.456759999999999877e+01,-1.699219999999999812e-21,8.092559999999999754e-01
3.923259999999999792e+01,5.869689999999999737e-22,-4.998210000000000153e-02
3.407529999999999859e+01,0.000000000000000000e+00,5.448429999999999940e-02
1.520389999999999908e+00,-7.281650000000000110e-23,-1.591580000000000078e-02
7.048869999999999969e+00,0.000000000000000000e+00,-4.123729999999999896e-01
1.779179999999999851e+01,0.000000000000000000e+00,-2.252540000000000098e-01
1.602029999999999887e+01,-4.565740000000000233e-29,2.348029999999999909e-02
3.448319999999999652e+01,0.000000000000000000e+00,-2.340720000000000023e-01
1.262710000000000043e+01,0.000000000000000000e+00,-1.466079999999999883e-01
3.143080000000000140e+01,-1.665929999999999925e-20,6.918020000000000280e-01
2.216179999999999950e+01,0.000000000000000000e+00,1.923870000000000094e-02
3.464620000000000033e+01,0.000000000000000000e+00,4.874110000000000248e-02
1.403889999999999993e+01,8.640540000000000379e-22,5.338840000000000079e-03
3.466519999999999868e+01,0.000000000000000000e+00,4.787999999999999895e-02
2.032620000000000005e+01,0.000000000000000000e+00,1.297430000000000045e-05
3.450200000000000244e+01,0.000000000000000000e+00,4.863889999999999880e-02
1.809280000000000044e+01,0.000000000000000000e+00,4.015020000000000058e-05
2.730600000000000094e+01,0.000000000000000000e+00,3.671320000000000052e-03
3.583420000000000272e+01,0.000000000000000000e+00,-1.298130000000000006e+00
3.882000000000000028e+01,0.000000000000000000e+00,-4.133759999999999657e+00
2.967630000000000123e+01,0.000000000000000000e+00,1.424259999999999936e-02
1.927710000000000035e+00,0.000000000000000000e+00,3.124400000000000094e-02
-3.754080000000000084e+00,-1.571859999999999970e-18,1.884789999999999965e+00
2.094030000000000058e+01,1.111290000000000067e-21,3.525049999999999711e-02
1.639300000000000068e+01,0.000000000000000000e+00,9.969409999999999883e+00
2.034649999999999892e+01,-5.786779999999999643e-21,4.408640000000000114e+00
2.163179999999999836e+01,-7.010739999999999638e-25,2.276819999999999886e-02
2.079510000000000147e+01,0.000000000000000000e+00,1.687310000000000025e-03
3.962669999999999959e+01,3.466379999999999847e-19,5.809370000000000367e+00
2.838810000000000144e+01,0.000000000000000000e+00,6.258960000000000044e-03
9.503209999999999269e+00,0.000000000000000000e+00,-1.209989999999999899e+00
4.292060000000000031e+01,0.000000000000000000e+00,2.030450000000000088e+00
2.678419999999999845e+01,0.000000000000000000e+00,4.917619999999999717e-04
3.163400000000000212e+00,0.000000000000000000e+00,-1.418199999999999905e+00
3.466530000000000200e+01,0.000000000000000000e+00,1.117760000000000004e-01
3.464170000000000016e+01,0.000000000000000000e+00,2.481020000000000100e-02
1.461969999999999992e+01,0.000000000000000000e+00,-3.151059999999999972e-01
3.377909999999999968e+01,2.173090000000000007e-27,5.356189999999999785e+00
3.466490000000000293e+01,0.000000000000000000e+00,2.925250000000000072e-02
3.623729999999999762e+01,0.000000000000000000e+00,8.179909999999999570e+00
2.558999999999999986e+01,6.010419999999999954e-21,1.644390000000000018e-01
2.670589999999999975e+01,0.000000000000000000e+00,-2.635120000000000129e+00
2.126670000000000016e+01,0.000000000000000000e+00,-3.968430000000000221e-04
3.469729999999999848e+01,0.000000000000000000e+00,1.052850000000000036e-01
3.465999999999999659e+01,0.000000000000000000e+00,4.733190000000000314e-02
1.929050000000000153e+01,0.000000000000000000e+00,1.093830000000000063e-03
3.464880000000000138e+01,0.000000000000000000e+00,4.927909999999999929e-02
-3.151730000000000143e+00,-1.778340000000000155e-21,-4.944760000000000266e-01
1.236679999999999957e+01,-1.521100000000000068e-22,1.220850000000000060e-02
1.773560000000000159e+01,0.000000000000000000e+00,4.340450000000000037e-03
3.468840000000000146e+01,0.000000000000000000e+00,3.416940000000000255e-02
4.325379999999999825e+01,0.000000000000000000e+00,3.148140000000000160e+00
2.517999999999999972e+01,-2.239489999999999964e-20,6.759429999999999605e-01
1.854739999999999966e+01,0.000000000000000000e+00,1.156289999999999922e-03
1.170309999999999917e+01,0.000000000000000000e+00,-9.212409999999999766e-01
4.182180000000000319e+01,0.000000000000000000e+00,6.468040000000000234e+00
-5.914780000000000371e+00,3.537240000000000134e-20,1.502840000000000009e-01
3.845850000000000080e+01,0.000000000000000000e+00,-1.541220000000000090e-01
3.912469999999999715e+01,0.000000000000000000e+00,-4.322540000000000049e+00
3.401169999999999760e+01,0.000000000000000000e+00,1.736590000000000078e-01
3.343710000000000093e+01,1.197949999999999902e-19,-3.146929999999999783e+00
3.466049999999999898e+01,0.000000000000000000e+00,3.823200000000000209e-02
2.123910000000000053e+01,0.000000000000000000e+00,-2.638370000000000125e-03
3.168440000000000012e+01,0.000000000000000000e+00,2.423900000000000013e-02
2.091819999999999879e+01,2.122899999999999970e-26,1.532899999999999929e+00
3.444400000000000261e+01,0.000000000000000000e+00,6.845060000000000144e+00
1.903750000000000142e+01,0.000000000000000000e+00,1.342639999999999979e-02
3.468719999999999715e+01,0.000000000000000000e+00,7.426180000000000281e-02
3.468820000000000192e+01,0.000000000000000000e+00,7.025889999999999913e-02
3.948729999999999762e+01,0.000000000000000000e+00,-2.559320000000000039e+00
2.368319999999999936e+01,0.000000000000000000e+00,2.769429999999999809e-03
3.464800000000000324e+01,0.000000000000000000e+00,1.742650000000000102e-02
2.747950000000000159e+01,1.362519999999999934e-18,1.121950000000000003e+01
2.467859999999999943e+01,0.000000000000000000e+00,1.472329999999999993e-03
6.648609999999999687e+00,0.000000000000000000e+00,6.558399999999999820e-03
3.364929999999999666e+01,2.399199999999999878e-21,-1.372640000000000082e+00
3.742530000000000001e+01,-2.105210000000000042e-20,4.696970000000000312e+00
4.281459999999999866e+01,1.239759999999999960e-21,1.529409999999999936e+00
3.559890000000000043e+01,4.220480000000000133e-19,9.596600000000000463e+00
3.358119999999999994e+00,0.000000000000000000e+00,-3.580820000000000114e-01
1.551769999999999960e+01,0.000000000000000000e+00,-1.566129999999999953e-02
3.470150000000000290e+01,0.000000000000000000e+00,3.988670000000000149e-04
3.059009999999999962e+01,0.000000000000000000e+00,3.914240000000000080e-02
-2.488100000000000200e+00,1.750949999999999916e-18,1.894930000000000003e+00
4.185459999999999781e+01,0.000000000000000000e+00,2.723940000000000042e-02
2.695769999999999911e+01,3.213359999999999929e-26,7.740289999999999671e-01
1.285609999999999964e+01,0.000000000000000000e+00,-2.635040000000000160e-01
2.225019999999999953e+01,0.000000000000000000e+00,-3.363739999999999952e+00
2.026289999999999836e+01,0.000000000000000000e+00,-7.087740000000000143e-04
4.189699999999999847e+01,0.000000000000000000e+00,2.270010000000000083e+00
3.470779999999999887e+01,0.000000000000000000e+00,5.277189999999999659e-02
-4.616900000000000226e+00,0.000000000000000000e+00,-1.007649999999999935e-01
4.098420000000000130e+01,3.146949999999999845e-19,5.443789999999999907e+00
1.101340000000000074e+01,0.000000000000000000e+00,5.638490000000000002e+00
2.429670000000000130e+01,0.000000000000000000e+00,-2.090259999999999785e+00
2.370179999999999865e+01,0.000000000000000000e+00,3.614299999999999978e-03
3.121010000000000062e+00,0.000000000000000000e+00,-1.178489999999999920e-02
3.364450000000000074e+01,-6.277470000000000117e-21,1.182860000000000023e+00
3.290250000000000341e+01,0.000000000000000000e+00,3.813899999999999929e-02
-5.159760000000000346e+00,-3.590629999999999638e-21,-7.047230000000000161e-02
3.661979999999999791e+00,0.000000000000000000e+00,-1.530499999999999916e-01
1.847700000000000031e+01,0.000000000000000000e+00,-8.983719999999999484e-01
3.706170000000000186e+01,0.000000000000000000e+00,-3.113049999999999873e+00
2.106840000000000046e+00,0.000000000000000000e+00,-9.479570000000000496e-01
2.575000000000000000e+01,6.114609999999999665e-21,1.053250000000000064e+01
4.244200000000000017e+01,0.000000000000000000e+00,4.065080000000000027e+00
3.467620000000000147e+01,0.000000000000000000e+00,1.503659999999999997e-01
2.040609999999999857e+01,1.685930000000000024e-21,8.030110000000000026e-02
3.863680000000000092e+01,-1.326149999999999921e-19,6.427109999999999879e+00
1.276399999999999935e+01,0.000000000000000000e+00,-1.439469999999999916e-01
3.466590000000000060e+01,0.000000000000000000e+00,2.227459999999999996e-01
2.033370000000000033e+01,0.000000000000000000e+00,1.017200000000000005e-03
3.800560000000000116e+01,0.000000000000000000e+00,-9.017509999999999692e-01
3.015050000000000097e+01,1.896970000000000103e-21,-1.308070000000000066e+00
3.213060000000000116e+01,6.173560000000000134e-26,7.615319999999999867e-01
2.750450000000000017e+01,0.000000000000000000e+00,2.561950000000000061e-01
3.470750000000000313e+01,0.000000000000000000e+00,7.744800000000000295e-02
3.468529999999999802e+01,0.000000000000000000e+00,4.931399999999999673e-02
3.061639999999999873e+01,0.000000000000000000e+00,1.549030000000000025e-02
-3.293379999999999974e+00,-3.193410000000000020e-18,1.984369999999999967e+00
1.627380000000000138e+01,2.568189999999999953e-27,1.548360000000000014e-02
3.592229999999999812e+00,0.000000000000000000e+00,-6.934880000000000037e-03
3.472540000000000049e+01,0.000000000000000000e+00,5.701860000000000261e-02
8.720739999999999270e+00,0.000000000000000000e+00,-6.307269999999999543e-02
1.575999999999999979e+01,0.000000000000000000e+00,5.428950000000000387e+00
2.600270000000000081e+01,1.817869999999999913e-24,4.052170000000000077e-02
1.880709999999999837e+01,-2.306140000000000082e-21,1.085739999999999969e-02
4.173780000000000001e+01,-5.705679999999999942e-19,-3.274329999999999963e+00
2.723029999999999973e+01,0.000000000000000000e+00,2.211830000000000133e-03
3.981909999999999883e+01,0.000000000000000000e+00,7.529270000000000351e+00
2.564989999999999881e+01,0.000000000000000000e+00,1.737190000000000002e-03
2.725929999999999964e+00,-1.589540000000000018e-18,2.660910000000000220e-01
4.130969999999999942e+01,0.000000000000000000e+00,6.463569999999999816e+00
3.464609999999999701e+01,0.000000000000000000e+00,4.694099999999999662e-02
4.137230000000000274e+01,0.000000000000000000e+00,-3.003810000000000091e+00
2.867139999999999844e+01,3.517559999999999851e-19,1.119560000000000066e+01
3.305899999999999750e+01,0.000000000000000000e+00,4.594430000000000042e-02
2.167259999999999920e+01,0.000000000000000000e+00,8.080450000000000198e-05
3.372420000000000329e+01,0.000000000000000000e+00,5.408960000000000157e-02
1.861060000000000159e+01,0.000000000000000000e+00,-1.363869999999999916e+00
2.282140000000000057e+01,0.000000000000000000e+00,5.245620000000000100e-04
4.034190000000000254e+01,0.000000000000000000e+00,5.656629999999999825e+00
1.717649999999999899e+00,-9.205619999999999246e-18,5.291940000000000532e-01
3.460920000000000130e+01,0.000000000000000000e+00,4.939169999999999672e-02
2.404489999999999839e+01,0.000000000000000000e+00,1.036870000000000047e+01
1.194020000000000081e+01,2.023759999999999853e-18,5.190820000000000434e-01
4.166349999999999909e+01,0.000000000000000000e+00,1.860989999999999922e+00
2.507499999999999929e+01,0.000000000000000000e+00,1.958750000000000042e-04
3.732659999999999911e+01,5.312899999999999743e-20,3.638210000000000055e-01
4.209859999999999758e+01,0.000000000000000000e+00,-1.633240000000000025e+00
3.462980000000000302e+01,0.000000000000000000e+00,1.095360000000000084e-03
3.470409999999999684e+01,0.000000000000000000e+00,6.452789999999999915e-02
3.923389999999999844e+01,0.000000000000000000e+00,-3.820140000000000341e-02
2.109979999999999833e+01,-4.711909999999999661e-22,8.611209999999999351e-03
4.440820000000000434e+00,0.000000000000000000e+00,-1.562920000000000087e+00
1.714499999999999957e+01,0.000000000000000000e+00,3.269000000000000128e+00
2.167299999999999827e+01,0.000000000000000000e+00,-2.043769999999999875e-03
3.412140000000000128e+01,0.000000000000000000e+00,5.107490000000000308e+00
3.463389999999999702e+01,0.000000000000000000e+00,1.149600000000000066e-01
3.684609999999999985e+01,-1.374339999999999999e-18,5.169830000000000148e+00
3.909790000000000276e+01,0.000000000000000000e+00,3.598939999999999806e+00
2.123019999999999996e+01,0.000000000000000000e+00,2.147989999999999795e-03
2.078140000000000143e+01,0.000000000000000000e+00,6.460230000000000182e-04
3.154060000000000130e+01,1.204959999999999977e-20,4.436729999999999841e-01
3.463230000000000075e+01,0.000000000000000000e+00,1.410190000000000055e-02
1.266910000000000025e+01,0.000000000000000000e+00,-3.721289999999999928e-03
2.296499999999999986e+01,8.280229999999999851e-19,1.109839999999999982e+01
5.807620000000000005e+00,0.000000000000000000e+00,-1.889590000000000103e+00
1.665220000000000056e+01,0.000000000000000000e+00,7.987199999999999855e-03
2.627599999999999980e+01,0.000000000000000000e+00,4.036350000000000181e-03
3.467439999999999856e+01,0.000000000000000000e+00,2.300369999999999845e-02
-5.989029999999999632e+00,0.000000000000000000e+00,6.465819999999999901e-01
3.408109999999999928e+01,0.000000000000000000e+00,7.885839999999999517e-01
3.473230000000000217e+01,0.000000000000000000e+00,2.103569999999999884e-01
3.256880000000000308e+01,-1.038260000000000034e-20,1.554789999999999894e+00
2.397380000000000067e+01,0.000000000000000000e+00,2.215469999999999983e-04
2.287460000000000093e+01,0.000000000000000000e+00,-6.345359999999999976e-04
1.724060000000000059e+01,0.000000000000000000e+00,1.430120000000000002e-03
1.870510000000000161e+01,0.000000000000000000e+00,1.088040000000000014e-02
3.624170000000000158e+01,0.000000000000000000e+00,-1.014150000000000107e+00
3.430980000000000274e+01,-4.180069999999999952e-26,8.910789999999999544e-01
3.464789999999999992e+01,0.000000000000000000e+00,1.149370000000000079e-02
4.042519999999999669e+01,0.000000000000000000e+00,5.336599999999999788e+00
9.774169999999999803e+00,0.000000000000000000e+00,3.958890000000000325e-02
-4.689919999999999867e+00,0.000000000000000000e+00,6.942070000000000185e-01
1.806919999999999860e+01,0.000000000000000000e+00,-4.807249999999999891e-03
1.471359999999999957e+01,0.000000000000000000e+00,-6.357049999999999645e-01
4.306819999999999737e+01,2.180599999999999976e-19,5.033400000000000318e+00
2.785699999999999932e+01,0.000000000000000000e+00,2.949939999999999854e-03
2.577370000000000161e+01,0.000000000000000000e+00,5.820960000000000457e-04
3.471070000000000277e+01,0.000000000000000000e+00,2.494499999999999842e-02
1.859450000000000047e+00,0.000000000000000000e+00,-8.781419999999999781e-01
2.721989999999999910e+01,0.000000000000000000e+00,9.379679999999999615e-03
1.798049999999999926e+01,-2.693940000000000176e-21,6.013969999999999733e-02
4.403889999999999816e+01,-3.717620000000000190e-20,-2.490429999999999866e-01
1.326179999999999914e+01,0.000000000000000000e+00,-1.483810000000000129e-01
2.237859999999999872e+01,2.303399999999999833e-21,9.052499999999999436e-02
3.374190000000000111e+01,0.000000000000000000e+00,-2.165489999999999915e-01
3.464529999999999887e+01,0.000000000000000000e+00,5.072580000000000144e-02
3.465729999999999933e+01,0.000000000000000000e+00,4.659359999999999891e-02
-5.121039999999999814e+00,-1.256690000000000090e-18,1.098680000000000101e+00
3.653359999999999985e+01,0.000000000000000000e+00,-1.288669999999999982e+00
3.193870000000000076e+01,0.000000000000000000e+00,3.413959999999999911e-02
2.609720000000000084e+01,0.000000000000000000e+00,1.417719999999999918e-02
3.847919999999999874e+01,6.025370000000000126e-19,7.410689999999999777e+00
-4.897639999999999993e+00,-2.510370000000000148e-18,4.386169999999999791e-01
3.271999999999999886e+01,0.000000000000000000e+00,4.111549999999999927e-02
2.533960000000000079e+01,0.000000000000000000e+00,1.859229999999999910e-02
-2.223730000000000206e+00,-1.321119999999999908e-18,1.920970000000000066e+00
8.493180000000000618e+00,0.000000000000000000e+00,-1.716489999999999960e-01
2.355900000000000105e+01,-5.775049999999999858e-27,6.338779999999999415e-02
1.940660000000000096e+01,1.887420000000000063e-21,4.989219999999999766e-02
2.230170000000000030e+01,0.000000000000000000e+00,-1.127019999999999911e+00
3.463069999999999737e+01,0.000000000000000000e+00,5.518409999999999982e-02
3.072250000000000014e+01,0.000000000000000000e+00,6.234370000000000189e-01
2.989859999999999829e+01,0.000000000000000000e+00,2.865969999999999976e-02
2.194789999999999797e+00,0.000000000000000000e+00,-1.910359999999999836e-02
3.039969999999999928e+01,0.000000000000000000e+00,1.445609999999999951e-02
2.883569999999999922e+01,0.000000000000000000e+00,6.869440000000000095e-03
3.668240000000000123e+01,0.000000000000000000e+00,-1.411529999999999951e+00
3.408440000000000136e+00,0.000000000000000000e+00,-1.635709999999999997e+00
1.565210000000000079e+01,0.000000000000000000e+00,-8.784760000000000346e-01
1.025290000000000035e+01,0.000000000000000000e+00,4.498649999999999871e-02
3.489920000000000044e+01,0.000000000000000000e+00,7.562620000000000453e-02
1.107910000000000039e+01,0.000000000000000000e+00,-3.356660000000000199e-02
2.469600000000000151e+01,0.000000000000000000e+00,8.648599999999999561e-04
-4.186460000000000292e+00,1.068889999999999994e-19,8.943919999999999648e-01
3.336549999999999727e+01,-3.409350000000000082e-19,1.007230000000000025e+01
2.871290000000000120e+01,0.000000000000000000e+00,-1.362219999999999986e+00
4.069030000000000058e+01,-5.766640000000000550e-20,-1.087239999999999984e+00
3.308039999999999736e+01,0.000000000000000000e+00,8.028079999999999938e-02
2.319989999999999952e+01,0.000000000000000000e+00,1.260110000000000050e-03
3.380660000000000309e+01,-4.218979999999999722e-21,1.300839999999999996e+00
3.608910000000000196e+01,0.000000000000000000e+00,2.865870000000000140e+00
4.118589999999999662e+01,0.000000000000000000e+00,6.039240000000000386e+00
2.236909999999999954e+01,0.000000000000000000e+00,1.048649999999999949e+01
3.131709999999999994e+01,0.000000000000000000e+00,2.500049999999999883e+00
