1.144337632500000090e+00,4.977827500000000377e-03,0.000000000000000000e+00
3.219259801157891565e-01,4.125394684735873840e-02,0.000000000000000000e+00
1.144337632500000090e+00,4.977827500000000377e-03,0.000000000000000000e+00
1.144337632500000090e+00,4.977827500000000377e-03,0.000000000000000000e+00
1.144337632500000090e+00,4.977827500000000377e-03,0.000000000000000000e+00
8.647471980041452344e-01,6.782026027631295195e-02,0.000000000000000000e+00
8.647471817589278409e-01,6.782025909687861009e-02,0.000000000000000000e+00
1.144337632500000090e+00,4.977827500000000377e-03,0.000000000000000000e+00
4.571453014774042867e-01,2.952011485270486860e-02,0.000000000000000000e+00
1.144337632500000090e+00,4.977827500000000377e-03,0.000000000000000000e+00
1.144337632500000090e+00,4.977827500000000377e-03,0.000000000000000000e+00
1.144337632500000090e+00,4.977827500000000377e-03,0.000000000000000000e+00
1.144337632500000090e+00,4.977827500000000377e-03,0.000000000000000000e+00
3.580689346201367806e-01,4.392127181689824220e-04,0.000000000000000000e+00
5.757163787984176384e-01,3.572160636162277636e-02,0.000000000000000000e+00
1.144337632500000090e+00,4.977827500000000377e-03,0.000000000000000000e+00
1.137855102500000104e+00,2.662331499999999809e-02,0.000000000000000000e+00
1.144337632500000090e+00,4.977827500000000377e-03,0.000000000000000000e+00
1.144337632500000090e+00,4.977827500000000377e-03,0.000000000000000000e+00
9.607146408200297749e-01,3.152332731145898043e-02,0.000000000000000000e+00
5.237991276397103713e-01,3.792506021745616768e-02,0.000000000000000000e+00
1.248513679022259071e+00,2.387341744727530801e-02,0.000000000000000000e+00
8.359077807306383168e-01,2.270292916347500800e-02,0.000000000000000000e+00
2.952440152438354226e-01,-1.816481071668862510e-02,0.000000000000000000e+00
1.144337632500000090e+00,4.977827500000000377e-03,0.000000000000000000e+00
9.164273802138167557e-01,3.701387396866139337e-03,0.000000000000000000e+00
1.144337632500000090e+00,4.977827500000000377e-03,0.000000000000000000e+00
1.144337632500000090e+00,4.977827500000000377e-03,0.000000000000000000e+00
2.953218306110722002e-01,-1.817164346955152734e-02,0.000000000000000000e+00
1.144337632500000090e+00,4.977827500000000377e-03,0.000000000000000000e+00
1.127918629999999700e+00,2.434054999999999205e-03,0.000000000000000000e+00
1.144337632500000090e+00,4.977827500000000377e-03,0.000000000000000000e+00
2.771177230294170069e-01,-2.518912853390621945e-02,0.000000000000000000e+00
1.144337632500000090e+00,4.977827500000000377e-03,0.000000000000000000e+00
1.144337632500000090e+00,4.977827500000000377e-03,0.000000000000000000e+00
1.144337632500000090e+00,4.977827500000000377e-03,0.000000000000000000e+00
5.479767124831820269e-01,7.509267946997173759e-02,0.000000000000000000e+00
4.503268440632376413e-01,5.532056293651851919e-02,0.000000000000000000e+00
4.914446950585928398e-01,4.227551585751083280e-02,0.000000000000000000e+00
9.651694474999999995e-01,1.343252249999999856e-02,0.000000000000000000e+00
5.171175766822994069e-01,-5.128586009271875884e-03,0.000000000000000000e+00
1.144337632500000090e+00,4.977827500000000377e-03,0.000000000000000000e+00
9.590914077792092041e-01,1.128036425909759860e-02,0.000000000000000000e+00
1.144337632500000090e+00,4.977827500000000377e-03,0.000000000000000000e+00
8.056332435223186872e-01,7.980279553278027405e-02,0.000000000000000000e+00
1.127918629999999922e+00,2.434055000000000073e-03,0.000000000000000000e+00
1.051872194360734675e-01,7.091661979048666242e-02,0.000000000000000000e+00
1.144337632500000090e+00,4.977827500000000377e-03,0.000000000000000000e+00
6.107006941311829973e-01,5.130440631481294339e-02,0.000000000000000000e+00
9.578014087054116388e-01,5.377514830387150613e-02,0.000000000000000000e+00
1.144337632500000090e+00,4.977827500000000377e-03,0.000000000000000000e+00
1.144337632500000090e+00,4.977827500000000377e-03,0.000000000000000000e+00
1.144337632500000090e+00,4.977827500000000377e-03,0.000000000000000000e+00
1.144337632500000090e+00,4.977827500000000377e-03,0.000000000000000000e+00
1.144337632500000090e+00,4.977827500000000377e-03,0.000000000000000000e+00
1.144337632500000090e+00,4.977827500000000377e-03,0.000000000000000000e+00
5.171169707224160250e-01,-5.128551235301063646e-03,0.000000000000000000e+00
1.144337632500000090e+00,4.977827500000000377e-03,0.000000000000000000e+00
6.561680498812773044e-01,3.332633177325389218e-02,0.000000000000000000e+00
1.144337632500000090e+00,4.977827500000000377e-03,0.000000000000000000e+00
2.407212903400339499e-01,2.849496808977214357e-02,0.000000000000000000e+00
1.144337632500000090e+00,4.977827500000000377e-03,0.000000000000000000e+00
5.349140204024457335e-01,1.366283301839919979e-02,0.000000000000000000e+00
1.144337632500000090e+00,4.977827500000000377e-03,0.000000000000000000e+00
1.133337702499999988e+00,5.255659999999999672e-03,0.000000000000000000e+00
9.204602235547378886e-01,4.041566291661972954e-02,0.000000000000000000e+00
1.144337632500000090e+00,4.977827500000000377e-03,0.000000000000000000e+00
8.169044540816003952e-01,1.130351785220377013e-02,0.000000000000000000e+00
1.144337632500000090e+00,4.977827500000000377e-03,0.000000000000000000e+00
1.418909469017197167e-01,2.593708032419249354e-02,0.000000000000000000e+00
7.320073109481044504e-01,1.888280243396412567e-02,0.000000000000000000e+00
1.144337632500000090e+00,4.977827500000000377e-03,0.000000000000000000e+00
7.788684539739544332e-01,-2.430954460761932528e-02,0.000000000000000000e+00
1.108978322500000058e+00,2.206158000000000424e-02,0.000000000000000000e+00
1.144337632500000090e+00,4.977827500000000377e-03,0.000000000000000000e+00
6.650365936199265082e-01,-3.033074528309803730e-02,0.000000000000000000e+00
2.172977290488317670e-01,5.360845826392976465e-02,0.000000000000000000e+00
8.155060827122032618e-01,2.205186390271606997e-02,0.000000000000000000e+00
9.609805525695167550e-01,2.234219339107052643e-02,0.000000000000000000e+00
1.144337632500000090e+00,4.977827500000000377e-03,0.000000000000000000e+00
5.326598816042451556e-01,3.833711614222068669e-03,0.000000000000000000e+00
1.144337632500000090e+00,4.977827500000000377e-03,0.000000000000000000e+00
7.442263043034397230e-01,1.055556435703006168e-02,0.000000000000000000e+00
9.588090720953166279e-01,7.131140557855139561e-02,0.000000000000000000e+00
4.959334141689348274e-01,4.201209229073082224e-02,0.000000000000000000e+00
1.144337632500000090e+00,4.977827500000000377e-03,0.000000000000000000e+00
1.144337632500000090e+00,4.977827500000000377e-03,0.000000000000000000e+00
1.144337632500000090e+00,4.977827500000000377e-03,0.000000000000000000e+00
1.144337632500000090e+00,4.977827500000000377e-03,0.000000000000000000e+00
1.150058133045126940e+00,3.207487931662499070e-02,0.000000000000000000e+00
1.144337632500000090e+00,4.977827500000000377e-03,0.000000000000000000e+00
1.144337632500000090e+00,4.977827500000000377e-03,0.000000000000000000e+00
1.144337632500000090e+00,4.977827500000000377e-03,0.000000000000000000e+00
1.144337632500000090e+00,4.977827500000000377e-03,0.000000000000000000e+00
1.144337632500000090e+00,4.977827500000000377e-03,0.000000000000000000e+00
8.301420317814054428e-01,1.812304616331519500e-04,0.000000000000000000e+00
1.144337632500000090e+00,4.977827500000000377e-03,0.000000000000000000e+00
1.144337632500000090e+00,4.977827500000000377e-03,0.000000000000000000e+00
1.144337632500000090e+00,4.977827500000000377e-03,0.000000000000000000e+00
2.012037831820432665e-01,2.534703745794185045e-02,0.000000000000000000e+00
7.320691280939730650e-01,1.888298324936539888e-02,0.000000000000000000e+00
7.167737300825900437e-01,4.662895934397875974e-02,0.000000000000000000e+00
9.395095421182122486e-01,4.713388229957693465e-02,0.000000000000000000e+00
-5.733498413970700147e-02,6.694201623096232567e-02,0.000000000000000000e+00
9.716207368396339028e-01,1.117010336681390457e-02,0.000000000000000000e+00
3.411341978084492244e-01,6.781557828575653091e-02,0.000000000000000000e+00
5.265994306189982765e-01,3.760995688641700918e-02,0.000000000000000000e+00
9.661149489248590516e-01,1.237928242293306544e-02,0.000000000000000000e+00
8.479442031972275196e-01,2.117383277110622408e-02,0.000000000000000000e+00
1.144337632500000090e+00,4.977827500000000377e-03,0.000000000000000000e+00
9.344201349764077458e-01,1.049507701938820481e-02,0.000000000000000000e+00
4.843730866648173206e-01,-8.430766306375330615e-03,0.000000000000000000e+00
8.155085582609784556e-01,2.205194967323927807e-02,0.000000000000000000e+00
1.144337632500000090e+00,4.977827500000000377e-03,0.000000000000000000e+00
1.144337632500000090e+00,4.977827500000000377e-03,0.000000000000000000e+00
4.571453277720029518e-01,2.952011692825989853e-02,0.000000000000000000e+00
4.721526231178096999e-01,3.950283666902754121e-02,0.000000000000000000e+00
2.710246365315652772e-01,-9.438884038459310205e-03,0.000000000000000000e+00
4.796960876514789196e-01,2.796107975038341492e-02,0.000000000000000000e+00
1.133337702499999988e+00,5.255659999999999672e-03,0.000000000000000000e+00
1.144337632500000090e+00,4.977827500000000377e-03,0.000000000000000000e+00
1.144337632500000090e+00,4.977827500000000377e-03,0.000000000000000000e+00
1.144337632500000090e+00,4.977827500000000377e-03,0.000000000000000000e+00
1.144337632500000090e+00,4.977827500000000377e-03,0.000000000000000000e+00
1.144337632500000090e+00,4.977827500000000377e-03,0.000000000000000000e+00
5.696212061938238369e-01,-9.654985778753861353e-03,0.000000000000000000e+00
1.144337632500000090e+00,4.977827500000000377e-03,0.000000000000000000e+00
1.144337632500000090e+00,4.977827500000000377e-03,0.000000000000000000e+00
1.144337632500000090e+00,4.977827500000000377e-03,0.000000000000000000e+00
1.144337632500000090e+00,4.977827500000000377e-03,0.000000000000000000e+00
1.144337632500000090e+00,4.977827500000000377e-03,0.000000000000000000e+00
1.419610052320257609e-01,2.594072973144300603e-02,0.000000000000000000e+00
1.144337632500000090e+00,4.977827500000000377e-03,0.000000000000000000e+00
8.169043373618948278e-01,1.130352008416315134e-02,0.000000000000000000e+00
1.144337632500000090e+00,4.977827500000000377e-03,0.000000000000000000e+00
1.027636676560395868e-01,7.057448552409373299e-02,0.000000000000000000e+00
1.144337632500000090e+00,4.977827500000000377e-03,0.000000000000000000e+00
1.144337632500000090e+00,4.977827500000000377e-03,0.000000000000000000e+00
1.144337632500000090e+00,4.977827500000000377e-03,0.000000000000000000e+00
1.144337632500000090e+00,4.977827500000000377e-03,0.000000000000000000e+00
1.144337632500000090e+00,4.977827500000000377e-03,0.000000000000000000e+00
1.144337632500000090e+00,4.977827500000000377e-03,0.000000000000000000e+00
1.144337632500000090e+00,4.977827500000000377e-03,0.000000000000000000e+00
1.144337632500000090e+00,4.977827500000000377e-03,0.000000000000000000e+00
1.144337632500000090e+00,4.977827500000000377e-03,0.000000000000000000e+00
9.238904026621459487e-01,2.680852307032510068e-02,0.000000000000000000e+00
8.056318563005362421e-01,7.980237041519977481e-02,0.000000000000000000e+00
8.029170815642298065e-01,1.877549876700250822e-02,0.000000000000000000e+00
1.144337632500000090e+00,4.977827500000000377e-03,0.000000000000000000e+00
8.250361055701053159e-01,1.306871504365836496e-02,0.000000000000000000e+00
1.144337632500000090e+00,4.977827500000000377e-03,0.000000000000000000e+00
1.144337632500000090e+00,4.977827500000000377e-03,0.000000000000000000e+00
1.215522627499999953e+00,4.211712500000000005e-03,0.000000000000000000e+00
1.144337632500000090e+00,4.977827500000000377e-03,0.000000000000000000e+00
1.074161962064485110e+00,-7.211736559097713280e-03,0.000000000000000000e+00
2.662157990101082783e-01,1.052483127078975272e-03,0.000000000000000000e+00
1.144337632500000090e+00,4.977827500000000377e-03,0.000000000000000000e+00
9.287072783224838146e-02,8.663898141715151158e-02,0.000000000000000000e+00
7.344179412256711670e-01,1.105828649988350142e-02,0.000000000000000000e+00
1.144337632500000090e+00,4.977827500000000377e-03,0.000000000000000000e+00
1.144337632500000090e+00,4.977827500000000377e-03,0.000000000000000000e+00
6.448103071711666079e-01,1.087294031091735197e-02,0.000000000000000000e+00
7.421051085498202582e-01,8.398650076963132607e-03,0.000000000000000000e+00
1.144337632500000090e+00,4.977827500000000377e-03,0.000000000000000000e+00
1.144337632500000090e+00,4.977827500000000377e-03,0.000000000000000000e+00
7.496205968423033106e-01,7.403957188857284918e-03,0.000000000000000000e+00
1.144337632500000090e+00,4.977827500000000377e-03,0.000000000000000000e+00
2.770227586705567013e-01,4.159661024439981203e-02,0.000000000000000000e+00
7.843614551688491421e-01,1.667260550598763727e-02,0.000000000000000000e+00
1.144337632500000090e+00,4.977827500000000377e-03,0.000000000000000000e+00
1.144337632500000090e+00,4.977827500000000377e-03,0.000000000000000000e+00
1.026500195274954397e+00,-1.500297304046143906e-02,0.000000000000000000e+00
1.144337632500000090e+00,4.977827500000000377e-03,0.000000000000000000e+00
1.144337632500000090e+00,4.977827500000000377e-03,0.000000000000000000e+00
1.144337632500000090e+00,4.977827500000000377e-03,0.000000000000000000e+00
1.144337632500000090e+00,4.977827500000000377e-03,0.000000000000000000e+00
1.144337632500000090e+00,4.977827500000000377e-03,0.000000000000000000e+00
1.144337632500000090e+00,4.977827500000000377e-03,0.000000000000000000e+00
1.144337632500000090e+00,4.977827500000000377e-03,0.000000000000000000e+00
9.427068275000001218e-01,3.390044999999999951e-03,0.000000000000000000e+00
7.196578083849192176e-01,2.465062359982031145e-02,0.000000000000000000e+00
1.144337632500000090e+00,4.977827500000000377e-03,0.000000000000000000e+00
4.796671227590940667e-01,2.796205037038996741e-02,0.000000000000000000e+00
3.102530203353258687e-01,4.178516429347899075e-02,0.000000000000000000e+00
1.092005078944044083e+00,3.941750589855190501e-02,0.000000000000000000e+00
1.144337632500000090e+00,4.977827500000000377e-03,0.000000000000000000e+00
1.144337632500000090e+00,4.977827500000000377e-03,0.000000000000000000e+00
1.144337632500000090e+00,4.977827500000000377e-03,0.000000000000000000e+00
1.144337632500000090e+00,4.977827500000000377e-03,0.000000000000000000e+00
8.358978586663593502e-01,2.270213035850646849e-02,0.000000000000000000e+00
1.144337632500000090e+00,4.977827500000000377e-03,0.000000000000000000e+00
1.144337632500000090e+00,4.977827500000000377e-03,0.000000000000000000e+00
1.144337632500000090e+00,4.977827500000000377e-03,0.000000000000000000e+00
8.286177429996012256e-01,-3.113866152262603770e-02,0.000000000000000000e+00
4.543834940350100493e-01,6.369852835207305726e-03,0.000000000000000000e+00
1.144337632500000090e+00,4.977827500000000377e-03,0.000000000000000000e+00
7.817376332309906584e-01,2.336388395551120684e-02,0.000000000000000000e+00
1.144337632500000090e+00,4.977827500000000377e-03,0.000000000000000000e+00
7.456880487966762727e-01,2.214537912373684692e-02,0.000000000000000000e+00
-7.240734644003143927e-02,6.567701789628554998e-02,0.000000000000000000e+00
1.144337632500000090e+00,4.977827500000000377e-03,0.000000000000000000e+00
6.561680921140693457e-01,3.332632886962982183e-02,0.000000000000000000e+00
1.144337632500000090e+00,4.977827500000000377e-03,0.000000000000000000e+00
1.144337632500000090e+00,4.977827500000000377e-03,0.000000000000000000e+00
1.144337632500000090e+00,4.977827500000000377e-03,0.000000000000000000e+00
1.097633007645665959e+00,5.174838957805721201e-02,0.000000000000000000e+00
1.233439107499999965e+00,1.029352249999999913e-02,0.000000000000000000e+00
1.661764161620069569e-01,2.968513672944532444e-02,0.000000000000000000e+00
1.662467287268655780e-01,2.965311426705238840e-02,0.000000000000000000e+00
8.735772359627198558e-01,6.920077306110121798e-03,0.000000000000000000e+00
7.456485723294853374e-01,2.215623055381639450e-02,0.000000000000000000e+00
1.127918629999999922e+00,2.434055000000000073e-03,0.000000000000000000e+00
1.144337632500000090e+00,4.977827500000000377e-03,0.000000000000000000e+00
1.144337632500000090e+00,4.977827500000000377e-03,0.000000000000000000e+00
1.144337632500000090e+00,4.977827500000000377e-03,0.000000000000000000e+00
9.015172542177898318e-01,3.373740780541659851e-02,0.000000000000000000e+00
3.454776875096846056e-01,2.737042499854524732e-02,0.000000000000000000e+00
1.144337632500000090e+00,4.977827500000000377e-03,0.000000000000000000e+00
1.144337632500000090e+00,4.977827500000000377e-03,0.000000000000000000e+00
1.144337632500000090e+00,4.977827500000000377e-03,0.000000000000000000e+00
5.316169851862827533e-01,3.905903319371004101e-02,0.000000000000000000e+00
1.154178880189219214e+00,1.866548239047407381e-02,0.000000000000000000e+00
1.144337632500000090e+00,4.977827500000000377e-03,0.000000000000000000e+00
1.092003645942354106e+00,3.941760282878087329e-02,0.000000000000000000e+00
1.144337632500000090e+00,4.977827500000000377e-03,0.000000000000000000e+00
1.127918629999999922e+00,2.434055000000000073e-03,0.000000000000000000e+00
1.144337632500000090e+00,4.977827500000000377e-03,0.000000000000000000e+00
1.150058135116043267e+00,3.207487963430204203e-02,0.000000000000000000e+00
1.144337632500000090e+00,4.977827500000000377e-03,0.000000000000000000e+00
1.144337632500000090e+00,4.977827500000000377e-03,0.000000000000000000e+00
1.144337632500000090e+00,4.977827500000000377e-03,0.000000000000000000e+00
1.144337632500000090e+00,4.977827500000000377e-03,0.000000000000000000e+00
1.144337632500000090e+00,4.977827500000000377e-03,0.000000000000000000e+00
1.144337632500000090e+00,4.977827500000000377e-03,0.000000000000000000e+00
1.144337632500000090e+00,4.977827500000000377e-03,0.000000000000000000e+00
1.144337632500000090e+00,4.977827500000000377e-03,0.000000000000000000e+00
1.144337632500000090e+00,4.977827500000000377e-03,0.000000000000000000e+00
9.666285780541147843e-02,1.070052243315599005e-01,0.000000000000000000e+00
1.144337632500000090e+00,4.977827500000000377e-03,0.000000000000000000e+00
1.144337632500000090e+00,4.977827500000000377e-03,0.000000000000000000e+00
1.144337632500000090e+00,4.977827500000000377e-03,0.000000000000000000e+00
1.144337632500000090e+00,4.977827500000000377e-03,0.000000000000000000e+00
1.144337632500000090e+00,4.977827500000000377e-03,0.000000000000000000e+00
2.953000199303953410e-01,-1.816972863707782410e-02,0.000000000000000000e+00
1.144337632500000090e+00,4.977827500000000377e-03,0.000000000000000000e+00
1.144337632500000090e+00,4.977827500000000377e-03,0.000000000000000000e+00
1.144337632500000090e+00,4.977827500000000377e-03,0.000000000000000000e+00
9.613712074050073664e-02,6.626101801707161287e-02,0.000000000000000000e+00
1.144337632500000090e+00,4.977827500000000377e-03,0.000000000000000000e+00
-1.443512817697274221e-02,1.048751390029849101e-01,0.000000000000000000e+00
2.474229360001058142e-01,3.307836738021942280e-02,0.000000000000000000e+00
4.673355980122402276e-01,3.952238562661686272e-02,0.000000000000000000e+00
2.710247632234241699e-01,-9.438887452130954175e-03,0.000000000000000000e+00
7.370168124999998405e-01,9.097447500000001297e-03,0.000000000000000000e+00
1.088397262500000018e+00,4.709512499999999637e-03,0.000000000000000000e+00
1.144337632500000090e+00,4.977827500000000377e-03,0.000000000000000000e+00
1.144337632500000090e+00,4.977827500000000377e-03,0.000000000000000000e+00
1.150058129522102401e+00,3.207487877619578931e-02,0.000000000000000000e+00
5.237876218705854736e-01,3.792635522790129693e-02,0.000000000000000000e+00
8.684808476584762182e-01,-1.778513882488805351e-03,0.000000000000000000e+00
8.210125355065507335e-01,7.245376799159965837e-04,0.000000000000000000e+00
1.144337632500000090e+00,4.977827500000000377e-03,0.000000000000000000e+00
2.399843450883191731e-01,4.919364102896280760e-02,0.000000000000000000e+00
1.144337632500000090e+00,4.977827500000000377e-03,0.000000000000000000e+00
3.797667495877488086e-02,7.500653867093666320e-03,0.000000000000000000e+00
-6.825413317079096279e-03,5.618661699579841594e-03,0.000000000000000000e+00
1.127918629999999922e+00,2.434055000000000073e-03,0.000000000000000000e+00
1.144337632500000090e+00,4.977827500000000377e-03,0.000000000000000000e+00
8.029206843934695303e-01,1.877299480667064813e-02,0.000000000000000000e+00
1.144337632500000090e+00,4.977827500000000377e-03,0.000000000000000000e+00
1.144337632500000090e+00,4.977827500000000377e-03,0.000000000000000000e+00
1.144337632500000090e+00,4.977827500000000377e-03,0.000000000000000000e+00
9.218609287911994077e-01,6.932732838370933570e-02,0.000000000000000000e+00
1.144337632500000090e+00,4.977827500000000377e-03,0.000000000000000000e+00
1.144337632500000090e+00,4.977827500000000377e-03,0.000000000000000000e+00
6.201286706613340360e-01,5.285139104781767794e-04,0.000000000000000000e+00
1.144337632500000090e+00,4.977827500000000377e-03,0.000000000000000000e+00
6.595475582043448526e-01,1.108662263988745289e-01,0.000000000000000000e+00
7.648412843262824001e-01,4.707674056930032103e-03,0.000000000000000000e+00
1.144337632500000090e+00,4.977827500000000377e-03,0.000000000000000000e+00
4.423595812308177555e-01,-4.351530149666943056e-03,0.000000000000000000e+00
1.144337632500000090e+00,4.977827500000000377e-03,0.000000000000000000e+00
1.144337632500000090e+00,4.977827500000000377e-03,0.000000000000000000e+00
1.144337632500000090e+00,4.977827500000000377e-03,0.000000000000000000e+00
7.361406901508513734e-01,1.789471959567731987e-02,0.000000000000000000e+00
1.144337632500000090e+00,4.977827500000000377e-03,0.000000000000000000e+00
1.144337632500000090e+00,4.977827500000000377e-03,0.000000000000000000e+00
1.144337632500000090e+00,4.977827500000000377e-03,0.000000000000000000e+00
1.144337632500000090e+00,4.977827500000000377e-03,0.000000000000000000e+00
7.583822334816361366e-01,-1.446332349847532497e-03,0.000000000000000000e+00
6.666559337001601859e-01,1.454521453315088704e-02,0.000000000000000000e+00
1.144337632500000090e+00,4.977827500000000377e-03,0.000000000000000000e+00
2.349236438040099295e-01,1.273419001894897720e-02,0.000000000000000000e+00
1.144337632500000090e+00,4.977827500000000377e-03,0.000000000000000000e+00
6.768342046731158357e-01,3.160718054858980414e-02,0.000000000000000000e+00
1.255027852499999819e+00,2.346381999999999635e-02,0.000000000000000000e+00
1.215522627500000175e+00,4.211712500000000872e-03,0.000000000000000000e+00
8.873764100000000044e-01,1.645980500000000096e-02,0.000000000000000000e+00
2.440403919416647138e-01,6.402772682895593870e-02,0.000000000000000000e+00
1.144337632500000090e+00,4.977827500000000377e-03,0.000000000000000000e+00
1.144337632500000090e+00,4.977827500000000377e-03,0.000000000000000000e+00
6.040526754149456723e-01,-7.553517774130101212e-03,0.000000000000000000e+00
1.144337632500000090e+00,4.977827500000000377e-03,0.000000000000000000e+00
1.144337632500000090e+00,4.977827500000000377e-03,0.000000000000000000e+00
1.144337632500000090e+00,4.977827500000000377e-03,0.000000000000000000e+00
1.144337632500000090e+00,4.977827500000000377e-03,0.000000000000000000e+00
1.144337632500000090e+00,4.977827500000000377e-03,0.000000000000000000e+00
1.144337632500000090e+00,4.977827500000000377e-03,0.000000000000000000e+00
1.144337632500000090e+00,4.977827500000000377e-03,0.000000000000000000e+00
1.144337632500000090e+00,4.977827500000000377e-03,0.000000000000000000e+00
1.144337632500000090e+00,4.977827500000000377e-03,0.000000000000000000e+00
1.144337632500000090e+00,4.977827500000000377e-03,0.000000000000000000e+00
1.144337632500000090e+00,4.977827500000000377e-03,0.000000000000000000e+00
9.731876064981587193e-02,8.574241595707209063e-02,0.000000000000000000e+00
1.144337632500000090e+00,4.977827500000000377e-03,0.000000000000000000e+00
5.741491961516003162e-01,1.662249600117376644e-02,0.000000000000000000e+00
1.057326545000000007e+00,1.937804999999999910e-03,0.000000000000000000e+00
9.391177801535728342e-01,8.931790164067106297e-02,0.000000000000000000e+00
1.144337632500000090e+00,4.977827500000000377e-03,0.000000000000000000e+00
-6.967575353222007356e-03,3.400927690850493595e-02,0.000000000000000000e+00
1.144337632500000090e+00,4.977827500000000377e-03,0.000000000000000000e+00
1.333740422878994525e-01,1.007431211770761642e-02,0.000000000000000000e+00
1.144337632500000090e+00,4.977827500000000377e-03,0.000000000000000000e+00
1.144337632500000090e+00,4.977827500000000377e-03,0.000000000000000000e+00
1.144337632500000090e+00,4.977827500000000377e-03,0.000000000000000000e+00
2.474220606360347241e-01,3.307892729210192007e-02,0.000000000000000000e+00
3.418569172254862787e-01,7.735470987084930652e-03,0.000000000000000000e+00
1.144337632500000090e+00,4.977827500000000377e-03,0.000000000000000000e+00
5.934576278823773254e-01,-7.212113915754173044e-03,0.000000000000000000e+00
1.144337632500000090e+00,4.977827500000000377e-03,0.000000000000000000e+00
1.144337632500000090e+00,4.977827500000000377e-03,0.000000000000000000e+00
1.144337632500000090e+00,4.977827500000000377e-03,0.000000000000000000e+00
1.144337632500000090e+00,4.977827500000000377e-03,0.000000000000000000e+00
1.144337632500000090e+00,4.977827500000000377e-03,0.000000000000000000e+00
1.144337632500000090e+00,4.977827500000000377e-03,0.000000000000000000e+00
1.228705806296178205e+00,2.069041721454857943e-02,0.000000000000000000e+00
1.037793079999999701e+00,-2.241609999999969426e-03,0.000000000000000000e+00
1.144337632500000090e+00,4.977827500000000377e-03,0.000000000000000000e+00
1.144337632500000090e+00,4.977827500000000377e-03,0.000000000000000000e+00
9.716199471764911388e-01,1.117018917784919942e-02,0.000000000000000000e+00
1.144337632500000090e+00,4.977827500000000377e-03,0.000000000000000000e+00
1.097632421042707529e+00,5.174841252199020164e-02,0.000000000000000000e+00
1.144337632500000090e+00,4.977827500000000377e-03,0.000000000000000000e+00
1.144337632500000090e+00,4.977827500000000377e-03,0.000000000000000000e+00
8.699322868483154725e-01,-3.832333948568404647e-03,0.000000000000000000e+00
1.144337632500000090e+00,4.977827500000000377e-03,0.000000000000000000e+00
1.127918630000000144e+00,2.434055000000000073e-03,0.000000000000000000e+00
8.459443294475890163e-01,-2.160530528734789374e-02,0.000000000000000000e+00
8.456209629404214390e-01,4.100510438885986153e-02,0.000000000000000000e+00
6.839776185542797426e-01,4.234980499116840907e-03,0.000000000000000000e+00
1.144337632500000090e+00,4.977827500000000377e-03,0.000000000000000000e+00
7.061989129401654575e-01,-1.837167151325680946e-03,0.000000000000000000e+00
9.563579700000000017e-01,6.805232500000000205e-03,0.000000000000000000e+00
2.389600628015716988e-01,-4.825377867580062097e-03,0.000000000000000000e+00
1.144337632500000090e+00,4.977827500000000377e-03,0.000000000000000000e+00
9.358313703196234901e-01,-5.907821074042637205e-03,0.000000000000000000e+00
1.312733979100678905e+00,2.097830188657149111e-02,0.000000000000000000e+00
-3.783443676046004817e-02,6.716202260416491432e-02,0.000000000000000000e+00
8.169042915814227479e-01,1.130352095959506059e-02,0.000000000000000000e+00
1.144337632500000090e+00,4.977827500000000377e-03,0.000000000000000000e+00
6.070988741196117200e-01,6.059855859397401262e-02,0.000000000000000000e+00
1.144337632500000090e+00,4.977827500000000377e-03,0.000000000000000000e+00
8.684806698279217141e-01,-1.778510298815135903e-03,0.000000000000000000e+00
2.463424873369229606e-01,1.904375730579354470e-02,0.000000000000000000e+00
1.144337632500000090e+00,4.977827500000000377e-03,0.000000000000000000e+00
1.144337632500000090e+00,4.977827500000000377e-03,0.000000000000000000e+00
1.144337632500000090e+00,4.977827500000000377e-03,0.000000000000000000e+00
1.144337632500000090e+00,4.977827500000000377e-03,0.000000000000000000e+00
5.448667605400956404e-01,6.487687562416365183e-02,0.000000000000000000e+00
2.462590208276462522e-01,1.904141670393981120e-02,0.000000000000000000e+00
1.144337632500000090e+00,4.977827500000000377e-03,0.000000000000000000e+00
1.144337632500000090e+00,4.977827500000000377e-03,0.000000000000000000e+00
1.144337632500000090e+00,4.977827500000000377e-03,0.000000000000000000e+00
1.144337632500000090e+00,4.977827500000000377e-03,0.000000000000000000e+00
7.167732911427122655e-01,4.662883042943773149e-02,0.000000000000000000e+00
1.144337632500000090e+00,4.977827500000000377e-03,0.000000000000000000e+00
7.956919255967166427e-01,5.709282487569304620e-02,0.000000000000000000e+00
1.144337632500000090e+00,4.977827500000000377e-03,0.000000000000000000e+00
-6.622298172579052511e-02,1.114795029504448420e-01,0.000000000000000000e+00
1.144337632500000090e+00,4.977827500000000377e-03,0.000000000000000000e+00
3.187205929395757753e-01,1.900187236248037509e-02,0.000000000000000000e+00
1.144337632500000090e+00,4.977827500000000377e-03,0.000000000000000000e+00
1.144337632500000090e+00,4.977827500000000377e-03,0.000000000000000000e+00
1.033044612499999904e+00,1.675867500000000109e-03,0.000000000000000000e+00
9.548892538412672160e-01,7.518409281243690866e-03,0.000000000000000000e+00
1.144337632500000090e+00,4.977827500000000377e-03,0.000000000000000000e+00
1.144337632500000090e+00,4.977827500000000377e-03,0.000000000000000000e+00
1.144337632500000090e+00,4.977827500000000377e-03,0.000000000000000000e+00
1.144337632500000090e+00,4.977827500000000377e-03,0.000000000000000000e+00
1.144337632500000090e+00,4.977827500000000377e-03,0.000000000000000000e+00
7.456398343984911303e-01,2.215862675100335744e-02,0.000000000000000000e+00
1.144337632500000090e+00,4.977827500000000377e-03,0.000000000000000000e+00
1.144337632500000090e+00,4.977827500000000377e-03,0.000000000000000000e+00
1.144337632500000090e+00,4.977827500000000377e-03,0.000000000000000000e+00
1.144337632500000090e+00,4.977827500000000377e-03,0.000000000000000000e+00
9.322660577275893035e-02,8.656658593451437012e-02,0.000000000000000000e+00
7.456891351529217893e-01,2.214507990069391336e-02,0.000000000000000000e+00
1.144337632500000090e+00,4.977827500000000377e-03,0.000000000000000000e+00
1.144337632500000090e+00,4.977827500000000377e-03,0.000000000000000000e+00
1.144337632500000090e+00,4.977827500000000377e-03,0.000000000000000000e+00
1.115158899999999953e+00,2.558405000000000141e-03,0.000000000000000000e+00
1.144337632500000090e+00,4.977827500000000377e-03,0.000000000000000000e+00
1.144337632500000090e+00,4.977827500000000377e-03,0.000000000000000000e+00
1.144337632500000090e+00,4.977827500000000377e-03,0.000000000000000000e+00
1.144337632500000090e+00,4.977827500000000377e-03,0.000000000000000000e+00
1.144337632500000090e+00,4.977827500000000377e-03,0.000000000000000000e+00
1.041025892499999994e+00,-3.659265000000000087e-03,0.000000000000000000e+00
8.062917002703160474e-01,1.662146967338726938e-02,0.000000000000000000e+00
1.144337632500000090e+00,4.977827500000000377e-03,0.000000000000000000e+00
9.839270481537283342e-01,2.069209686624040243e-02,0.000000000000000000e+00
1.144337632500000090e+00,4.977827500000000377e-03,0.000000000000000000e+00
4.655500085636595231e-01,1.222191125802764289e-02,0.000000000000000000e+00
7.336293302876583100e-01,-5.702013157951480588e-03,0.000000000000000000e+00
4.543922882715428768e-01,6.369872481088239072e-03,0.000000000000000000e+00
1.144337632500000090e+00,4.977827500000000377e-03,0.000000000000000000e+00
1.097632041487400567e+00,5.174842736762721995e-02,0.000000000000000000e+00
1.144337632500000090e+00,4.977827500000000377e-03,0.000000000000000000e+00
1.144337632500000090e+00,4.977827500000000377e-03,0.000000000000000000e+00
1.144337632500000090e+00,4.977827500000000377e-03,0.000000000000000000e+00
1.144337632500000090e+00,4.977827500000000377e-03,0.000000000000000000e+00
9.666406540089157728e-02,1.070052755468817313e-01,0.000000000000000000e+00
1.144337632500000090e+00,4.977827500000000377e-03,0.000000000000000000e+00
1.144337632500000090e+00,4.977827500000000377e-03,0.000000000000000000e+00
3.294720031177945097e-01,2.123427791277347765e-02,0.000000000000000000e+00
1.144337632500000090e+00,4.977827500000000377e-03,0.000000000000000000e+00
9.784350140304107768e-01,1.336305259278915310e-02,0.000000000000000000e+00
1.144337632500000090e+00,4.977827500000000377e-03,0.000000000000000000e+00
1.144337632500000090e+00,4.977827500000000377e-03,0.000000000000000000e+00
1.098445857330425435e+00,1.834753363525292238e-02,0.000000000000000000e+00
8.459441708386433723e-01,-2.160534552335825753e-02,0.000000000000000000e+00
4.843732440901908909e-01,-8.430770962946480124e-03,0.000000000000000000e+00
9.630322957504392489e-01,3.177197392433153689e-02,0.000000000000000000e+00
5.696211930675423307e-01,-9.654985475370513395e-03,0.000000000000000000e+00
1.144337632500000090e+00,4.977827500000000377e-03,0.000000000000000000e+00
1.165845003274655456e+00,3.117701912554437377e-02,0.000000000000000000e+00
1.144337632500000090e+00,4.977827500000000377e-03,0.000000000000000000e+00
1.144337632500000090e+00,4.977827500000000377e-03,0.000000000000000000e+00
9.218678664548560775e-01,6.932822936187268970e-02,0.000000000000000000e+00
5.326596571394870416e-01,3.833548299416781290e-03,0.000000000000000000e+00
1.144337632500000090e+00,4.977827500000000377e-03,0.000000000000000000e+00
1.144337632500000090e+00,4.977827500000000377e-03,0.000000000000000000e+00
1.363177356147557695e-01,-7.730733440625186994e-04,0.000000000000000000e+00
1.264562083593891995e+00,-1.705565439366447250e-02,0.000000000000000000e+00
1.144337632500000090e+00,4.977827500000000377e-03,0.000000000000000000e+00
1.293021775563542308e-01,6.755924113525638153e-02,0.000000000000000000e+00
1.144337632500000090e+00,4.977827500000000377e-03,0.000000000000000000e+00
1.144337632500000090e+00,4.977827500000000377e-03,0.000000000000000000e+00
1.108413182499999872e+00,-5.709149999999997907e-03,0.000000000000000000e+00
9.661160242102340145e-01,1.237926678019282342e-02,0.000000000000000000e+00
1.232980514688791218e-01,1.720911943405102271e-02,0.000000000000000000e+00
2.458542980809992617e-02,5.135349139660488199e-02,0.000000000000000000e+00
1.144337632500000090e+00,4.977827500000000377e-03,0.000000000000000000e+00
1.144337632500000090e+00,4.977827500000000377e-03,0.000000000000000000e+00
1.144337632500000090e+00,4.977827500000000377e-03,0.000000000000000000e+00
1.144337632500000090e+00,4.977827500000000377e-03,0.000000000000000000e+00
1.005701491986797091e-01,1.091543627510416919e-01,0.000000000000000000e+00
7.462442226157439684e-01,7.564172886973366539e-02,0.000000000000000000e+00
1.144337632500000090e+00,4.977827500000000377e-03,0.000000000000000000e+00
1.144337632500000090e+00,4.977827500000000377e-03,0.000000000000000000e+00
1.144337632500000090e+00,4.977827500000000377e-03,0.000000000000000000e+00
6.357938776030797046e-01,4.154422691170656101e-02,0.000000000000000000e+00
1.144337632500000090e+00,4.977827500000000377e-03,0.000000000000000000e+00
1.144337632500000090e+00,4.977827500000000377e-03,0.000000000000000000e+00
1.144337632500000090e+00,4.977827500000000377e-03,0.000000000000000000e+00
1.196774336549281947e-01,1.050189649892637328e-01,0.000000000000000000e+00
1.053322242499999950e+00,1.712733500000000048e-02,0.000000000000000000e+00
1.144337632500000090e+00,4.977827500000000377e-03,0.000000000000000000e+00
1.021985264947319783e+00,2.013176313574548820e-02,0.000000000000000000e+00
6.580524786329844389e-01,1.199371148005595744e-02,0.000000000000000000e+00
4.571897253715105358e-01,8.810207938745553968e-03,0.000000000000000000e+00
9.791224885559235425e-01,-6.594643836744340341e-03,0.000000000000000000e+00
9.391179616032363509e-01,8.931785528409703911e-02,0.000000000000000000e+00
1.144337632500000090e+00,4.977827500000000377e-03,0.000000000000000000e+00
1.144337632500000090e+00,4.977827500000000377e-03,0.000000000000000000e+00
-3.839132334676574609e-02,6.707651728525432233e-02,0.000000000000000000e+00
1.256070924999999949e+00,1.176659749999999817e-02,0.000000000000000000e+00
1.144337632500000090e+00,4.977827500000000377e-03,0.000000000000000000e+00
1.144337632500000090e+00,4.977827500000000377e-03,0.000000000000000000e+00
1.144337632500000090e+00,4.977827500000000377e-03,0.000000000000000000e+00
-3.840458072376570081e-02,6.707572011662953082e-02,0.000000000000000000e+00
6.040334771299890049e-01,-7.535487592314911096e-03,0.000000000000000000e+00
1.144337632500000090e+00,4.977827500000000377e-03,0.000000000000000000e+00
4.721116591934702567e-01,3.950291470329503341e-02,0.000000000000000000e+00
1.144337632500000090e+00,4.977827500000000377e-03,0.000000000000000000e+00
1.144337632500000090e+00,4.977827500000000377e-03,0.000000000000000000e+00
1.144337632500000090e+00,4.977827500000000377e-03,0.000000000000000000e+00
1.144337632500000090e+00,4.977827500000000377e-03,0.000000000000000000e+00
1.144337632500000090e+00,4.977827500000000377e-03,0.000000000000000000e+00
1.144337632500000090e+00,4.977827500000000377e-03,0.000000000000000000e+00
1.630411236958988555e-02,4.832049544194416679e-02,0.000000000000000000e+00
1.144337632500000090e+00,4.977827500000000377e-03,0.000000000000000000e+00
1.611703167164086070e-01,1.101442849838482757e-01,0.000000000000000000e+00
8.029504938262417291e-01,-4.463205399994276887e-03,0.000000000000000000e+00
2.685753292186920937e-01,6.058478582426463782e-03,0.000000000000000000e+00
1.215522627500000175e+00,4.211712500000000872e-03,0.000000000000000000e+00
4.843732718663304460e-01,-8.430771784552053630e-03,0.000000000000000000e+00
1.144337632500000090e+00,4.977827500000000377e-03,0.000000000000000000e+00
1.144337632500000090e+00,4.977827500000000377e-03,0.000000000000000000e+00
1.144337632500000090e+00,4.977827500000000377e-03,0.000000000000000000e+00
1.144337632500000090e+00,4.977827500000000377e-03,0.000000000000000000e+00
1.144337632500000090e+00,4.977827500000000377e-03,0.000000000000000000e+00
1.144337632500000090e+00,4.977827500000000377e-03,0.000000000000000000e+00
1.144337632500000090e+00,4.977827500000000377e-03,0.000000000000000000e+00
1.144337632500000090e+00,4.977827500000000377e-03,0.000000000000000000e+00
6.040445118339943242e-01,-7.545854191545128126e-03,0.000000000000000000e+00
1.144337632500000090e+00,4.977827500000000377e-03,0.000000000000000000e+00
1.215522627499999953e+00,4.211712500000000005e-03,0.000000000000000000e+00
1.144337632500000090e+00,4.977827500000000377e-03,0.000000000000000000e+00
1.144337632500000090e+00,4.977827500000000377e-03,0.000000000000000000e+00
2.579735874223719749e-01,6.235610467281917785e-02,0.000000000000000000e+00
1.144337632500000090e+00,4.977827500000000377e-03,0.000000000000000000e+00
1.144337632500000090e+00,4.977827500000000377e-03,0.000000000000000000e+00
5.757264491454663347e-01,3.572167890516069616e-02,0.000000000000000000e+00
1.144337632500000090e+00,4.977827500000000377e-03,0.000000000000000000e+00
1.144337632500000090e+00,4.977827500000000377e-03,0.000000000000000000e+00
1.144337632500000090e+00,4.977827500000000377e-03,0.000000000000000000e+00
2.840629388987981341e-01,7.706085498097053899e-02,0.000000000000000000e+00
1.144337632500000090e+00,4.977827500000000377e-03,0.000000000000000000e+00
6.595454314340918334e-01,1.108663082887899193e-01,0.000000000000000000e+00
1.144337632500000090e+00,4.977827500000000377e-03,0.000000000000000000e+00
3.165173046761591835e-01,4.630279236533502846e-02,0.000000000000000000e+00
9.395091050599396754e-01,4.713386822642434693e-02,0.000000000000000000e+00
1.144337632500000090e+00,4.977827500000000377e-03,0.000000000000000000e+00
1.144337632500000090e+00,4.977827500000000377e-03,0.000000000000000000e+00
2.176845534856101660e-01,5.362256574827785338e-02,0.000000000000000000e+00
6.561679248874937587e-01,3.332634036692516677e-02,0.000000000000000000e+00
5.388133412878973738e-01,4.687152477996841399e-02,0.000000000000000000e+00
1.144337632500000090e+00,4.977827500000000377e-03,0.000000000000000000e+00
1.144337632500000090e+00,4.977827500000000377e-03,0.000000000000000000e+00
9.015211315530227143e-01,3.373291184012371796e-02,0.000000000000000000e+00
9.998979812806957357e-02,6.727161644529641715e-02,0.000000000000000000e+00
6.807370929224632050e-01,1.240565946966378473e-02,0.000000000000000000e+00
9.661118269988665519e-01,1.237932783947052855e-02,0.000000000000000000e+00
1.264560415570953111e+00,-1.705530429809322748e-02,0.000000000000000000e+00
1.144337632500000090e+00,4.977827500000000377e-03,0.000000000000000000e+00
1.168479102500000089e+00,1.669196750000000173e-02,0.000000000000000000e+00
9.956040955401921355e-01,1.068840227648186481e-01,0.000000000000000000e+00
8.169041993901768883e-01,1.130352272251173955e-02,0.000000000000000000e+00
5.696211795295081926e-01,-9.654985162470569593e-03,0.000000000000000000e+00
4.435496641888307945e-01,2.299736911280173338e-02,0.000000000000000000e+00
1.144337632500000090e+00,4.977827500000000377e-03,0.000000000000000000e+00
1.144337632500000090e+00,4.977827500000000377e-03,0.000000000000000000e+00
9.578014299730361891e-01,5.377514831398365336e-02,0.000000000000000000e+00
1.144337632500000090e+00,4.977827500000000377e-03,0.000000000000000000e+00
1.144337632500000090e+00,4.977827500000000377e-03,0.000000000000000000e+00
1.144337632500000090e+00,4.977827500000000377e-03,0.000000000000000000e+00
2.399789993792809661e-01,4.919332604302012468e-02,0.000000000000000000e+00
9.146372400000000180e-01,1.004632500000000048e-03,0.000000000000000000e+00
9.223562650759572490e-01,1.208207650420426923e-02,0.000000000000000000e+00
1.144337632500000090e+00,4.977827500000000377e-03,0.000000000000000000e+00
8.029371469450479193e-01,1.876155947559001586e-02,0.000000000000000000e+00
1.144337632500000090e+00,4.977827500000000377e-03,0.000000000000000000e+00
7.445090516007299986e-01,-7.669398764779557405e-03,0.000000000000000000e+00
3.454776875530039537e-01,2.737042499203812609e-02,0.000000000000000000e+00
1.144337632500000090e+00,4.977827500000000377e-03,0.000000000000000000e+00
1.144337632500000090e+00,4.977827500000000377e-03,0.000000000000000000e+00
5.347496693707520787e-01,6.814120733827294663e-02,0.000000000000000000e+00
1.144337632500000090e+00,4.977827500000000377e-03,0.000000000000000000e+00
1.144337632500000090e+00,4.977827500000000377e-03,0.000000000000000000e+00
1.144337632500000090e+00,4.977827500000000377e-03,0.000000000000000000e+00
1.144337632500000090e+00,4.977827500000000377e-03,0.000000000000000000e+00
1.144337632500000090e+00,4.977827500000000377e-03,0.000000000000000000e+00
1.144337632500000090e+00,4.977827500000000377e-03,0.000000000000000000e+00
-6.810051038276985005e-03,5.604273693022155181e-03,0.000000000000000000e+00
1.144337632500000090e+00,4.977827500000000377e-03,0.000000000000000000e+00
7.578693921220163165e-01,-9.220734233417859221e-04,0.000000000000000000e+00
1.144337632500000090e+00,4.977827500000000377e-03,0.000000000000000000e+00
1.144337632500000090e+00,4.977827500000000377e-03,0.000000000000000000e+00
1.144337632500000090e+00,4.977827500000000377e-03,0.000000000000000000e+00
1.192856233491977669e+00,4.382190187588705377e-02,0.000000000000000000e+00
1.144337632500000090e+00,4.977827500000000377e-03,0.000000000000000000e+00
1.144337632500000090e+00,4.977827500000000377e-03,0.000000000000000000e+00
1.215522627499999953e+00,4.211712500000000005e-03,0.000000000000000000e+00
1.144337632500000090e+00,4.977827500000000377e-03,0.000000000000000000e+00
1.144337632500000090e+00,4.977827500000000377e-03,0.000000000000000000e+00
4.124839688384382419e-01,6.668283045171621848e-02,0.000000000000000000e+00
1.144337632500000090e+00,4.977827500000000377e-03,0.000000000000000000e+00
1.268235327500000009e+00,2.320416499999999882e-02,0.000000000000000000e+00
4.105562188677649438e-01,3.756801317957653152e-02,0.000000000000000000e+00
5.091906837771489336e-01,4.423805802255797309e-02,0.000000000000000000e+00
1.048009777980553725e+00,-1.038929044755784736e-02,0.000000000000000000e+00
1.144337632500000090e+00,4.977827500000000377e-03,0.000000000000000000e+00
1.144337632500000090e+00,4.977827500000000377e-03,0.000000000000000000e+00
1.144337632500000090e+00,4.977827500000000377e-03,0.000000000000000000e+00
9.987918877905799242e-01,-7.778296809990785030e-03,0.000000000000000000e+00
1.204034119999999985e+00,2.729290000000000101e-03,0.000000000000000000e+00
7.578734440672832973e-01,-9.219804771044871894e-04,0.000000000000000000e+00
1.144337632500000090e+00,4.977827500000000377e-03,0.000000000000000000e+00
9.218682566968596781e-01,6.932828004043205261e-02,0.000000000000000000e+00
9.391179058712448846e-01,8.931786952312775751e-02,0.000000000000000000e+00
9.218682222359368961e-01,6.932827556518898759e-02,0.000000000000000000e+00
1.144337632500000090e+00,4.977827500000000377e-03,0.000000000000000000e+00
9.320512288655157240e-01,4.191738074083451587e-04,0.000000000000000000e+00
1.144337632500000090e+00,4.977827500000000377e-03,0.000000000000000000e+00
1.144337632500000090e+00,4.977827500000000377e-03,0.000000000000000000e+00
1.144337632500000090e+00,4.977827500000000377e-03,0.000000000000000000e+00
1.144337632500000090e+00,4.977827500000000377e-03,0.000000000000000000e+00
4.127579055764650784e-01,5.970886872166563525e-02,0.000000000000000000e+00
1.144337632500000090e+00,4.977827500000000377e-03,0.000000000000000000e+00
1.144337632500000090e+00,4.977827500000000377e-03,0.000000000000000000e+00
1.144337632500000090e+00,4.977827500000000377e-03,0.000000000000000000e+00
1.217169037499999940e+00,5.422272500000000287e-03,0.000000000000000000e+00
1.144337632500000090e+00,4.977827500000000377e-03,0.000000000000000000e+00
2.935686834966160230e-01,8.463014737006559207e-02,0.000000000000000000e+00
1.144337632500000090e+00,4.977827500000000377e-03,0.000000000000000000e+00
1.144337632500000090e+00,4.977827500000000377e-03,0.000000000000000000e+00
1.144337632500000090e+00,4.977827500000000377e-03,0.000000000000000000e+00
1.080975112551699091e+00,1.404812311994372009e-01,0.000000000000000000e+00
1.144337632500000090e+00,4.977827500000000377e-03,0.000000000000000000e+00
1.250673423842350918e+00,-6.047590576591573355e-03,0.000000000000000000e+00
1.019518051007495707e+00,1.038548215090804097e-02,0.000000000000000000e+00
3.282953662001230066e-01,2.212451566858698870e-02,0.000000000000000000e+00
1.144337632500000090e+00,4.977827500000000377e-03,0.000000000000000000e+00
1.144337632500000090e+00,4.977827500000000377e-03,0.000000000000000000e+00
9.956040720847945114e-01,1.068840242554270348e-01,0.000000000000000000e+00
1.144337632500000090e+00,4.977827500000000377e-03,0.000000000000000000e+00
6.839805261947926596e-01,4.234718920692197991e-03,0.000000000000000000e+00
1.144337632500000090e+00,4.977827500000000377e-03,0.000000000000000000e+00
2.252164135524704347e-01,5.034455351305230919e-02,0.000000000000000000e+00
1.021986280958397719e+00,2.013213698424800441e-02,0.000000000000000000e+00
1.144337632500000090e+00,4.977827500000000377e-03,0.000000000000000000e+00
8.847406314776931069e-01,3.206316680461161056e-02,0.000000000000000000e+00
1.144337632500000090e+00,4.977827500000000377e-03,0.000000000000000000e+00
1.030557610989284445e+00,-1.212692359178911376e-02,0.000000000000000000e+00
1.015538529714928417e+00,6.468944526744619186e-03,0.000000000000000000e+00
1.052385086597099617e-01,7.089712474484702320e-02,0.000000000000000000e+00
8.647472058972972553e-01,6.782026084937270438e-02,0.000000000000000000e+00
7.421088157986953648e-01,8.398157200579580567e-03,0.000000000000000000e+00
9.964509497641619307e-01,1.768901985366209961e-02,0.000000000000000000e+00
9.964507611211134153e-01,1.768899925990743624e-02,0.000000000000000000e+00
1.144337632500000090e+00,4.977827500000000377e-03,0.000000000000000000e+00
1.009333284367876171e+00,1.119797912632647038e-02,0.000000000000000000e+00
1.144337632500000090e+00,4.977827500000000377e-03,0.000000000000000000e+00
1.144337632500000090e+00,4.977827500000000377e-03,0.000000000000000000e+00
1.108413182500000094e+00,-5.709149999999999642e-03,0.000000000000000000e+00
1.144337632500000090e+00,4.977827500000000377e-03,0.000000000000000000e+00
-7.240733714066188709e-02,6.567701532118989938e-02,0.000000000000000000e+00
5.934742875119164429e-01,-7.215111601904833014e-03,0.000000000000000000e+00
2.330823201607701844e-01,8.793750642616590674e-02,0.000000000000000000e+00
1.144337632500000090e+00,4.977827500000000377e-03,0.000000000000000000e+00
1.144337632500000090e+00,4.977827500000000377e-03,0.000000000000000000e+00
8.056331576569200070e-01,7.980276921805790069e-02,0.000000000000000000e+00
1.144337632500000090e+00,4.977827500000000377e-03,0.000000000000000000e+00
1.144337632500000090e+00,4.977827500000000377e-03,0.000000000000000000e+00
1.144337632500000090e+00,4.977827500000000377e-03,0.000000000000000000e+00
1.144337632500000090e+00,4.977827500000000377e-03,0.000000000000000000e+00
4.135086836201649074e-01,7.066850937836327562e-02,0.000000000000000000e+00
9.906362724420801902e-01,9.640512508767641250e-03,0.000000000000000000e+00
1.144337632500000090e+00,4.977827500000000377e-03,0.000000000000000000e+00
8.010399292420248285e-01,8.807444365817851048e-03,0.000000000000000000e+00
1.144337632500000090e+00,4.977827500000000377e-03,0.000000000000000000e+00
8.459443497872564111e-01,-2.160530012757430965e-02,0.000000000000000000e+00
3.165116404671635131e-01,4.630280301737769999e-02,0.000000000000000000e+00
6.595479348325334890e-01,1.108662118971032728e-01,0.000000000000000000e+00
1.144337632500000090e+00,4.977827500000000377e-03,0.000000000000000000e+00
2.935500408532226713e-01,8.463383660072799908e-02,0.000000000000000000e+00
1.144337632500000090e+00,4.977827500000000377e-03,0.000000000000000000e+00
1.144337632500000090e+00,4.977827500000000377e-03,0.000000000000000000e+00
1.144337632500000090e+00,4.977827500000000377e-03,0.000000000000000000e+00
1.022010935225375672e+00,2.014120879260192579e-02,0.000000000000000000e+00
1.144337632500000090e+00,4.977827500000000377e-03,0.000000000000000000e+00
5.388302452711239976e-01,4.687128421032050324e-02,0.000000000000000000e+00
1.144337632500000090e+00,4.977827500000000377e-03,0.000000000000000000e+00
1.144337632500000090e+00,4.977827500000000377e-03,0.000000000000000000e+00
1.144337632500000090e+00,4.977827500000000377e-03,0.000000000000000000e+00
1.144337632500000090e+00,4.977827500000000377e-03,0.000000000000000000e+00
1.144337632500000090e+00,4.977827500000000377e-03,0.000000000000000000e+00
1.144337632500000090e+00,4.977827500000000377e-03,0.000000000000000000e+00
9.823710432874641629e-01,3.184025268833312432e-03,0.000000000000000000e+00
1.113770414999999847e+00,1.647217500000000036e-03,0.000000000000000000e+00
1.144337632500000090e+00,4.977827500000000377e-03,0.000000000000000000e+00
1.144337632500000090e+00,4.977827500000000377e-03,0.000000000000000000e+00
1.915068115662995896e-01,1.075668956753675076e-01,0.000000000000000000e+00
2.710245739856730340e-01,-9.438882353168729505e-03,0.000000000000000000e+00
1.144337632500000090e+00,4.977827500000000377e-03,0.000000000000000000e+00
1.144337632500000090e+00,4.977827500000000377e-03,0.000000000000000000e+00
1.144337632500000090e+00,4.977827500000000377e-03,0.000000000000000000e+00
2.170795438326323101e-01,5.360052103295996628e-02,0.000000000000000000e+00
1.144337632500000090e+00,4.977827500000000377e-03,0.000000000000000000e+00
5.316556048969738324e-01,3.905510614995497121e-02,0.000000000000000000e+00
9.213313141687512475e-01,8.017952896496358117e-02,0.000000000000000000e+00
1.144337632500000090e+00,4.977827500000000377e-03,0.000000000000000000e+00
-3.841369278815719157e-02,6.707519355002418415e-02,0.000000000000000000e+00
9.961568091155375004e-01,-7.805968028694660298e-03,0.000000000000000000e+00
8.029170498845116244e-01,1.877552078648658113e-02,0.000000000000000000e+00
1.144337632500000090e+00,4.977827500000000377e-03,0.000000000000000000e+00
9.963418670609579531e-01,-7.795969751670649150e-03,0.000000000000000000e+00
2.259198374323542202e-01,5.696400892773858388e-02,0.000000000000000000e+00
1.144337632500000090e+00,4.977827500000000377e-03,0.000000000000000000e+00
1.256070924999999949e+00,1.176659749999999990e-02,0.000000000000000000e+00
1.144337632500000090e+00,4.977827500000000377e-03,0.000000000000000000e+00
1.215522627499999953e+00,4.211712500000000005e-03,0.000000000000000000e+00
1.144337632500000090e+00,4.977827500000000377e-03,0.000000000000000000e+00
1.144337632500000090e+00,4.977827500000000377e-03,0.000000000000000000e+00
1.250741901068680217e+00,-4.468256574047100964e-03,0.000000000000000000e+00
8.530665416723799410e-01,2.099748427820479282e-02,0.000000000000000000e+00
5.340718215161709415e-01,4.719797082868487648e-02,0.000000000000000000e+00
1.074162724968974247e+00,-7.211791013940795081e-03,0.000000000000000000e+00
9.793083808950289182e-01,5.023037364749095846e-02,0.000000000000000000e+00
9.391177103495222944e-01,8.931791947243949981e-02,0.000000000000000000e+00
3.294721756857698081e-01,2.123427137586651747e-02,0.000000000000000000e+00
3.797677459225290431e-02,7.500637706808790418e-03,0.000000000000000000e+00
-3.435027304882703331e-02,6.106207658083154244e-02,0.000000000000000000e+00
1.144337632500000090e+00,4.977827500000000377e-03,0.000000000000000000e+00
1.144337632500000090e+00,4.977827500000000377e-03,0.000000000000000000e+00
1.031530255685527475e+00,4.091061801121224223e-02,0.000000000000000000e+00
6.017374842773830501e-01,5.103225383176213104e-02,0.000000000000000000e+00
1.144337632500000090e+00,4.977827500000000377e-03,0.000000000000000000e+00
1.144337632500000090e+00,4.977827500000000377e-03,0.000000000000000000e+00
1.144337632500000090e+00,4.977827500000000377e-03,0.000000000000000000e+00
1.144337632500000090e+00,4.977827500000000377e-03,0.000000000000000000e+00
1.116126203759450375e+00,-7.396046218179817833e-03,0.000000000000000000e+00
1.144337632500000090e+00,4.977827500000000377e-03,0.000000000000000000e+00
2.846097557140759848e-01,7.703422060088778445e-02,0.000000000000000000e+00
8.909323675000000442e-01,1.466637499999999972e-03,0.000000000000000000e+00
1.293027117549490068e-01,6.755910654224864254e-02,0.000000000000000000e+00
1.144337632500000090e+00,4.977827500000000377e-03,0.000000000000000000e+00
2.771121925916331108e-01,-2.518851728425181014e-02,0.000000000000000000e+00
8.286080919487577301e-01,-3.113851142256761351e-02,0.000000000000000000e+00
1.144337632500000090e+00,4.977827500000000377e-03,0.000000000000000000e+00
1.031530587461064963e+00,4.091053473336083574e-02,0.000000000000000000e+00
1.084713619634811721e+00,3.249330201524630590e-02,0.000000000000000000e+00
1.144337632500000090e+00,4.977827500000000377e-03,0.000000000000000000e+00
1.144337632500000090e+00,4.977827500000000377e-03,0.000000000000000000e+00
1.144337632500000090e+00,4.977827500000000377e-03,0.000000000000000000e+00
6.960665063201832981e-01,-1.269347206693456631e-02,0.000000000000000000e+00
5.352968809051883436e-01,8.522781563519533227e-03,0.000000000000000000e+00
1.015539170542903991e+00,6.468944473749431087e-03,0.000000000000000000e+00
1.144337632500000090e+00,4.977827500000000377e-03,0.000000000000000000e+00
9.578012826510564626e-01,5.377514824407411687e-02,0.000000000000000000e+00
1.144337632500000090e+00,4.977827500000000377e-03,0.000000000000000000e+00
1.144337632500000090e+00,4.977827500000000377e-03,0.000000000000000000e+00
1.144337632500000090e+00,4.977827500000000377e-03,0.000000000000000000e+00
1.144337632500000090e+00,4.977827500000000377e-03,0.000000000000000000e+00
1.144337632500000090e+00,4.977827500000000377e-03,0.000000000000000000e+00
1.144337632500000090e+00,4.977827500000000377e-03,0.000000000000000000e+00
1.144337632500000090e+00,4.977827500000000377e-03,0.000000000000000000e+00
2.680656332039839107e-01,2.467907645967761660e-02,0.000000000000000000e+00
7.421138001623004410e-01,8.397494536607329890e-03,0.000000000000000000e+00
1.144337632500000090e+00,4.977827500000000377e-03,0.000000000000000000e+00
1.144337632500000090e+00,4.977827500000000377e-03,0.000000000000000000e+00
1.144337632500000090e+00,4.977827500000000377e-03,0.000000000000000000e+00
1.144337632500000090e+00,4.977827500000000377e-03,0.000000000000000000e+00
1.144337632500000090e+00,4.977827500000000377e-03,0.000000000000000000e+00
1.144337632500000090e+00,4.977827500000000377e-03,0.000000000000000000e+00
1.144337632500000090e+00,4.977827500000000377e-03,0.000000000000000000e+00
1.144337632500000090e+00,4.977827500000000377e-03,0.000000000000000000e+00
6.580525451491388012e-01,1.199371548886883979e-02,0.000000000000000000e+00
1.215522627499999953e+00,4.211712500000000005e-03,0.000000000000000000e+00
1.913392241960244489e-01,1.075659473852348946e-01,0.000000000000000000e+00
1.246949548801834645e-01,1.039508208732457251e-01,0.000000000000000000e+00
1.144337632500000090e+00,4.977827500000000377e-03,0.000000000000000000e+00
1.144337632500000090e+00,4.977827500000000377e-03,0.000000000000000000e+00
1.144337632500000090e+00,4.977827500000000377e-03,0.000000000000000000e+00
1.455174643959192549e-01,6.067891657370445141e-02,0.000000000000000000e+00
1.144337632500000090e+00,4.977827500000000377e-03,0.000000000000000000e+00
1.144337632500000090e+00,4.977827500000000377e-03,0.000000000000000000e+00
2.839707852063100280e-01,7.706532590603543120e-02,0.000000000000000000e+00
1.144337632500000090e+00,4.977827500000000377e-03,0.000000000000000000e+00
1.144337632500000090e+00,4.977827500000000377e-03,0.000000000000000000e+00
1.144337632500000090e+00,4.977827500000000377e-03,0.000000000000000000e+00
4.945119612868388859e-01,2.428164720796229664e-02,0.000000000000000000e+00
1.144337632500000090e+00,4.977827500000000377e-03,0.000000000000000000e+00
1.144337632500000090e+00,4.977827500000000377e-03,0.000000000000000000e+00
6.318281581900735411e-01,-3.700700981923726873e-02,0.000000000000000000e+00
1.144337632500000090e+00,4.977827500000000377e-03,0.000000000000000000e+00
1.144337632500000090e+00,4.977827500000000377e-03,0.000000000000000000e+00
3.825912912090436158e-01,4.053724030374793175e-02,0.000000000000000000e+00
3.451941237131823659e-01,1.732147879932573881e-02,0.000000000000000000e+00
1.144337632500000090e+00,4.977827500000000377e-03,0.000000000000000000e+00
1.144337632500000090e+00,4.977827500000000377e-03,0.000000000000000000e+00
5.761662840818368991e-01,3.572468478002024245e-02,0.000000000000000000e+00
1.144337632500000090e+00,4.977827500000000377e-03,0.000000000000000000e+00
1.144337632500000090e+00,4.977827500000000377e-03,0.000000000000000000e+00
1.144337632500000090e+00,4.977827500000000377e-03,0.000000000000000000e+00
1.144337632500000090e+00,4.977827500000000377e-03,0.000000000000000000e+00
1.144337632500000090e+00,4.977827500000000377e-03,0.000000000000000000e+00
1.144337632500000090e+00,4.977827500000000377e-03,0.000000000000000000e+00
1.144337632500000090e+00,4.977827500000000377e-03,0.000000000000000000e+00
1.144337632500000090e+00,4.977827500000000377e-03,0.000000000000000000e+00
1.144337632500000090e+00,4.977827500000000377e-03,0.000000000000000000e+00
4.771534827223644082e-01,4.545879643919584212e-02,0.000000000000000000e+00
2.523539743841880512e-01,3.290363680008639991e-02,0.000000000000000000e+00
1.144337632500000090e+00,4.977827500000000377e-03,0.000000000000000000e+00
1.144337632500000090e+00,4.977827500000000377e-03,0.000000000000000000e+00
7.523004597566802509e-01,3.425537263737917643e-02,0.000000000000000000e+00
1.144337632500000090e+00,4.977827500000000377e-03,0.000000000000000000e+00
7.442263043034383907e-01,1.055556435703003740e-02,0.000000000000000000e+00
8.684809633132188900e-01,-1.778516213182303792e-03,0.000000000000000000e+00
1.144337632500000090e+00,4.977827500000000377e-03,0.000000000000000000e+00
1.144337632500000090e+00,4.977827500000000377e-03,0.000000000000000000e+00
6.561693422019944100e-01,3.332624292212828937e-02,0.000000000000000000e+00
1.144337632500000090e+00,4.977827500000000377e-03,0.000000000000000000e+00
7.196355034819128527e-01,2.465120493298638207e-02,0.000000000000000000e+00
4.423595686438667185e-01,-4.351530033600586010e-03,0.000000000000000000e+00
1.144337632500000090e+00,4.977827500000000377e-03,0.000000000000000000e+00
9.427068275000001218e-01,3.390044999999999951e-03,0.000000000000000000e+00
1.144337632500000090e+00,4.977827500000000377e-03,0.000000000000000000e+00
1.144337632500000090e+00,4.977827500000000377e-03,0.000000000000000000e+00
5.100719057346179142e-01,3.635981833034370586e-03,0.000000000000000000e+00
1.144337632500000090e+00,4.977827500000000377e-03,0.000000000000000000e+00
1.144337632500000090e+00,4.977827500000000377e-03,0.000000000000000000e+00
2.349236351569165271e-01,1.273419003358355200e-02,0.000000000000000000e+00
1.144337632500000090e+00,4.977827500000000377e-03,0.000000000000000000e+00
2.746398490028986172e-01,2.804730140710339284e-02,0.000000000000000000e+00
1.144337632500000090e+00,4.977827500000000377e-03,0.000000000000000000e+00
1.144337632500000090e+00,4.977827500000000377e-03,0.000000000000000000e+00
1.144337632500000090e+00,4.977827500000000377e-03,0.000000000000000000e+00
1.144337632500000090e+00,4.977827500000000377e-03,0.000000000000000000e+00
1.144337632500000090e+00,4.977827500000000377e-03,0.000000000000000000e+00
9.358229180386585799e-01,-5.904143104612428680e-03,0.000000000000000000e+00
3.247113490283348725e-01,1.860834781901377424e-02,0.000000000000000000e+00
1.144337632500000090e+00,4.977827500000000377e-03,0.000000000000000000e+00
1.144337632500000090e+00,4.977827500000000377e-03,0.000000000000000000e+00
8.169043967529507899e-01,1.130351894846438714e-02,0.000000000000000000e+00
1.113770414999999847e+00,1.647217500000000036e-03,0.000000000000000000e+00
1.144337632500000090e+00,4.977827500000000377e-03,0.000000000000000000e+00
-7.240722045779400540e-02,6.567698301005571448e-02,0.000000000000000000e+00
9.213315691845399558e-01,8.017970695226542266e-02,0.000000000000000000e+00
3.984743864003901237e-01,7.175928737603956553e-02,0.000000000000000000e+00
3.424822100714065565e-01,7.016985092923669343e-02,0.000000000000000000e+00
3.464228964163412749e-01,3.471524042129719989e-02,0.000000000000000000e+00
1.144337632500000090e+00,4.977827500000000377e-03,0.000000000000000000e+00
1.915085422977274021e-01,1.075669059043414255e-01,0.000000000000000000e+00
1.144337632500000090e+00,4.977827500000000377e-03,0.000000000000000000e+00
1.144337632500000090e+00,4.977827500000000377e-03,0.000000000000000000e+00
1.144337632500000090e+00,4.977827500000000377e-03,0.000000000000000000e+00
1.119600949999999928e+00,1.006775250000000073e-02,0.000000000000000000e+00
6.704614102432210343e-01,5.328196459017969788e-03,0.000000000000000000e+00
1.144337632500000090e+00,4.977827500000000377e-03,0.000000000000000000e+00
1.144337632500000090e+00,4.977827500000000377e-03,0.000000000000000000e+00
1.144337632500000090e+00,4.977827500000000377e-03,0.000000000000000000e+00
6.942801179901231245e-01,1.264868491859986142e-02,0.000000000000000000e+00
1.144337632500000090e+00,4.977827500000000377e-03,0.000000000000000000e+00
1.144337632500000090e+00,4.977827500000000377e-03,0.000000000000000000e+00
8.358986450951463310e-01,2.270219367021010862e-02,0.000000000000000000e+00
1.144337632500000090e+00,4.977827500000000377e-03,0.000000000000000000e+00
1.144337632500000090e+00,4.977827500000000377e-03,0.000000000000000000e+00
1.419470323662735123e-01,2.594000185904273351e-02,0.000000000000000000e+00
9.588094371759658952e-01,7.131141958763133337e-02,0.000000000000000000e+00
9.949132978787036397e-01,1.294888270236050840e-02,0.000000000000000000e+00
1.165844905465394543e+00,3.117702413709773357e-02,0.000000000000000000e+00
4.888120867751858389e-01,5.913014179657255509e-02,0.000000000000000000e+00
1.144337632500000090e+00,4.977827500000000377e-03,0.000000000000000000e+00
1.144337632500000090e+00,4.977827500000000377e-03,0.000000000000000000e+00
1.144337632500000090e+00,4.977827500000000377e-03,0.000000000000000000e+00
5.388276550437700596e-01,4.687132105317146080e-02,0.000000000000000000e+00
7.550804655934539866e-01,1.855782915844087465e-03,0.000000000000000000e+00
1.144337632500000090e+00,4.977827500000000377e-03,0.000000000000000000e+00
2.952741043274765276e-01,-1.816745311278045866e-02,0.000000000000000000e+00
3.424947874253247426e-01,7.016919017064870978e-02,0.000000000000000000e+00
1.144337632500000090e+00,4.977827500000000377e-03,0.000000000000000000e+00
8.747383725000000831e-01,9.668475000000000159e-04,0.000000000000000000e+00
1.144337632500000090e+00,4.977827500000000377e-03,0.000000000000000000e+00
5.300665764276114578e-01,6.956961348821222302e-02,0.000000000000000000e+00
9.748219906203712259e-01,1.084953288717952283e-02,0.000000000000000000e+00
2.661609929007995312e-01,1.052262075817644036e-03,0.000000000000000000e+00
8.050155172983068930e-01,1.216359305656326828e-02,0.000000000000000000e+00
1.144337632500000090e+00,4.977827500000000377e-03,0.000000000000000000e+00
1.144337632500000090e+00,4.977827500000000377e-03,0.000000000000000000e+00
1.144337632500000090e+00,4.977827500000000377e-03,0.000000000000000000e+00
1.144337632500000090e+00,4.977827500000000377e-03,0.000000000000000000e+00
9.356233778339573259e-01,-5.816464902985154020e-03,0.000000000000000000e+00
2.733553342897294680e-01,4.174859091823356072e-02,0.000000000000000000e+00
8.029181610908296962e-01,1.877474844735803686e-02,0.000000000000000000e+00
1.026499874009019209e+00,-1.500292879873179816e-02,0.000000000000000000e+00
4.502492600302344661e-01,5.532939164468380494e-02,0.000000000000000000e+00
7.442263043034644809e-01,1.055556435703058557e-02,0.000000000000000000e+00
1.098445654527588244e+00,1.834754518577547122e-02,0.000000000000000000e+00
1.144337632500000090e+00,4.977827500000000377e-03,0.000000000000000000e+00
1.144337632500000090e+00,4.977827500000000377e-03,0.000000000000000000e+00
3.581089055666250576e-01,4.392456576290553784e-04,0.000000000000000000e+00
-5.736329502120067481e-02,6.697359701874389115e-02,0.000000000000000000e+00
1.144337632500000090e+00,4.977827500000000377e-03,0.000000000000000000e+00
1.144337632500000090e+00,4.977827500000000377e-03,0.000000000000000000e+00
2.770251452762981237e-01,4.159651189133544563e-02,0.000000000000000000e+00
3.165097194090701893e-01,4.630280663012190101e-02,0.000000000000000000e+00
1.144337632500000090e+00,4.977827500000000377e-03,0.000000000000000000e+00
1.144337632500000090e+00,4.977827500000000377e-03,0.000000000000000000e+00
1.144337632500000090e+00,4.977827500000000377e-03,0.000000000000000000e+00
1.144337632500000090e+00,4.977827500000000377e-03,0.000000000000000000e+00
1.144337632500000090e+00,4.977827500000000377e-03,0.000000000000000000e+00
5.388175451545044181e-01,4.687146492359064998e-02,0.000000000000000000e+00
1.144337632500000090e+00,4.977827500000000377e-03,0.000000000000000000e+00
9.462905878001844906e-01,-1.356573017730721906e-02,0.000000000000000000e+00
1.144337632500000090e+00,4.977827500000000377e-03,0.000000000000000000e+00
7.296085724890123414e-01,-1.493265450959342915e-03,0.000000000000000000e+00
1.127918629999999922e+00,2.434054999999999639e-03,0.000000000000000000e+00
1.144337632500000090e+00,4.977827500000000377e-03,0.000000000000000000e+00
1.144337632500000090e+00,4.977827500000000377e-03,0.000000000000000000e+00
2.523537648631601349e-01,3.290362831645271546e-02,0.000000000000000000e+00
1.144337632500000090e+00,4.977827500000000377e-03,0.000000000000000000e+00
9.617226224197457096e-01,2.183368024740441407e-02,0.000000000000000000e+00
1.144337632500000090e+00,4.977827500000000377e-03,0.000000000000000000e+00
6.060042778304942646e-01,3.946577608392135006e-02,0.000000000000000000e+00
9.578013346854183929e-01,5.377514826872947795e-02,0.000000000000000000e+00
1.144337632500000090e+00,4.977827500000000377e-03,0.000000000000000000e+00
8.363154681585345251e-01,5.195542162661011959e-02,0.000000000000000000e+00
1.090635024999999869e+00,2.054329250000000093e-02,0.000000000000000000e+00
1.144337632500000090e+00,4.977827500000000377e-03,0.000000000000000000e+00
1.144337632500000090e+00,4.977827500000000377e-03,0.000000000000000000e+00
1.144337632500000090e+00,4.977827500000000377e-03,0.000000000000000000e+00
-3.841005288844863419e-02,6.707540182940091578e-02,0.000000000000000000e+00
1.144337632500000090e+00,4.977827500000000377e-03,0.000000000000000000e+00
7.837951436589658538e-01,3.177158648874811586e-02,0.000000000000000000e+00
1.194041832500000178e+00,5.052919999999999807e-03,0.000000000000000000e+00
1.144337632500000090e+00,4.977827500000000377e-03,0.000000000000000000e+00
9.391178556281180034e-01,8.931788235928639352e-02,0.000000000000000000e+00
9.620231560409027161e-01,1.994127083242346055e-02,0.000000000000000000e+00
8.699323079105165668e-01,-3.832334848132055213e-03,0.000000000000000000e+00
1.144337632500000090e+00,4.977827500000000377e-03,0.000000000000000000e+00
1.002030430645447279e+00,1.721181955538465466e-02,0.000000000000000000e+00
9.791224689744373322e-01,-6.594650473388965692e-03,0.000000000000000000e+00
1.144337632500000090e+00,4.977827500000000377e-03,0.000000000000000000e+00
1.144337632500000090e+00,4.977827500000000377e-03,0.000000000000000000e+00
9.543734957840523947e-01,-7.500785858163163192e-03,0.000000000000000000e+00
1.144337632500000090e+00,4.977827500000000377e-03,0.000000000000000000e+00
2.206714442606398929e-01,5.155374907976238014e-02,0.000000000000000000e+00
1.097633014209699498e+00,5.174838932131674979e-02,0.000000000000000000e+00
1.144337632500000090e+00,4.977827500000000377e-03,0.000000000000000000e+00
8.735786542934745880e-01,6.920070159277724210e-03,0.000000000000000000e+00
1.144337632500000090e+00,4.977827500000000377e-03,0.000000000000000000e+00
1.098445904195976652e+00,1.834753096605294675e-02,0.000000000000000000e+00
8.967610050000001110e-01,1.228261500000000020e-02,0.000000000000000000e+00
1.144337632500000090e+00,4.977827500000000377e-03,0.000000000000000000e+00
1.144337632500000090e+00,4.977827500000000377e-03,0.000000000000000000e+00
1.144337632500000090e+00,4.977827500000000377e-03,0.000000000000000000e+00
1.144337632500000090e+00,4.977827500000000377e-03,0.000000000000000000e+00
1.144337632500000090e+00,4.977827500000000377e-03,0.000000000000000000e+00
1.363171775958226806e-01,-7.730677228655036780e-04,0.000000000000000000e+00
4.960550001726613534e-01,4.200495700176316849e-02,0.000000000000000000e+00
1.144337632500000090e+00,4.977827500000000377e-03,0.000000000000000000e+00
1.144337632500000090e+00,4.977827500000000377e-03,0.000000000000000000e+00
1.144337632500000090e+00,4.977827500000000377e-03,0.000000000000000000e+00
1.079747537499999854e+00,1.368891750000000157e-02,0.000000000000000000e+00
1.144337632500000090e+00,4.977827500000000377e-03,0.000000000000000000e+00
1.144337632500000090e+00,4.977827500000000377e-03,0.000000000000000000e+00
1.144337632500000090e+00,4.977827500000000377e-03,0.000000000000000000e+00
1.144337632500000090e+00,4.977827500000000377e-03,0.000000000000000000e+00
1.144337632500000090e+00,4.977827500000000377e-03,0.000000000000000000e+00
1.144337632500000090e+00,4.977827500000000377e-03,0.000000000000000000e+00
1.144337632500000090e+00,4.977827500000000377e-03,0.000000000000000000e+00
1.144337632500000090e+00,4.977827500000000377e-03,0.000000000000000000e+00
1.144337632500000090e+00,4.977827500000000377e-03,0.000000000000000000e+00
1.144337632500000090e+00,4.977827500000000377e-03,0.000000000000000000e+00
1.098445819925913725e+00,1.834753576560529606e-02,0.000000000000000000e+00
1.144337632500000090e+00,4.977827500000000377e-03,0.000000000000000000e+00
9.009163723465952733e-01,-3.023921030234337764e-03,0.000000000000000000e+00
1.144337632500000090e+00,4.977827500000000377e-03,0.000000000000000000e+00
6.201287988886878821e-01,5.288459705798526089e-04,0.000000000000000000e+00
8.735777191373551576e-01,6.920074870794974339e-03,0.000000000000000000e+00
1.144337632500000090e+00,4.977827500000000377e-03,0.000000000000000000e+00
1.144337632500000090e+00,4.977827500000000377e-03,0.000000000000000000e+00
1.144337632500000090e+00,4.977827500000000377e-03,0.000000000000000000e+00
4.502364702098305416e-01,5.533084715294182832e-02,0.000000000000000000e+00
1.144337632500000090e+00,4.977827500000000377e-03,0.000000000000000000e+00
1.144337632500000090e+00,4.977827500000000377e-03,0.000000000000000000e+00
1.189217112955190503e+00,6.822682192934710795e-03,0.000000000000000000e+00
8.029561342041818817e-01,1.874838286110991348e-02,0.000000000000000000e+00
1.144337632500000090e+00,4.977827500000000377e-03,0.000000000000000000e+00
8.029424384989853891e-01,-4.463315883086155234e-03,0.000000000000000000e+00
1.144337632500000090e+00,4.977827500000000377e-03,0.000000000000000000e+00
1.144337632500000090e+00,4.977827500000000377e-03,0.000000000000000000e+00
4.655843637381743005e-01,1.222191718512970551e-02,0.000000000000000000e+00
2.953218511988623396e-01,-1.817164527691085898e-02,0.000000000000000000e+00
1.144337632500000090e+00,4.977827500000000377e-03,0.000000000000000000e+00
1.144337632500000090e+00,4.977827500000000377e-03,0.000000000000000000e+00
9.213314030707584479e-01,8.017959101357798046e-02,0.000000000000000000e+00
5.307165029893151642e-01,1.473154466350095129e-02,0.000000000000000000e+00
1.144337632500000090e+00,4.977827500000000377e-03,0.000000000000000000e+00
1.144337632500000090e+00,4.977827500000000377e-03,0.000000000000000000e+00
2.710245980813029698e-01,-9.438883002423110666e-03,0.000000000000000000e+00
-7.240435440714988735e-02,6.567618913264514080e-02,0.000000000000000000e+00
1.144337632500000090e+00,4.977827500000000377e-03,0.000000000000000000e+00
1.144337632500000090e+00,4.977827500000000377e-03,0.000000000000000000e+00
2.997141999484929653e-01,3.971966813128545437e-02,0.000000000000000000e+00
1.144337632500000090e+00,4.977827500000000377e-03,0.000000000000000000e+00
1.144337632500000090e+00,4.977827500000000377e-03,0.000000000000000000e+00
1.144337632500000090e+00,4.977827500000000377e-03,0.000000000000000000e+00
1.144337632500000090e+00,4.977827500000000377e-03,0.000000000000000000e+00
1.144337632500000090e+00,4.977827500000000377e-03,0.000000000000000000e+00
1.144337632500000090e+00,4.977827500000000377e-03,0.000000000000000000e+00
2.204479605253285013e-01,8.018066650399131856e-02,0.000000000000000000e+00
5.347926052520712847e-01,6.812910648994127683e-02,0.000000000000000000e+00
9.961545335490402664e-01,-7.806107038584312457e-03,0.000000000000000000e+00
1.144337632500000090e+00,4.977827500000000377e-03,0.000000000000000000e+00
1.144337632500000090e+00,4.977827500000000377e-03,0.000000000000000000e+00
5.395838929885864443e-01,5.527100399571757694e-02,0.000000000000000000e+00
1.144337632500000090e+00,4.977827500000000377e-03,0.000000000000000000e+00
8.004025054154740859e-01,1.857007050466576853e-02,0.000000000000000000e+00
3.282953755204594537e-01,2.212451590642694130e-02,0.000000000000000000e+00
7.304007442755400259e-01,2.858665669708654322e-02,0.000000000000000000e+00
9.964507969025172551e-01,1.768900316608653170e-02,0.000000000000000000e+00
1.144337632500000090e+00,4.977827500000000377e-03,0.000000000000000000e+00
1.144337632500000090e+00,4.977827500000000377e-03,0.000000000000000000e+00
1.144337632500000090e+00,4.977827500000000377e-03,0.000000000000000000e+00
1.144337632500000090e+00,4.977827500000000377e-03,0.000000000000000000e+00
8.684807272772324671e-01,-1.778511456544479719e-03,0.000000000000000000e+00
9.929485625000000759e-01,2.098279500000000547e-02,0.000000000000000000e+00
1.144337632500000090e+00,4.977827500000000377e-03,0.000000000000000000e+00
