8.997765820657680491e-01,1.373087951817210037e-02,0.000000000000000000e+00
-6.148258919729349820e-02,3.720028142476689698e-02,1.434032688072609984e-16
2.560836921862389981e-01,-4.376177207549200240e-03,-3.428418949377150135e-16
2.645533260504079887e-01,-4.987419628670999904e-04,0.000000000000000000e+00
8.836995457213420169e-01,-6.000947603491599974e-03,0.000000000000000000e+00
7.487957149305509708e-01,-1.370952047979609977e-02,-1.474425930374600095e-20
1.803668514267660061e-01,-1.172494101369490026e-02,-3.805531560592579904e-22
8.758260319232850089e-01,-1.979887366868509843e-02,0.000000000000000000e+00
8.028420526269800517e-01,-1.525364943585399893e-03,0.000000000000000000e+00
7.326111063168200266e-01,2.256008421978110065e-02,6.745934673071640804e-20
8.106783891534139475e-01,-1.548856476161349950e-02,1.271918678833890163e-19
5.734831922874540355e-01,1.146687184324580028e-01,4.136716126397960382e-20
9.029410071795990200e-01,-7.341261207924300140e-03,0.000000000000000000e+00
7.921212895262139675e-01,7.777885129468699657e-03,0.000000000000000000e+00
4.520519609560459950e-01,3.146226949951000146e-04,0.000000000000000000e+00
8.009513641800569683e-01,5.623927729725500431e-03,0.000000000000000000e+00
9.695237446886270094e-01,1.523404056589899988e-03,0.000000000000000000e+00
5.638827975940330361e-01,-5.953788220992000529e-04,1.748347751643099947e-20
6.874909322619460195e-02,-7.410122614132999552e-04,-1.125432519458270055e-15
8.796003543220299870e-01,5.388863950885300000e-03,0.000000000000000000e+00
9.874044412041219632e-01,-1.470276996085550028e-02,0.000000000000000000e+00
9.708222697358910303e-01,-2.210555412166790093e-02,0.000000000000000000e+00
9.681221806191749879e-01,-2.179829815842099922e-03,0.000000000000000000e+00
8.696166843415700232e-01,8.792841308591389793e-02,2.573678199234059733e-22
6.622284781367340223e-01,-6.142629589110659705e-02,1.417305690927530206e-20
8.915021459491949685e-01,5.712544785315199977e-03,0.000000000000000000e+00
9.544227241558189689e-01,-1.714400251157810126e-02,0.000000000000000000e+00
8.882265345245049515e-01,-1.407478810449199922e-03,0.000000000000000000e+00
4.866787102308649943e-02,1.642827496065999880e-04,0.000000000000000000e+00
8.725156587786070395e-01,-1.336233115916499962e-03,0.000000000000000000e+00
8.550326994101999922e-01,-2.684673907626140138e-02,0.000000000000000000e+00
9.050866586034069794e-01,2.443106887607459851e-02,6.019064107782879672e-22
9.357457441143669508e-01,-2.183036916018460047e-02,0.000000000000000000e+00
9.801830536911689817e-01,1.748752461498639943e-02,0.000000000000000000e+00
1.646734593739219987e-02,5.298154109653100199e-03,-2.331566755413919995e-17
3.475190513989159791e-01,-1.674507085111109905e-02,0.000000000000000000e+00
4.204609620393620073e-01,-1.403840092871709924e-02,0.000000000000000000e+00
9.624875912159870373e-01,-2.473081031689179990e-02,0.000000000000000000e+00
-9.826311835622400515e-02,-1.439386302811400051e-03,4.556432811120489952e-21
9.508709795125379616e-01,-4.523360494015899944e-03,0.000000000000000000e+00
8.166649208432550378e-01,-2.923979825026300043e-03,0.000000000000000000e+00
4.297899471845370023e-01,8.543722452754480556e-02,8.605256813930149986e-21
4.687930411333619818e-02,1.905391717369999869e-04,0.000000000000000000e+00
8.523049770629510524e-01,9.995503007680030250e-02,0.000000000000000000e+00
5.970858635217409782e-01,-3.434253421723489769e-02,-1.394185635160380116e-20
9.842173897452840547e-01,-1.599032034579719874e-02,0.000000000000000000e+00
8.164987050608000230e-01,-2.368775267644199819e-03,0.000000000000000000e+00
8.837359940450939533e-02,2.723881971602029953e-02,0.000000000000000000e+00
8.780984008886210113e-01,8.632626937697210345e-02,2.877399068553580079e-21
3.722254929965149728e-01,9.967830043794299877e-02,3.708124435987400545e-21
-5.241122761966499760e-02,3.544305265722860060e-02,-9.062799699482130350e-22
-6.411133787479700308e-02,3.493180540903990244e-02,7.387263799123350082e-21
6.383071763694470047e-01,7.253013641395700262e-02,0.000000000000000000e+00
5.072567759153310263e-01,-6.423988440365439867e-02,-7.968185149187170857e-21
9.688373013348690055e-01,-1.639170212272880039e-02,0.000000000000000000e+00
9.500396207549950400e-01,-5.029615624890199782e-03,0.000000000000000000e+00
9.032583118549040169e-01,1.529161633854280063e-02,0.000000000000000000e+00
7.474886882418260159e-01,3.327744973050229815e-02,8.123942883047289685e-24
6.199214762916790411e-01,9.941960384312820143e-02,5.140021389855570070e-19
8.940668284285170353e-01,6.142246814602099828e-03,0.000000000000000000e+00
2.603898502031939954e-01,-2.372298727250470030e-02,4.716047339317450402e-19
7.657743451894960529e-01,-2.297582779788360022e-02,1.853717921151970215e-19
6.310304416515170045e-01,-1.359365178663209973e-02,0.000000000000000000e+00
4.778010167693079735e-01,-2.989170697995000014e-02,1.862451020431529981e-21
6.229677922625319608e-01,1.994377895986500140e-03,0.000000000000000000e+00
2.138316667252930167e-02,-6.294716404172799942e-03,-6.978583877269449861e-17
6.865018158436849705e-01,6.363638519779669933e-02,0.000000000000000000e+00
3.189751368217290106e-01,7.201988114126139928e-02,6.260734291743250772e-19
8.025853180235119622e-01,1.197836490021400059e-02,0.000000000000000000e+00
7.558030908407079584e-01,6.517115253903299835e-03,0.000000000000000000e+00
7.418826622700940288e-01,1.028276372288300074e-03,0.000000000000000000e+00
1.873894231611669958e-01,2.414388658040969929e-02,-3.017045515176069831e-18
9.928790091161240339e-01,5.018638893647500362e-03,0.000000000000000000e+00
6.343077779737269495e-01,1.176767814124980022e-01,-4.649121350166630140e-19
2.178512059111140098e-01,-4.066053637292509765e-02,0.000000000000000000e+00
8.964366546011059977e-01,1.611645961494499995e-03,0.000000000000000000e+00
2.892574859838860091e-01,9.562623013386630476e-05,-5.001982947934670031e-14
5.447050329824170145e-01,-6.505383385422100484e-02,1.473724587880189943e-20
8.980380398373709605e-01,5.902459405488100219e-03,0.000000000000000000e+00
9.568374491031109708e-01,9.357836869644300601e-03,0.000000000000000000e+00
7.888766754843660189e-01,-4.453280144101100409e-03,0.000000000000000000e+00
-7.021728088798970258e-02,3.899645143051910096e-02,3.512836906390729667e-18
4.572414125939740226e-02,1.789424341914999965e-04,0.000000000000000000e+00
8.392591083450480216e-01,-6.363672086018200280e-03,0.000000000000000000e+00
2.284207731893549975e-01,-7.512532763590000408e-04,2.161225531593390249e-21
8.600411666262810506e-01,5.683692158121819715e-02,0.000000000000000000e+00
9.744465463971979657e-01,-2.081544678233259935e-02,0.000000000000000000e+00
1.531500842493289938e-02,1.347139261734209975e-02,-3.195279087555440198e-21
-5.766657982494279716e-02,3.587339017749290038e-02,5.480438291033589384e-22
9.453488434887400427e-01,2.569868239127420101e-02,0.000000000000000000e+00
8.098205305390250297e-01,5.407674577311400409e-03,0.000000000000000000e+00
9.465945911807059909e-01,-6.369449358499999769e-03,0.000000000000000000e+00
1.941876738071000030e-01,-1.943352342329929955e-02,-6.183796339700649961e-22
8.770249948459950540e-01,-7.436944676159700299e-03,5.201221838598190426e-15
6.347317280133170092e-01,-3.087355314819650171e-02,-3.956692327088680034e-19
9.391591715281529806e-01,-9.340914743436200263e-03,0.000000000000000000e+00
8.126587952898159939e-01,-3.235028366709399861e-03,0.000000000000000000e+00
1.179856214749299970e-01,-6.660872891400600009e-03,0.000000000000000000e+00
9.782514574002969532e-01,2.950746099681749932e-02,0.000000000000000000e+00
5.385107533033729466e-01,1.381214989413920013e-01,7.114335429406830388e-21
2.509314011925000143e-01,-5.791554678448330176e-05,0.000000000000000000e+00
7.826031333170510584e-02,1.959389380136999914e-04,0.000000000000000000e+00
7.428723376609640550e-01,-3.845663841541169942e-02,0.000000000000000000e+00
7.276404820010480279e-01,8.546852249265489421e-02,-2.267759651018359972e-19
9.785000768301249652e-01,-1.958683580077600142e-02,0.000000000000000000e+00
1.705978007501839921e-01,-5.593651981145799854e-03,7.681231751032110391e-21
8.784224904427779812e-01,4.147356983378499770e-03,0.000000000000000000e+00
9.393373487333660510e-01,1.954805791141750113e-02,0.000000000000000000e+00
9.045025386216249963e-01,-9.642416744680099711e-03,0.000000000000000000e+00
3.524073093948080215e-01,-2.124383548490510129e-02,7.409282990124619234e-22
8.778420592826200464e-01,3.157123435697599921e-03,0.000000000000000000e+00
1.661680794596610139e-02,-3.560695873287999971e-04,-6.328260407334730381e-21
8.960384857015859517e-01,4.566683618491999895e-04,0.000000000000000000e+00
8.600459352756879561e-01,1.304017042655239954e-02,0.000000000000000000e+00
8.761980341494769453e-01,1.586619502232109943e-02,0.000000000000000000e+00
9.963927358188190420e-01,-6.031030934074600378e-03,0.000000000000000000e+00
3.581194617500990107e-01,-1.420138085035350071e-02,0.000000000000000000e+00
4.137815423886599953e-01,4.541583663707000245e-04,0.000000000000000000e+00
6.781333581955309442e-02,-4.847633260871399632e-03,-1.043098960735379976e-16
3.474103346302199746e-01,-1.430427033695269926e-02,-1.515083380307610062e-21
4.722622205695680142e-01,-2.154996517531250141e-02,0.000000000000000000e+00
2.452601332466469997e-01,-1.344774819291459991e-02,0.000000000000000000e+00
3.591160240813219828e-01,9.984113190332059851e-02,-1.137532818640229992e-18
-4.168014538307909800e-02,-1.050360863919680074e-02,-1.601614230687200138e-16
9.198910179796829789e-01,-2.055102611096660051e-02,0.000000000000000000e+00
9.733517792095499610e-01,2.238427125264319875e-02,0.000000000000000000e+00
2.953228517409189902e-01,-3.460565822985000217e-04,-1.527771161613720159e-23
3.012119333825289957e-01,-1.003728479745080032e-02,-7.942573215745480113e-22
9.497089040856100395e-01,-2.201801878531320020e-02,0.000000000000000000e+00
9.075820687082010174e-01,1.839470574528399849e-02,0.000000000000000000e+00
9.800238064679229755e-01,-8.393576954323699740e-03,0.000000000000000000e+00
-2.844705031402300008e-02,2.594295511384949945e-02,8.588167836549980461e-22
8.834536272961730496e-01,-7.873389089645299599e-03,0.000000000000000000e+00
5.418707539932019479e-01,-6.186025618485620214e-02,8.030861280961320340e-21
4.578451674577650038e-02,1.802870843619000106e-04,0.000000000000000000e+00
6.832457752898399850e-01,-2.884786617812879969e-02,-3.975691475409940230e-21
6.598116926586410358e-01,-6.040906022968649952e-02,-1.468122846500940175e-20
9.932187259886390285e-01,-4.465158869554499907e-03,0.000000000000000000e+00
4.787913712670450184e-01,5.496841637519239709e-02,-1.759516293552230016e-20
8.708254763423409761e-01,1.270190978525700086e-02,0.000000000000000000e+00
1.883479569404279963e-01,-2.447422847372399991e-03,-3.286030567241639723e-22
9.203042108224129825e-01,-1.132869345910589992e-02,0.000000000000000000e+00
9.780378958673670020e-01,2.464170837372830006e-02,0.000000000000000000e+00
4.377436523446939787e-01,1.944609499219590032e-01,8.638696772063110048e-22
7.591016740958349551e-01,-1.889903121055900095e-02,-3.319550476844019841e-24
3.894126638070760094e-01,-3.800905695179399978e-03,0.000000000000000000e+00
5.093485500350199979e-01,9.161594877480390420e-02,-5.236486391126830754e-19
8.438241427894620506e-01,-1.042802948868600020e-03,0.000000000000000000e+00
2.463328044208749901e-01,9.227460018725799906e-02,-4.037185776989319724e-18
8.613093252033979796e-01,-4.024903324528170123e-02,0.000000000000000000e+00
4.142892152492210212e-01,1.118233121012970066e-01,0.000000000000000000e+00
5.723693392911209932e-01,1.743428620799070128e-02,0.000000000000000000e+00
2.170692573910039946e-01,4.011116855023000001e-04,0.000000000000000000e+00
9.943492385591570226e-01,-7.435819098383599640e-03,0.000000000000000000e+00
7.067375912479200162e-01,4.859344014853399576e-03,-8.215844426649240054e-23
7.926194862366240379e-01,1.431006269783429985e-01,1.488824536692730060e-19
9.558516361532649608e-01,-2.569801925747300028e-02,0.000000000000000000e+00
7.875449332662789459e-01,-4.617490722964599781e-03,0.000000000000000000e+00
8.474955394897060179e-01,1.031927435756739980e-01,8.733137096740399959e-20
9.603460780026760180e-01,2.422526821766080030e-02,0.000000000000000000e+00
9.164309591652689546e-01,-1.449104932673150013e-02,0.000000000000000000e+00
9.461914925453990266e-01,2.047687307255300140e-02,0.000000000000000000e+00
2.600560319512850160e-01,-6.574540314530700341e-03,0.000000000000000000e+00
4.936369968934339880e-02,-2.224956500696029932e-02,-9.237370819738558862e-22
5.941447245856460446e-01,-4.966512660332200041e-02,-1.681092940744250174e-20
8.068013021947010310e-01,-2.279289934525259922e-02,0.000000000000000000e+00
4.057119733719140031e-01,-1.242677335904499936e-03,7.002393204183670858e-21
9.902092824528500037e-01,1.640337821788330139e-02,0.000000000000000000e+00
7.915932433000759660e-01,-3.899185415658000097e-03,0.000000000000000000e+00
4.070357437579519844e-01,1.123041562555019968e-01,-1.067134429836170015e-18
2.811459457340320101e-01,-5.648214150882300069e-03,-9.880727775977019227e-22
7.700522732729130349e-01,-4.449730443576700376e-03,0.000000000000000000e+00
7.856559390041960300e-02,-1.191683741887730047e-02,0.000000000000000000e+00
5.843729205122280002e-01,3.544894134340940278e-02,3.743665290163290076e-20
6.693526282397790350e-01,-5.196294089640020319e-02,0.000000000000000000e+00
8.777820331603920501e-01,-1.865087015055800004e-03,0.000000000000000000e+00
7.801740164718049542e-01,-1.376775910830500002e-03,0.000000000000000000e+00
8.762238036149659903e-01,1.049479628806839968e-02,0.000000000000000000e+00
9.373706713413210156e-01,-1.725676237874679969e-02,0.000000000000000000e+00
9.736808566120309649e-01,3.348952294818000053e-02,0.000000000000000000e+00
2.037244102505650079e-01,-2.631186317940489849e-02,-5.779305208738729474e-22
8.971043195597530051e-01,-1.729900744808999993e-04,0.000000000000000000e+00
2.230408930657699906e-01,3.216736918022300093e-03,-5.213593311327630144e-23
9.542414742184139875e-01,1.958786543298950134e-02,0.000000000000000000e+00
4.883683415784699777e-01,-3.136315677090000149e-04,0.000000000000000000e+00
4.049774389948390119e-01,-3.186183157177609887e-02,-3.905565452119069824e-22
1.478095631676860089e-01,-1.622826971528840145e-02,8.639745862067950124e-24
8.160697271430860100e-01,2.779942930916939892e-02,0.000000000000000000e+00
9.274132294102469531e-01,-3.131873120479219952e-02,0.000000000000000000e+00
7.341118285108050312e-01,-2.501587109828010136e-02,-9.006636035840510577e-20
6.752651488075579467e-01,1.003826879124160021e-01,5.241140404974880253e-19
8.205125720739500084e-01,-4.761977887441509738e-02,0.000000000000000000e+00
8.806267366325150059e-01,1.373525815976340061e-02,0.000000000000000000e+00
9.246133005317980214e-01,-9.277577645272500756e-03,0.000000000000000000e+00
9.110605726378939728e-01,-2.082902519337129915e-02,0.000000000000000000e+00
5.391249575352240475e-01,6.991665894808689330e-02,5.713078249577560634e-19
8.959931564313460273e-01,2.602674209233199910e-03,0.000000000000000000e+00
-2.493432862961759977e-02,1.360155891510719979e-02,0.000000000000000000e+00
7.397627665220100068e-01,5.658888106226700118e-03,0.000000000000000000e+00
4.115403438855890217e-01,-1.846554514460909888e-02,1.569859937320079941e-23
8.160757606673629816e-01,2.493717157909500041e-03,0.000000000000000000e+00
9.839040618417029815e-01,-1.652700594027500108e-02,0.000000000000000000e+00
7.103061545997420012e-01,4.797262597208899575e-03,0.000000000000000000e+00
8.138876265155829959e-01,-5.570113559128500244e-03,0.000000000000000000e+00
-6.864343825739950555e-02,-3.869596800723609672e-05,0.000000000000000000e+00
2.862365630539030065e-02,-4.142450704964199641e-03,-3.163553961417799933e-23
2.414606376818010103e-01,-1.931438357852999948e-04,5.030903396928299903e-14
8.305975990756150340e-01,1.241003821907859933e-01,-7.926885536282079975e-20
7.751864015153649978e-01,-5.714445441268810322e-02,2.029968699967960083e-20
3.527114932157560112e-01,-3.216335716345219975e-02,1.996942876229200241e-16
8.330386549187780432e-01,1.363670126297850116e-01,0.000000000000000000e+00
8.553195773330060092e-01,4.787712100975299694e-03,0.000000000000000000e+00
9.922372060515369796e-01,-2.311225275312699806e-03,0.000000000000000000e+00
9.059951032426419859e-01,-2.523431136776409928e-02,0.000000000000000000e+00
5.419411942947890415e-01,1.107679536987999942e-03,0.000000000000000000e+00
-6.076892644294420304e-02,-6.102477934335199736e-03,-4.294214961630279911e-26
-1.184617050921139975e-01,2.581476481903999753e-04,1.467100716522460062e-20
7.838956448870559868e-01,-7.636867633793700122e-03,-2.787156819572319925e-20
3.531188276092420142e-01,-5.452351674282499873e-03,0.000000000000000000e+00
4.999570678298719817e-01,-2.507171395391699989e-02,2.617597609979439831e-16
9.053782355167390161e-01,-7.185133830871700232e-03,0.000000000000000000e+00
8.237180141545109580e-01,2.033143302778500031e-03,0.000000000000000000e+00
8.410171627876780187e-01,-2.367455553401590085e-02,0.000000000000000000e+00
-1.391231730661189950e-02,5.186619501896700367e-03,-1.338623633829939986e-17
7.393900605517199631e-01,-1.982937946596299850e-02,0.000000000000000000e+00
9.868373031848229893e-01,-1.377572101059310050e-02,0.000000000000000000e+00
7.918023808301509758e-01,3.212700147656750299e-02,6.008639706375049767e-20
5.982585453625060001e-01,2.952316581962100006e-03,0.000000000000000000e+00
7.308715646321880532e-01,1.453274583973749867e-01,5.851119491735450122e-19
3.456351224517050236e-01,-5.834894475429620170e-02,0.000000000000000000e+00
8.973678688601149922e-01,-9.679769865794399242e-03,0.000000000000000000e+00
9.110691951830359736e-01,6.643252249954670341e-02,0.000000000000000000e+00
1.434687449785549962e-01,3.294996255743000142e-04,5.655842602753619986e-14
8.608386213502250417e-01,2.800380647458199784e-03,0.000000000000000000e+00
9.119731934679899954e-01,-1.096060143363269956e-02,0.000000000000000000e+00
8.208591335070399841e-01,6.924783289411200193e-03,-5.005164221728240106e-23
8.942397024108630355e-01,-8.015940118184799665e-03,0.000000000000000000e+00
-4.594615111989539674e-02,-9.466019824169100150e-03,6.026928850742700563e-22
9.522482404670069567e-01,-6.596604193442600315e-03,0.000000000000000000e+00
1.687705541385490018e-02,-7.197151978492840241e-05,-1.121090916643010024e-20
9.602979065601480180e-01,4.204928229259739803e-02,0.000000000000000000e+00
2.215027088762979990e-01,-6.369387924196099650e-03,0.000000000000000000e+00
4.340733223641979888e-01,1.399256811527500033e-01,9.550385913898550010e-19
4.208028843685949760e-01,1.011078587822270003e-02,0.000000000000000000e+00
8.999310257113719569e-01,-9.867701049182999243e-03,0.000000000000000000e+00
9.088408831558239531e-02,-3.655623595047380325e-02,0.000000000000000000e+00
4.673073255606799981e-01,8.371117490865090383e-02,5.516436611399750651e-19
8.875211039210469943e-01,4.133236949053779863e-02,0.000000000000000000e+00
7.799769992959050269e-01,-6.875299036790800088e-03,-2.327985599437580271e-20
8.611362283413940277e-01,-5.503757077886899801e-03,0.000000000000000000e+00
1.485595341119499979e-01,-7.663520956522000115e-04,6.266692691634049534e-22
7.645711917323939899e-02,-4.343807616424300369e-03,-4.291617664382290274e-19
8.349835190911839566e-01,-6.256556834400000405e-04,-7.643668846903690886e-20
7.228820884128099866e-01,-5.791277771805970059e-02,1.232010491630330137e-20
9.602053175818979769e-01,3.420710550988839693e-02,0.000000000000000000e+00
8.966969275892360258e-01,5.957870594827110317e-02,-1.675865433405190108e-21
5.968686276457120243e-01,1.542337211831739940e-01,6.252536196488069824e-21
8.642142408726060099e-01,-2.685884628247280081e-02,0.000000000000000000e+00
4.597550030025310264e-01,-3.699638933171500027e-03,-2.476964611185869730e-16
9.156360212502330231e-01,-1.189093345304990078e-02,0.000000000000000000e+00
9.968255217471529983e-01,4.289742135056300379e-03,0.000000000000000000e+00
9.557470585298110111e-01,-2.421308339590659900e-02,1.682439594434920055e-15
5.774062318056719656e-01,2.036841212183200002e-03,0.000000000000000000e+00
9.268739030079159447e-01,4.898519390589600210e-03,0.000000000000000000e+00
5.252843503689800034e-03,-1.229800451041400053e-03,0.000000000000000000e+00
9.757198113092140357e-01,2.749294466193639985e-02,0.000000000000000000e+00
4.810240557340190182e-01,1.060797441353260040e-01,5.168757938580880047e-19
2.628692453078729785e-01,-2.395277228432169878e-02,0.000000000000000000e+00
4.955246868456960052e-01,1.173209559767030008e-01,1.104271480589740052e-20
8.847483831782080310e-01,2.290898258407610133e-02,0.000000000000000000e+00
3.551445171357719977e-01,1.440684675744949989e-02,0.000000000000000000e+00
3.066405894527679879e-02,1.375694283093860035e-02,4.083067320723720067e-17
9.452344299516159953e-01,-1.769829698941290108e-02,0.000000000000000000e+00
9.880560250437550041e-01,-1.164633330072670052e-02,0.000000000000000000e+00
6.962515199351160256e-01,3.997805849105699923e-03,0.000000000000000000e+00
2.391639547009780098e-01,-8.393087228538999821e-04,3.914005659883469728e-16
3.489321805489509903e-02,-2.334623516431760110e-02,-8.315518987528369545e-22
9.121599068142459688e-01,-5.006927109214199742e-03,0.000000000000000000e+00
3.701567035638180236e-01,1.924258545921020136e-01,8.552985938033339390e-18
3.203480287182660091e-01,2.021423266861009996e-02,-4.928586257086470268e-21
9.243519245987410482e-01,5.201858135384249820e-02,0.000000000000000000e+00
2.367237335233630113e-01,-6.383595220060300432e-03,2.595443205429739731e-22
9.784348324656799711e-01,2.712716614089080019e-02,0.000000000000000000e+00
8.568559951288460264e-01,-6.968659016551100212e-03,0.000000000000000000e+00
8.032447510066500485e-01,7.713869685635600312e-03,0.000000000000000000e+00
9.418885483210950316e-01,-7.461923675019400265e-03,0.000000000000000000e+00
8.100170897183219809e-01,1.669326424698950040e-01,0.000000000000000000e+00
1.132306184496229967e-01,-7.785722862577599754e-03,-5.235677050431879805e-22
9.064605601866230211e-01,1.078772871382150007e-02,0.000000000000000000e+00
7.638295752136310401e-01,-2.805035170163300111e-03,0.000000000000000000e+00
4.176203135004750155e-01,-8.839018034674399338e-03,0.000000000000000000e+00
8.812552218162770234e-01,-6.224277755591100386e-03,0.000000000000000000e+00
6.748981263801829833e-01,1.192625932173230069e-01,0.000000000000000000e+00
4.102518803092530253e-01,-7.226365154990499820e-03,6.767450688472690146e-21
9.425701527107469557e-01,-1.184032793781220061e-02,0.000000000000000000e+00
6.384638865496540250e-01,8.815557310756889919e-02,-2.997771792743540386e-20
8.093019373294140228e-01,8.433222024913599596e-03,0.000000000000000000e+00
-4.219459827713620270e-02,-8.626569182113999826e-03,-2.175270090993880079e-23
3.243458115370410066e-01,2.462517302945600034e-03,4.467536562987359922e-21
1.557518164280229933e-01,3.743414009476999944e-04,-1.293826266861109966e-13
6.181583424456239539e-01,-2.131068293669079877e-02,0.000000000000000000e+00
5.112906751850180287e-01,1.010855018713100037e-03,0.000000000000000000e+00
4.022227410707739925e-01,2.285351693848000024e-04,0.000000000000000000e+00
8.552466938632099502e-01,2.447513827841010014e-05,0.000000000000000000e+00
8.571655321856860299e-01,8.784052306987200076e-03,0.000000000000000000e+00
9.897846965854639745e-01,1.282493547155619945e-02,0.000000000000000000e+00
8.447957537284139784e-01,-2.575666335277800208e-03,9.122590332105240716e-20
-3.805491664515599920e-03,1.453306287259610065e-02,0.000000000000000000e+00
9.039512023848640387e-01,-8.537473334290900800e-03,0.000000000000000000e+00
5.382132722543230274e-01,-1.147281656681099901e-03,0.000000000000000000e+00
8.822003450908739719e-01,-2.717985955597300093e-03,0.000000000000000000e+00
2.533437264478590190e-01,6.557210998063299490e-02,2.289507762586400254e-18
6.924204689419269920e-01,-2.673013154467500114e-03,0.000000000000000000e+00
8.643159134265859800e-01,-7.365000399715600048e-03,0.000000000000000000e+00
4.639393957380180122e-01,-6.695836818419050041e-02,-2.617491420913379739e-16
4.460556249983340105e-01,1.727399438898180040e-01,1.686903405397769997e-21
8.524017400902259567e-01,-4.570946262814500408e-03,0.000000000000000000e+00
5.292141237569250034e-01,3.931099079934999882e-04,0.000000000000000000e+00
5.570949291046860541e-01,2.698399920357840154e-01,-1.403185861769189976e-18
9.272320212717289900e-01,-3.367159210505629718e-02,0.000000000000000000e+00
8.233992141683139643e-01,-2.581889835748889944e-02,-1.224800039832740062e-20
-3.762809890853700129e-02,2.016988443499469902e-02,-6.405206254528109404e-18
8.833119372788600376e-01,1.048891415185899956e-02,0.000000000000000000e+00
7.946300583344669821e-01,2.828681532953299972e-03,0.000000000000000000e+00
9.164704581106970505e-01,-2.266800583075490039e-02,0.000000000000000000e+00
4.151142761191409930e-02,8.553595904430099164e-03,0.000000000000000000e+00
2.393751924120199881e-01,2.294135092662629924e-02,-5.765901083290580047e-21
5.765219939430199676e-03,-1.051400305072069941e-02,7.212445013980049883e-22
9.906516145491149894e-01,-9.130155611861799983e-03,0.000000000000000000e+00
8.393594153942689484e-01,7.059424656858600405e-03,0.000000000000000000e+00
8.331118683230700483e-01,-4.944156410861010043e-02,0.000000000000000000e+00
2.432865990555460045e-01,-1.662796791717659900e-02,-1.895503134721300188e-16
9.579675258996790399e-01,-2.844104935013600042e-03,0.000000000000000000e+00
5.925990503842279988e-01,-1.470838093233120016e-02,-1.780476624636010044e-20
9.793025937554310500e-01,1.672372354516659873e-02,0.000000000000000000e+00
6.571481585052999508e-01,-2.015854315678100063e-03,0.000000000000000000e+00
2.492067308128589898e-01,-5.110370044793700189e-02,2.358027764838040128e-21
1.628235375617800018e-01,2.706906429451000178e-04,0.000000000000000000e+00
5.247051451654349830e-01,-4.254851950411189798e-02,-3.997418927648390036e-19
5.241276780042170014e-01,1.747804270771770030e-01,0.000000000000000000e+00
8.984195953949439817e-01,-3.038861024178999854e-03,0.000000000000000000e+00
9.632859485815129519e-01,-1.802842751907400088e-03,0.000000000000000000e+00
-3.000959602552380132e-02,2.097434781980279939e-02,-2.071311068658719900e-16
9.537924618222409778e-01,2.749151684683360033e-02,0.000000000000000000e+00
8.920572036223499701e-01,-4.083560064878500109e-03,0.000000000000000000e+00
7.830264776586050024e-01,-3.589213203377360217e-02,5.919262398026440143e-23
3.670224962559520132e-01,-4.429331491172890101e-02,0.000000000000000000e+00
6.221117106753110138e-01,1.202678524671390026e-01,-1.864832242488240080e-20
2.935030274999519961e-01,3.834786405798160103e-02,-3.857802953128850245e-19
5.407458442971019991e-02,-2.079738616626970044e-02,1.916541378020070027e-21
4.365555173449869875e-01,-4.582176068438639782e-02,7.733790067838129920e-21
9.584997486017790003e-01,2.223997580460970042e-02,0.000000000000000000e+00
8.619513883983680458e-01,-6.886097286998799603e-03,0.000000000000000000e+00
6.615002366826369662e-02,-2.182405713235000086e-04,0.000000000000000000e+00
8.527406707941870279e-01,-1.566929088915199964e-03,0.000000000000000000e+00
8.339480437793349576e-01,-1.860852175404350065e-02,-1.615075989999520120e-19
3.577530274737090177e-01,-2.617511363396600021e-03,0.000000000000000000e+00
7.770628500721690202e-01,-1.495696923683909919e-02,7.676907387324850269e-20
1.506426021496889978e-01,-3.055429306727339839e-02,-1.001280167470810042e-21
2.757495568597629898e-01,4.531149722216459890e-05,0.000000000000000000e+00
8.620049334432330346e-01,5.242960393972400344e-03,-8.891764096823990547e-20
4.793058107976679860e-01,-5.733943717562649950e-02,-4.632447840993819947e-18
1.265014103261679901e-01,-4.256900236192340259e-02,1.623802055270520008e-21
5.776323805778159626e-01,-6.499802731193950189e-02,-1.555639126094830223e-20
6.352019827584259870e-01,2.962451275774300157e-03,0.000000000000000000e+00
9.665579350954319748e-01,-7.321058694178200245e-03,0.000000000000000000e+00
3.817910308641149775e-01,1.643717393674490046e-01,1.167718184483550007e-18
5.883577374762449796e-01,9.471872372958000308e-04,0.000000000000000000e+00
9.810506914409680146e-01,2.590462323553530122e-02,0.000000000000000000e+00
7.568562325892429499e-01,-4.116285576990900280e-03,0.000000000000000000e+00
6.088385854854869716e-01,-3.635280370007869938e-02,0.000000000000000000e+00
1.044224576569140056e-01,-4.251259755530300069e-03,0.000000000000000000e+00
9.713343337767369468e-01,1.152410222894019974e-02,0.000000000000000000e+00
9.315032815935310184e-01,-1.509388123519900086e-02,0.000000000000000000e+00
5.741292138713409710e-01,-1.664187438335639965e-02,8.889310447975880263e-21
6.437810832556000173e-01,-2.126313066064599872e-03,0.000000000000000000e+00
8.002464174929230234e-01,-9.455404172219199557e-03,7.500100029569949915e-20
9.370481914426349590e-01,-2.240182102431539923e-02,0.000000000000000000e+00
9.137535119895250357e-01,1.680125370051289979e-02,0.000000000000000000e+00
9.402517165573159863e-01,-2.468131220073380150e-02,0.000000000000000000e+00
8.978044160126209539e-01,5.161448742897829789e-02,0.000000000000000000e+00
7.454865120514350685e-02,2.138330934633000035e-04,0.000000000000000000e+00
9.724504931985930023e-01,-1.371354354285699928e-03,0.000000000000000000e+00
8.916189332927489941e-01,1.069923341557479923e-02,0.000000000000000000e+00
3.942951757778029864e-01,-6.561897417756699588e-03,-2.336652024726309980e-16
8.419631062483280415e-01,-3.182118962094550307e-02,0.000000000000000000e+00
9.214748604356589601e-01,-1.390907140901210051e-02,0.000000000000000000e+00
8.059440180670260356e-02,-3.466648556331199810e-02,1.641257008951150116e-21
4.321689781549710174e-01,-3.519466965704200201e-02,-4.218470746033869628e-22
9.658867969188099645e-01,1.119647048792849972e-02,0.000000000000000000e+00
9.253103427517019863e-01,-1.705720792251099946e-02,0.000000000000000000e+00
3.928884615380690004e-01,1.450675499853129879e-01,1.848545342792109881e-21
8.317446399125509870e-01,-2.452152153460419870e-02,0.000000000000000000e+00
2.366370281461339931e-01,-9.660150001709000506e-04,3.849970380829829855e-16
8.708065752981160035e-01,5.359822739550500204e-02,-6.472232507044670483e-23
7.657545036021039531e-01,6.852677777953100104e-03,3.065543987776420150e-20
6.793042107363620463e-01,-4.200593451205229811e-02,2.043326937590210063e-19
1.830967454984260001e-01,8.213641590967999621e-04,0.000000000000000000e+00
4.259212057861699874e-01,2.190039095239780173e-02,3.501757068479449875e-23
8.895783825512639797e-01,1.377490340267079928e-02,0.000000000000000000e+00
7.259442860184319724e-01,-7.339203328599999731e-04,0.000000000000000000e+00
7.920396275642209716e-01,-1.990794377766219939e-02,0.000000000000000000e+00
9.711712761928209536e-01,-1.459654566485960037e-02,0.000000000000000000e+00
9.071053420144219448e-01,4.018839481534140085e-02,0.000000000000000000e+00
2.365034076071879932e-01,-2.113348890588900072e-03,0.000000000000000000e+00
9.506312191121329969e-01,-1.343545311921010010e-02,0.000000000000000000e+00
3.589456933652639958e-01,6.297339698290199683e-02,5.790666980816300105e-19
8.064397211036830049e-01,-5.344577990154320002e-02,0.000000000000000000e+00
5.847022097691130238e-01,-3.110198256444279830e-02,0.000000000000000000e+00
1.475651821887619952e-01,-1.271337844393029964e-02,-3.135747328312690186e-19
-6.291970029526790242e-02,-1.016031276872250005e-02,-8.775135495805438827e-22
5.198318620953059632e-01,-1.713472520076459935e-02,-7.605443818819109679e-21
1.582615710351039928e-01,-3.463099462493259700e-02,-1.406709502559749879e-16
9.196661254769950000e-01,2.124434154389449880e-02,0.000000000000000000e+00
2.115621391849530075e-01,-8.809193719668600639e-03,-5.531972302798820693e-23
8.090036384415070225e-01,1.327020038755820017e-02,0.000000000000000000e+00
2.635685340377230124e-01,-9.306140178189599432e-03,4.147919041265559943e-22
2.610685773851629810e-01,-5.381306188084800102e-02,0.000000000000000000e+00
8.073529091932859503e-01,7.786887427415209451e-02,8.059016428491670825e-20
2.575189904270510088e-01,4.876893093847999776e-04,0.000000000000000000e+00
7.420625567489700369e-01,5.997794241140600412e-03,0.000000000000000000e+00
9.560317650900179709e-01,-7.266243261198600430e-03,0.000000000000000000e+00
7.385848000770129929e-01,2.617357463568589782e-01,3.389032624272310071e-17
-8.244110554124599310e-02,3.209091304592150140e-02,-1.664505499753549917e-22
7.696303423936369514e-02,2.096121191967000074e-04,0.000000000000000000e+00
9.493857370867180290e-01,3.281982539548410072e-02,0.000000000000000000e+00
7.304933524176739912e-01,9.876539462624689403e-02,4.733531878277659788e-19
1.817044525288540047e-01,-1.991287915442399841e-03,4.169294823269329777e-22
8.969776260018490488e-01,-1.524835942397700017e-03,0.000000000000000000e+00
7.462091968668680408e-01,-2.885796733721099870e-03,0.000000000000000000e+00
1.350057153307590019e-01,-6.193930194754999723e-03,0.000000000000000000e+00
3.060362916994719962e-01,-1.854734731597400092e-03,2.279975413320369925e-21
-7.124508832132039893e-02,3.739025385047110156e-02,1.773908618834950030e-18
9.951177887394709876e-01,4.776286415872499878e-03,0.000000000000000000e+00
8.772570130170800340e-01,1.280647976342860067e-02,0.000000000000000000e+00
8.920339869901550145e-01,-6.018470661708599963e-03,0.000000000000000000e+00
5.155741300074150324e-01,-4.118857388997589769e-02,0.000000000000000000e+00
7.681307865222879450e-01,1.070044323841000053e-03,0.000000000000000000e+00
8.194471005867619562e-01,1.154429306179679954e-01,9.931600713313700677e-20
7.828478739300549494e-01,1.771465592984780013e-01,-7.456014885367370191e-23
6.204543993361449905e-01,-1.436519960021000013e-03,0.000000000000000000e+00
3.423735233195999853e-04,-6.208882748175819624e-05,-1.109160938726720015e-15
6.715263887181730507e-01,5.899314453167299813e-03,0.000000000000000000e+00
8.898366647917039796e-01,1.881779485529900013e-03,0.000000000000000000e+00
7.854783395888219610e-01,-1.063880793049950049e-02,-1.039838627435649993e-22
1.882363732195289907e-01,-2.560261432170040166e-02,0.000000000000000000e+00
5.189806106765529892e-01,-2.131239744274380024e-02,7.864420853264760829e-21
8.723076129081349661e-01,-7.893584934295099984e-03,0.000000000000000000e+00
1.965902109687409915e-01,-1.759288839302980065e-02,3.206615774283159757e-22
8.983769769899939694e-01,3.164723557268710186e-02,0.000000000000000000e+00
8.791495248043850186e-01,-5.686608756106099720e-03,0.000000000000000000e+00
9.623728833310140063e-01,-2.366868815110220042e-02,0.000000000000000000e+00
3.231458619060090243e-01,-9.522749464664000477e-03,2.233752246869440157e-16
5.050432725537730150e-01,-6.695115176029539650e-02,1.519005948975490032e-20
4.583601424560529991e-01,-8.664844708814000221e-03,0.000000000000000000e+00
3.904814102544320042e-01,2.014251806076499951e-01,-1.206860633721520086e-17
8.368946728631869725e-01,-9.385199074630699509e-03,0.000000000000000000e+00
9.759721609734079983e-01,2.631285189461380139e-02,0.000000000000000000e+00
-9.837132962331950059e-02,4.152105660916040331e-02,-1.681609616878530060e-21
7.956578196774509726e-01,6.566100540958999879e-03,0.000000000000000000e+00
5.858909144411039716e-01,-3.886390671219080301e-02,-2.569272935798180122e-23
7.528059592521569865e-01,-4.904473837842759920e-02,1.894856713010889971e-20
7.801291918733409547e-01,-3.349467686797300003e-02,3.229492040594290174e-21
4.227851572786799766e-02,-6.120701834934999704e-03,-6.820210040572300490e-22
8.830860618302119880e-01,-3.243440839005400089e-03,0.000000000000000000e+00
8.940078257903359971e-01,-3.474454987807230194e-02,0.000000000000000000e+00
-1.566157730192499833e-02,2.084177745615220165e-02,3.688040169304559829e-22
6.112294398022010133e-01,1.663928389782259876e-01,-3.830139858649350241e-19
2.052069576946030094e-01,-1.457689402874999931e-03,0.000000000000000000e+00
8.726016276005840178e-01,-3.170202620073379884e-02,0.000000000000000000e+00
3.509319259422780113e-01,-6.796868167686710286e-06,-3.838915423127170397e-14
9.792722610328580268e-01,-1.803638879622159949e-02,0.000000000000000000e+00
8.851891602772109513e-01,1.411275048000660073e-02,0.000000000000000000e+00
7.955291946690340454e-01,1.149974545425700018e-01,-1.454006210051280124e-19
4.756273000632330050e-01,-5.295405608444409690e-02,1.507125308934240000e-20
2.878827481521569753e-01,1.610311609461619886e-01,2.100931857968029959e-21
9.863118432388470191e-01,-1.459422618865910057e-02,-1.230119513408000051e-15
5.414937353807279807e-01,-5.687793640523339939e-02,-1.433639854777789962e-20
9.848670742830339941e-01,-4.890511581829600288e-03,0.000000000000000000e+00
4.894250392896389856e-01,2.534298674658689854e-01,1.757443591754509929e-18
8.260377303064290189e-01,2.889858042391700167e-05,0.000000000000000000e+00
5.428339359050640134e-01,-5.942218603194249910e-02,-1.462926467921160052e-20
8.547194938087949723e-01,1.002838691378419994e-01,-5.798700200785999373e-20
8.626046058337469846e-01,-4.409887048312170071e-02,0.000000000000000000e+00
5.233559671001799529e-01,1.954620247106720055e-01,7.678424244360569950e-19
2.343559348164319933e-01,-3.881865484467259680e-02,3.411097296583360470e-21
2.246586278183949903e-01,-1.128307305525520082e-02,0.000000000000000000e+00
8.323063841609650293e-01,2.236076162165999848e-03,0.000000000000000000e+00
9.156501942128759675e-01,-1.336891797248430068e-02,0.000000000000000000e+00
8.949671302924070426e-01,2.515619992753249934e-02,0.000000000000000000e+00
5.728334434913839868e-01,-3.592301665716999973e-04,0.000000000000000000e+00
9.277150908959059805e-01,2.924714397502950133e-02,0.000000000000000000e+00
3.817586546212419774e-01,4.537548793877180242e-02,0.000000000000000000e+00
8.663032622545659978e-01,4.405017113581889687e-02,0.000000000000000000e+00
3.110724972307419844e-01,-1.495496088042540077e-02,0.000000000000000000e+00
8.219190354046700397e-01,-1.622923073219800089e-03,0.000000000000000000e+00
8.719387720397260289e-01,-4.652207292822100118e-03,0.000000000000000000e+00
8.044440605929229493e-01,-4.174742326595400413e-03,0.000000000000000000e+00
8.381566137122640203e-01,3.370788588130010227e-02,9.301076068085769679e-24
4.924170070502930097e-01,-1.383092897614959967e-02,2.520019563774410171e-16
9.192792578401149939e-01,2.451860141848309985e-02,0.000000000000000000e+00
9.417047335593460300e-01,-1.786433455167319925e-02,0.000000000000000000e+00
1.386211677585260094e-01,-2.514975439570099960e-02,-1.865853051532470118e-23
5.857729534531910254e-01,1.419874065723309986e-01,4.520641992651779881e-19
6.929428326747669731e-01,5.613896692489000334e-04,0.000000000000000000e+00
8.985489479498820486e-01,4.755771759058340098e-02,0.000000000000000000e+00
7.229704105562709815e-01,5.328658128704100334e-03,0.000000000000000000e+00
8.116825541425159996e-01,-4.266203400259499685e-03,0.000000000000000000e+00
8.960752752341140104e-01,2.463946282848700035e-03,0.000000000000000000e+00
8.990532993710570464e-01,-1.302838044711550000e-02,0.000000000000000000e+00
9.022754921503139958e-01,1.456445053956609975e-02,0.000000000000000000e+00
1.460243946544969862e-01,3.546585270808000042e-04,-6.406446352996120369e-14
9.841819965453010299e-01,-5.677407606748800274e-03,0.000000000000000000e+00
6.284940745116519567e-01,1.588445104221989854e-02,0.000000000000000000e+00
4.490736356584170141e-01,-5.675436059254630045e-02,-4.337695999090049781e-18
9.852462916836699502e-01,-9.930570879018999625e-03,0.000000000000000000e+00
8.601017028562130129e-01,-5.852253518572390320e-05,0.000000000000000000e+00
4.139863412857279767e-01,2.402909690724399933e-03,0.000000000000000000e+00
9.519081339315379475e-01,2.095386813699209871e-02,0.000000000000000000e+00
5.307900429618750415e-01,5.780832442745999656e-04,0.000000000000000000e+00
2.494969532048169902e-01,-8.339261835189399133e-03,0.000000000000000000e+00
9.203832478553249929e-01,5.877632972861809857e-02,0.000000000000000000e+00
5.874074568946989761e-01,2.548440862453479894e-01,0.000000000000000000e+00
9.935265149400239748e-01,-1.094248228044139917e-02,0.000000000000000000e+00
8.993506105480959523e-01,-8.350485846628299957e-03,0.000000000000000000e+00
3.342974082360419819e-01,2.742826970839319992e-02,0.000000000000000000e+00
2.707362920301250031e-01,-2.523434025961579855e-02,-3.161079111162959824e-22
8.146526375227389760e-01,4.864630657534100081e-03,2.027898643799679996e-23
1.604042671817940136e-02,9.887820511410100321e-03,-4.987128559043420714e-19
9.045471762337170540e-01,-1.810047579161610035e-02,0.000000000000000000e+00
-2.737742140411780073e-02,-1.553461367557889931e-02,0.000000000000000000e+00
8.688391142487570384e-01,-3.399971316664039678e-02,0.000000000000000000e+00
2.420283971467120099e-01,-1.531929728558999984e-04,-5.168724024897640098e-14
1.456596034416700047e-01,3.222328553711000009e-04,5.400378794765799645e-14
-4.485483380045990343e-02,-1.349801314904880076e-02,0.000000000000000000e+00
5.568687536278189576e-01,-2.113806569276269892e-02,0.000000000000000000e+00
1.268135863869000084e-04,-6.363845195603999930e-03,6.630683586151160701e-17
8.333809933593609998e-01,3.949122837948300380e-03,0.000000000000000000e+00
4.913740844371959904e-01,-7.159126069791999468e-04,0.000000000000000000e+00
4.876635320846159916e-01,1.646992319267230054e-01,-8.764186555761240508e-19
3.273898442808210185e-01,1.017079366471999933e-04,4.339746714557219951e-14
6.143457344634190020e-02,-3.043945187201169827e-02,2.948255021029530255e-21
3.966393673504570172e-02,-3.297549825421000093e-04,1.432571283765079978e-23
-2.216121130926760122e-02,2.389541654502220017e-02,-4.414354434088659783e-19
3.063239784482690159e-02,6.389239268168100255e-03,0.000000000000000000e+00
9.169341153853080018e-01,-1.685495491670239987e-02,0.000000000000000000e+00
1.977410635347190138e-01,-3.956819920537769930e-02,1.487927141544239914e-16
3.612017821658469741e-01,1.475341085729879945e-02,3.968614163079920499e-21
7.540364603815490341e-01,-2.053676235697250024e-02,2.848204834943260141e-20
5.129090794925890151e-01,1.459462680450499894e-03,0.000000000000000000e+00
7.143634957362430260e-01,-7.072569073582900094e-03,-3.248306693642959962e-20
8.712495158171420506e-01,-5.398833706553599933e-03,0.000000000000000000e+00
6.117012941051690467e-01,1.023018837747100094e-03,0.000000000000000000e+00
9.114983439917679897e-01,1.994303253163329931e-02,0.000000000000000000e+00
9.137328484486689772e-01,-3.481132871326760025e-02,0.000000000000000000e+00
8.245062058705779906e-01,-1.389880798067020043e-02,0.000000000000000000e+00
9.360309643772709576e-01,-1.010803771411639997e-02,0.000000000000000000e+00
8.796323706353590399e-01,6.458449127539239720e-02,-2.750091925509220257e-21
-7.061400261502820408e-02,1.670777425913229961e-06,6.600428188523649885e-21
6.911148216553569812e-01,2.159580366772859972e-01,3.926070530625920350e-19
8.500865958701839808e-01,-3.317428138099309809e-02,5.598174859747339954e-20
6.983764098565159451e-01,2.531996873321670088e-02,3.241457873143900048e-23
9.903657492836990262e-01,-8.072737088204899950e-03,0.000000000000000000e+00
8.954665973988850114e-01,-5.633826245546399818e-03,0.000000000000000000e+00
5.084780485053319588e-01,-6.182914002279470134e-02,0.000000000000000000e+00
7.504080572860699627e-01,-5.368833636159049683e-02,0.000000000000000000e+00
2.804945472871199774e-01,-4.813811153603999617e-03,-5.222325684720869897e-24
2.869044630900239867e-01,-4.193296090545690219e-02,-2.478610916732170126e-21
9.618922292570030175e-01,-1.621967678712779928e-02,0.000000000000000000e+00
8.382772827873260502e-01,6.777657983042500132e-03,0.000000000000000000e+00
7.498514481210859506e-01,1.392271665072080007e-02,9.677492236878240240e-20
7.486658513055339803e-01,1.364349044201350059e-01,0.000000000000000000e+00
8.591142997351229882e-01,-3.960105407255019860e-02,0.000000000000000000e+00
9.849616962185689939e-01,-1.319688847162519933e-02,0.000000000000000000e+00
2.613771388978249899e-01,-1.805428963787890015e-02,-1.883694026191359938e-16
-3.366873475690299738e-02,-1.985326071398299964e-03,0.000000000000000000e+00
5.991341326402019885e-01,1.910464176413700088e-01,0.000000000000000000e+00
8.072497734090260391e-01,6.323754999245149999e-02,-2.892899131319280372e-20
9.221224206061070516e-01,-1.858492256790620148e-02,0.000000000000000000e+00
-7.732232855343709743e-02,-6.863261369885499674e-03,-1.235962850537660125e-21
1.505522119123229863e-01,7.801098011239219966e-05,4.538873396595790345e-21
7.756162421573560284e-01,-2.484903325392260123e-02,2.044202759326819991e-19
1.953114236183229879e-01,-1.085886257806690028e-02,0.000000000000000000e+00
4.090278115064119868e-01,-3.697079321566489746e-02,-7.931015772251519260e-22
6.151421334614980418e-01,-1.757591228534000018e-04,0.000000000000000000e+00
2.181017340267339955e-01,-1.175766121033500027e-02,0.000000000000000000e+00
6.526135852123630121e-01,3.369552165918699837e-03,0.000000000000000000e+00
5.829978859100000133e-01,-2.288476999311800202e-03,0.000000000000000000e+00
7.145508288857019830e-01,3.154577942237700178e-03,0.000000000000000000e+00
9.259480665924850473e-02,-2.513849960542170053e-02,9.679209200018329107e-22
8.789008245652499829e-01,-6.835934753252399798e-03,0.000000000000000000e+00
3.700303763316600270e-01,-3.675197887716460249e-02,-1.612610060385650219e-20
7.088584752143030077e-01,1.307325619422050056e-01,-3.780829819999730311e-19
-2.654904095542659839e-02,2.658367455240689958e-02,-4.337171504202249880e-19
8.994904015599080038e-01,-6.159537949774000418e-03,0.000000000000000000e+00
8.256413436870959632e-01,-4.371755926935900170e-03,0.000000000000000000e+00
8.465299730223829755e-02,-2.503862952113400202e-03,-1.951564743284480052e-16
9.128149890971910541e-01,-2.146439765807989924e-02,0.000000000000000000e+00
6.421135705804980054e-01,-4.337695300894900061e-03,0.000000000000000000e+00
8.411428697203779947e-01,4.035167512018499741e-03,0.000000000000000000e+00
-2.417305694188299960e-03,-8.358820357790600411e-03,0.000000000000000000e+00
9.138529893088559453e-01,2.095543414558840092e-02,0.000000000000000000e+00
8.150185025524130378e-01,1.676102091159700075e-03,0.000000000000000000e+00
9.864998397817930087e-01,-1.558003348103099983e-02,0.000000000000000000e+00
8.650577824893309620e-01,1.506817048845400086e-03,0.000000000000000000e+00
3.932011920081969758e-01,9.916141441901810127e-02,0.000000000000000000e+00
7.408622342107290537e-01,2.583549545850569729e-01,-3.166915031425089899e-17
8.432669593206130187e-01,3.526027609127419665e-02,0.000000000000000000e+00
8.958301778569339735e-01,7.854384703605200857e-03,0.000000000000000000e+00
8.950685512529009680e-01,-1.790831953194749887e-02,0.000000000000000000e+00
9.014700082005220327e-01,1.674875555656649834e-02,0.000000000000000000e+00
9.852563152593649676e-01,4.522590329610500295e-03,0.000000000000000000e+00
8.974513475026599796e-01,-2.274264771703600127e-03,0.000000000000000000e+00
7.831461303548600261e-01,-6.053828150105100038e-03,0.000000000000000000e+00
8.896677652647220214e-01,-3.364823979776689761e-02,0.000000000000000000e+00
-7.329406746580539866e-02,4.047006111436229903e-02,-9.236420584226769069e-22
5.885904676644689859e-01,-4.090317396679220285e-02,4.274594991827759797e-21
2.486468707368049980e-01,-1.951980015383079914e-02,1.633340169726209949e-22
2.824758805693429742e-01,1.130546806743669974e-01,2.634356188509349965e-18
6.015662505000699545e-01,-5.838887272998719707e-02,8.015140054833280386e-21
9.819655235777540181e-01,1.527603445173780078e-02,0.000000000000000000e+00
5.968327861127419726e-02,-1.646076413127890020e-02,-5.542207878912279315e-22
7.714245156420950211e-01,2.613769929254199792e-03,0.000000000000000000e+00
6.877087067153440092e-01,1.161811582462590059e-01,-1.373966564444960125e-20
7.634120369242789472e-01,-2.316626222961699899e-03,0.000000000000000000e+00
8.931213077176890502e-01,3.383564072473900074e-03,0.000000000000000000e+00
4.818735388908469974e-01,-1.807527467259599898e-03,0.000000000000000000e+00
9.066496305621259966e-01,2.845933275942279933e-02,0.000000000000000000e+00
3.834348646013959749e-01,-2.259906599879200027e-03,0.000000000000000000e+00
9.599580546599769670e-01,-2.565671488716490117e-02,0.000000000000000000e+00
-1.095934578044019947e-01,-1.643013039203400100e-03,-9.229343195417169219e-22
-8.827739599327989739e-02,4.301504792047079750e-02,0.000000000000000000e+00
8.941625094092370274e-01,-4.923588251775000381e-04,0.000000000000000000e+00
8.092925474236399228e-03,-1.395135973487619981e-02,-1.092334521396080020e-21
3.931104579261900100e-02,-1.069537106255140022e-02,0.000000000000000000e+00
-9.113298554870330470e-02,4.604789432916220338e-02,-3.641913710569579992e-21
5.316265572105329795e-01,6.399160793244000524e-04,0.000000000000000000e+00
8.747352854971179870e-01,2.223113042467629932e-02,0.000000000000000000e+00
2.239722221038779881e-01,-4.637508495794999928e-03,3.717409797765200176e-16
9.144880964680489610e-01,9.688903115025600601e-03,0.000000000000000000e+00
7.938413450286130324e-01,-3.380063526393670137e-02,0.000000000000000000e+00
-2.767755617337249938e-02,-7.190648415767999894e-03,0.000000000000000000e+00
3.181234340331209887e-01,-2.010522789333300114e-02,0.000000000000000000e+00
8.872578391944240250e-01,-3.628981254474959728e-02,0.000000000000000000e+00
7.651607331607780393e-01,-1.908859609807640051e-02,2.292749478903429973e-19
6.625137717560849460e-01,-2.441666699568599986e-03,0.000000000000000000e+00
6.818607903617349697e-01,-5.241383597847219800e-02,4.488274141486960169e-20
9.275624317208279734e-01,-2.689677906978049995e-02,0.000000000000000000e+00
8.744151185631630074e-01,-2.768547771844840147e-02,0.000000000000000000e+00
3.856751745152329769e-01,-1.907193232818989864e-02,0.000000000000000000e+00
8.646504928041010007e-01,-7.586784266152299915e-03,0.000000000000000000e+00
9.030471150483430076e-01,-1.737734098567449842e-02,0.000000000000000000e+00
4.770816935641029877e-02,1.650238970117999982e-04,0.000000000000000000e+00
9.347085103666129546e-01,-3.217993447554400033e-02,0.000000000000000000e+00
5.207698660415409631e-01,1.416455482729870041e-01,0.000000000000000000e+00
9.825045605588470510e-01,-1.656166808274350116e-02,0.000000000000000000e+00
8.559282642023400278e-01,-5.488825739939699917e-03,0.000000000000000000e+00
1.966264979996660001e-01,-2.485912731284320096e-02,0.000000000000000000e+00
3.317841636585099896e-01,-3.720071663485990249e-02,-1.360122496674710055e-21
1.793657307448000005e-01,3.198504334199189780e-02,0.000000000000000000e+00
8.603218425627470189e-01,7.842418439903299857e-03,0.000000000000000000e+00
9.243598068412339774e-01,-1.554792946815899968e-02,0.000000000000000000e+00
5.175372614831420526e-01,1.505320643540699992e-03,0.000000000000000000e+00
5.672908120390239839e-01,1.321170762973969959e-01,-7.147047155886240000e-21
8.777675383107830243e-01,4.516289376986300404e-03,0.000000000000000000e+00
3.756995707252149819e-01,2.003475093631999998e-04,0.000000000000000000e+00
4.339295127938729846e-01,-1.213038504174100002e-02,0.000000000000000000e+00
9.905725678853050109e-01,1.014616195377569981e-02,0.000000000000000000e+00
3.325294571328640258e-01,-7.591372488923600267e-03,-1.663120052915060047e-21
5.079506407157899917e-01,1.185943041067100091e-03,0.000000000000000000e+00
9.668244589404280109e-01,-1.728301892152899963e-02,0.000000000000000000e+00
7.779916025678780267e-01,-2.609912466479129972e-02,0.000000000000000000e+00
7.155156968478499913e-01,2.568904006600029877e-02,-3.478123632575990060e-20
4.659809819899750072e-01,-4.205702062478990089e-02,2.014026186372669933e-21
9.294563493046670288e-01,1.924570484778129892e-02,0.000000000000000000e+00
2.117873037960059934e-01,-2.551081252524579901e-02,5.818195016567709951e-22
9.347656930662640029e-01,-1.607445858885570011e-02,0.000000000000000000e+00
8.780757901238309682e-01,7.433550762461700254e-03,0.000000000000000000e+00
8.857449116067009909e-01,1.124182014094179949e-02,0.000000000000000000e+00
8.940432188567529748e-01,1.103657044007450017e-02,0.000000000000000000e+00
9.230546503819789805e-01,-7.657852695248999579e-03,0.000000000000000000e+00
9.838360619237139781e-01,-1.054679911714989995e-02,0.000000000000000000e+00
3.719198057662109758e-01,-3.132747104594000198e-04,0.000000000000000000e+00
1.593344680437170091e-01,-3.933151179646710016e-02,1.961069859660490102e-21
7.028682423872619767e-01,4.404232804515200231e-03,0.000000000000000000e+00
1.303797075236640124e-01,-9.372356848319999406e-03,-4.458510911587690241e-22
9.420576493142850394e-01,3.141236025864940079e-02,0.000000000000000000e+00
1.461039537671459942e-01,-4.292107128735919708e-02,-3.618427185409760398e-21
3.987427167663969985e-01,-2.834585483220999902e-02,0.000000000000000000e+00
8.371882263033350036e-01,-5.288261217274200197e-03,0.000000000000000000e+00
9.937648424982049589e-01,-1.061383076526719975e-02,0.000000000000000000e+00
9.120503371797510361e-01,5.578616512310100028e-02,0.000000000000000000e+00
3.476717893447179852e-01,5.234161663807820192e-02,-3.079503663689210159e-16
7.185560837014860480e-01,5.162252118158699825e-03,0.000000000000000000e+00
8.945016723910149681e-01,-1.489417724138960078e-02,0.000000000000000000e+00
5.676325487875599762e-01,-5.002073924404260019e-02,4.252175532358120347e-21
-1.103204555754609961e-01,-9.831687236004310148e-05,-8.504587291611310024e-22
1.137701115467889962e-01,-4.050451015572049951e-02,-1.704906185566540128e-21
7.155271269894160069e-01,-6.162219956230689799e-02,-2.345154599957590067e-20
9.009136489714310025e-01,1.347606872739819973e-02,0.000000000000000000e+00
5.295826541292989464e-01,4.548403593665000205e-04,0.000000000000000000e+00
5.668289443872249755e-01,1.467765433053339896e-01,4.439197719256110647e-19
1.286702538638479984e-02,1.471817514769719996e-02,-1.736992019407380066e-21
9.539688630681869563e-01,2.866870834622560135e-02,0.000000000000000000e+00
-1.066778520025850052e-01,-4.616518527275999999e-04,-2.861363453516810265e-21
9.581800558292870029e-01,-2.183578836904890089e-02,0.000000000000000000e+00
8.991061634512169665e-01,-1.098281675066949993e-02,0.000000000000000000e+00
8.348750795374160205e-01,9.898884680939590286e-02,0.000000000000000000e+00
7.915025356072450391e-01,5.470345622829099648e-03,0.000000000000000000e+00
4.445597467281649923e-02,-1.630975927539559875e-02,-2.590707538872260158e-20
3.314662764363889846e-01,9.096196322657430636e-05,4.259250551478650186e-14
5.675200165596420154e-01,-6.829895753253200155e-03,1.757317431126370202e-20
5.760892687343550228e-02,-3.179909825495999868e-04,5.394811761078919811e-21
8.121304609114979867e-01,-5.197455436334939838e-02,0.000000000000000000e+00
5.054185016047090251e-01,2.252711826886170110e-01,7.136191564288720333e-19
9.307188309467090415e-01,-1.150622645686170085e-02,0.000000000000000000e+00
5.059511482227230239e-01,-1.403377688287230085e-02,-2.505350007658729931e-16
7.127805390235619765e-01,1.713691027684390022e-02,8.135425055762519735e-24
8.940188957569870087e-01,-1.190736629092579990e-02,0.000000000000000000e+00
8.923416897993160513e-01,9.543337753333899429e-03,0.000000000000000000e+00
3.490892109021819789e-01,1.151818876041499958e-03,0.000000000000000000e+00
6.841292935662800501e-01,-1.090513608893699986e-03,0.000000000000000000e+00
-6.142531916083940335e-02,3.293946043141449814e-02,-4.568388996278389472e-18
4.170272024417179951e-02,-4.029267031274000104e-04,-5.182248724945800377e-21
7.758054340930410353e-01,-5.608083669191000174e-04,0.000000000000000000e+00
8.789741367551899831e-01,-1.832996416588900026e-03,0.000000000000000000e+00
8.248073288345909582e-01,-9.329573361762799263e-03,1.011267830788149974e-22
2.550426475050050074e-02,1.060094024747920000e-02,2.149051963129119925e-17
8.734840916963120261e-01,-2.311293010851420138e-02,-1.206115638036230114e-20
8.814652971898180311e-01,1.934933237333100013e-03,0.000000000000000000e+00
2.287899115441769937e-01,2.045855043137999969e-04,-3.014618321826769791e-30
8.252599109620200046e-01,4.299709775031620301e-02,1.042792646999879960e-24
8.910148376398390191e-01,-3.322462569885099859e-02,-3.333884877265190041e-20
-7.767454869002560214e-02,4.197669836991049785e-02,-1.951130847664740109e-21
9.741312847968039978e-01,-1.567112173028700067e-02,0.000000000000000000e+00
9.893274845647009874e-01,4.296971614154999875e-04,0.000000000000000000e+00
8.896609313324259638e-01,7.037820686611600228e-03,0.000000000000000000e+00
2.430315203060879892e-01,-4.420333955821200214e-03,0.000000000000000000e+00
1.685714582101549910e-02,-5.287309072250999907e-04,0.000000000000000000e+00
8.604879178209320356e-01,-4.167249245251389983e-02,-3.045577497867620430e-20
8.361020333484560085e-01,-8.865284470290999688e-04,0.000000000000000000e+00
8.254841273984040440e-01,4.776670378382100179e-02,0.000000000000000000e+00
7.556871647866489905e-01,5.294351655494100063e-03,0.000000000000000000e+00
8.716106058470579621e-01,8.932846341064350215e-02,0.000000000000000000e+00
8.318728621601210182e-01,1.475790556969729939e-01,0.000000000000000000e+00
9.418128167809199924e-01,-2.701636075886109864e-02,0.000000000000000000e+00
8.958515957165390509e-01,-8.784758538268900088e-03,0.000000000000000000e+00
8.329402199465729684e-01,1.171952955087499949e-03,0.000000000000000000e+00
3.436816808809129986e-01,4.050441670241900285e-03,0.000000000000000000e+00
8.988988740241969921e-01,-7.157324972952299955e-03,0.000000000000000000e+00
9.929749607297629899e-01,1.156796005760720066e-02,0.000000000000000000e+00
2.615446444016589767e-01,-1.990052178947309888e-02,-1.637316833556479830e-22
4.990043369850670207e-01,8.179751334855879519e-02,0.000000000000000000e+00
6.739592525043910376e-01,1.759153952691299982e-01,1.081524800698890085e-21
9.678317323719130005e-01,-6.806617775710900077e-03,0.000000000000000000e+00
9.386379211260780231e-01,2.091668822075649914e-02,0.000000000000000000e+00
9.482205587793890444e-01,-1.350456002195860039e-02,0.000000000000000000e+00
9.531035494572880351e-01,6.834099454762700317e-03,0.000000000000000000e+00
8.031091091188330422e-01,-1.823122413090600075e-03,0.000000000000000000e+00
9.121383275671429702e-01,-1.945942927290830043e-02,0.000000000000000000e+00
4.682842214406849890e-01,9.500565731482320253e-02,5.574491957233990200e-19
2.728693814568959874e-01,-1.349207472246670078e-02,0.000000000000000000e+00
3.443597044200780166e-01,-4.426657593679869662e-02,2.875047517807490255e-21
2.079450529101760092e-01,5.317739643609299682e-03,0.000000000000000000e+00
9.626617784079940510e-01,1.308401019779159916e-02,0.000000000000000000e+00
-3.111729241079779981e-02,2.689008852114509879e-02,1.807855487940859870e-22
9.437154253010979765e-01,-2.195894178636319943e-02,0.000000000000000000e+00
5.006945770940189888e-01,-6.793896042796809809e-02,-2.966163345738960086e-20
9.608152313407389844e-01,2.059732963177519915e-02,0.000000000000000000e+00
8.884802600163369535e-01,-4.510971706513699879e-03,0.000000000000000000e+00
5.675010259698589632e-01,4.073849575998479688e-02,1.485228430636480049e-19
3.120252253888540217e-01,-1.508301115254500040e-03,2.211175182810319911e-21
7.108344299356359475e-01,1.979695595527730112e-01,-3.863043658001180298e-19
8.396120055483720090e-01,-4.327243039877599895e-02,0.000000000000000000e+00
7.371508025544339926e-01,-2.301519044046000054e-03,0.000000000000000000e+00
7.646681054412529654e-01,-3.185533556195870031e-02,-1.667021520427510141e-21
8.009085051402790034e-01,-4.417686243719899826e-03,7.167797139022530300e-15
7.855390262957440140e-01,-2.439954096319489965e-02,-1.956296954559880172e-19
6.752407227983310278e-01,2.975575785431999981e-04,0.000000000000000000e+00
3.377922539590659801e-01,3.276625305634289775e-02,-1.221822762112160061e-22
8.060128576781040444e-01,3.481844591142940065e-02,0.000000000000000000e+00
3.042676716204290033e-01,8.425330439224509860e-02,-1.390758064679939986e-18
9.372785800890399699e-01,2.451093982784879888e-02,0.000000000000000000e+00
7.785917185017560138e-01,6.740184078568059456e-02,0.000000000000000000e+00
9.115545676933469732e-01,-3.590314854056859961e-02,0.000000000000000000e+00
4.118770763764120213e-01,4.232205652910999848e-04,0.000000000000000000e+00
8.807837555697739518e-01,5.731786669550899965e-03,0.000000000000000000e+00
9.428951388051249882e-01,4.179479633335540095e-02,0.000000000000000000e+00
1.868821139124630104e-01,-1.880075121008199920e-03,-8.500848515806979048e-22
8.246702255019140448e-01,1.601087974447399894e-03,0.000000000000000000e+00
9.640002754365160076e-01,6.324060538540600407e-03,0.000000000000000000e+00
3.012286739824989734e-01,7.131328060821000509e-04,-2.780971987714610197e-21
8.639136050184029747e-01,7.608744901573849528e-02,0.000000000000000000e+00
8.669720931565050304e-01,-4.685315687323299630e-03,0.000000000000000000e+00
8.653564653747799484e-01,1.238007241778999931e-04,0.000000000000000000e+00
7.880765938774869639e-01,1.685945322883919961e-01,9.395892800506380097e-20
8.511025871025369449e-01,-7.026170890972899610e-03,0.000000000000000000e+00
-8.407091301079229473e-02,4.431662751664339900e-02,0.000000000000000000e+00
8.197700746223880452e-01,2.106190473033800036e-03,0.000000000000000000e+00
6.940634754114100372e-03,1.392117453803480044e-02,2.264974968530709692e-18
-6.031568615341179745e-02,3.240114371499810270e-02,-6.035613816035339437e-18
-3.178650626860130002e-02,-1.089748826988599928e-02,1.733811046254660164e-21
9.085964504177810319e-01,-7.844309979619700293e-03,0.000000000000000000e+00
8.475377142388880181e-01,-4.779345518441029811e-02,1.792168452174650245e-20
3.876243947691209724e-01,-5.625792375571529724e-02,1.172058495023819866e-22
9.488297189894360217e-01,-1.995682376215060158e-02,0.000000000000000000e+00
8.444580289144170138e-01,-4.943898012417399963e-03,0.000000000000000000e+00
7.577199477327429822e-01,-5.610919077524820220e-02,0.000000000000000000e+00
-6.524195159730499655e-03,1.535157750381399913e-03,0.000000000000000000e+00
4.800666348284270135e-02,1.647026936564999927e-04,0.000000000000000000e+00
2.623575585817859990e-01,-4.802144426658999958e-04,0.000000000000000000e+00
4.059214935030019955e-01,-2.362627530171000048e-04,0.000000000000000000e+00
8.978861529500059557e-01,1.572567841618060028e-02,0.000000000000000000e+00
5.220990449683450274e-01,8.021510000086369552e-02,0.000000000000000000e+00
9.837269775102139846e-01,-8.035384491942600821e-03,0.000000000000000000e+00
8.250230049881159822e-01,5.933777204148679707e-02,1.778635282968759949e-21
-8.631040444186549587e-02,4.478315233778210058e-02,-3.889563248416300413e-18
5.674388596212940339e-01,-5.740059315709000005e-04,0.000000000000000000e+00
2.873137991840880034e-01,-2.053280191632519958e-02,8.463821896028480265e-23
9.528768053078749967e-01,-2.743524465804789841e-02,0.000000000000000000e+00
9.682913540738999902e-01,-1.197423484096490041e-02,0.000000000000000000e+00
2.544746355387749737e-01,6.457872131896899570e-03,0.000000000000000000e+00
-1.186606994724269948e-01,2.653516382506740032e-02,0.000000000000000000e+00
1.197389919900209918e-02,-2.305479580903760026e-02,0.000000000000000000e+00
9.119542815473179465e-01,-1.083166597342199999e-02,0.000000000000000000e+00
9.946475101518690298e-01,6.956965009023099826e-03,0.000000000000000000e+00
8.859883793409190078e-01,9.350925544470100464e-03,-4.121586891067309734e-22
8.570072148130689627e-01,-2.205269030314239986e-02,0.000000000000000000e+00
9.089623423274929559e-01,6.277572080111300246e-02,4.211137169718880012e-21
7.062774425529180222e-01,-5.388641888566809979e-02,5.602251077673689799e-22
1.423309740403509993e-01,3.362417409623000156e-04,-1.176879960874040048e-13
9.082013050661770226e-01,6.802132516815739827e-02,1.294204486098000145e-21
7.532587633193109644e-01,-2.596080139292419875e-02,2.237195261513849901e-19
2.347818469370220040e-01,-2.753318545111679838e-02,0.000000000000000000e+00
7.015912949033400459e-01,-7.089648119574000484e-04,0.000000000000000000e+00
2.305346364945639881e-01,-1.944259917091969991e-02,-7.850346224827680251e-21
5.223275391889360408e-01,1.167833317402599928e-03,0.000000000000000000e+00
6.925758584638770365e-01,-2.033990636829359835e-02,0.000000000000000000e+00
4.484545281458059973e-01,-6.912438664801999824e-03,0.000000000000000000e+00
3.551126855176510166e-01,-2.747375922837869827e-02,0.000000000000000000e+00
7.649362295205770490e-01,6.850755818187300068e-03,0.000000000000000000e+00
9.926264448699380072e-01,-1.010077227799439925e-02,0.000000000000000000e+00
7.872140864492129797e-01,1.579463776442719958e-01,1.024831366673660003e-22
1.045908671227789993e-01,-3.901190572076890239e-02,3.190515129976820140e-21
-8.444881378064049426e-02,1.401087378564240017e-02,9.125152601751530504e-22
9.501575603941500026e-01,-1.057114541477680025e-02,0.000000000000000000e+00
8.152889340202149615e-01,2.486157435275790015e-02,0.000000000000000000e+00
2.776288587034600203e-03,-1.950307908196060105e-02,8.176764289819839500e-22
5.226877896982730087e-01,2.489582098882399952e-01,7.279103135370370715e-19
6.103568335651590182e-01,1.227982180288299946e-01,4.575818878296050160e-19
8.165738215768310049e-01,8.511400707700400581e-03,0.000000000000000000e+00
7.933324995986309469e-01,-5.024255565590000222e-03,-7.951033450252110790e-15
5.843825303327000453e-01,4.088199997359370091e-02,-1.521581583410920008e-19
7.945283587408610293e-01,8.145077382237200792e-03,0.000000000000000000e+00
2.820088896358319830e-01,-7.536304858033300406e-03,-8.824525815478359389e-22
9.133909493808960445e-01,3.706480083522049884e-02,0.000000000000000000e+00
8.445410642397259693e-01,-1.865367522668820097e-02,0.000000000000000000e+00
5.788595047592179910e-01,-2.347833752392690029e-02,8.740606009514800811e-21
9.722530627940449699e-02,-1.118506973136999951e-04,0.000000000000000000e+00
2.065088489415639952e-02,-1.306065291720549977e-02,2.530417590867960216e-20
8.875562063966100368e-01,8.493262463482200222e-03,0.000000000000000000e+00
4.344584759007280028e-01,-4.726932284627669706e-02,-3.884276238594430089e-21
1.431103792478309877e-01,-5.959219702158099867e-03,0.000000000000000000e+00
8.647006158678549603e-01,4.431334864383599734e-03,0.000000000000000000e+00
9.025749446101970497e-01,-6.787151530016900108e-03,0.000000000000000000e+00
6.591138945151120421e-01,1.841199040991459979e-01,2.329434826706319957e-21
-7.136591083901490384e-02,3.924653396322559662e-02,3.044404303644209795e-18
9.868865299070399555e-01,-1.127224301023260072e-02,0.000000000000000000e+00
9.478932809914749624e-01,-5.951548766625999742e-03,0.000000000000000000e+00
2.813109242506620089e-01,4.839240047915399807e-03,0.000000000000000000e+00
9.352480561887850374e-01,-1.691288043901360144e-02,0.000000000000000000e+00
9.914253308670130105e-01,2.763024024201999988e-03,0.000000000000000000e+00
8.281305227922930445e-01,-5.923658447123799839e-03,0.000000000000000000e+00
2.687286202129769985e-01,-3.736391752780270081e-02,2.444749298720810097e-21
5.556185941686969665e-01,-7.671223824625000029e-04,0.000000000000000000e+00
4.823460644468660075e-01,1.053413868752899919e-03,0.000000000000000000e+00
8.587315965888390190e-01,6.534200498444370231e-02,0.000000000000000000e+00
9.426422222067299961e-01,-1.642392705738699929e-02,0.000000000000000000e+00
9.948104926509110379e-01,4.682513613743499725e-03,0.000000000000000000e+00
9.507693736073089541e-01,4.308811495226499630e-03,0.000000000000000000e+00
3.057176299830919874e-01,2.292280862789400093e-03,2.706693668840370140e-21
9.642072157023919843e-01,3.318918166463329794e-02,0.000000000000000000e+00
8.383239949800479485e-01,-1.443079281664249973e-02,-1.426213143086040123e-19
8.425813096432840377e-01,5.285175776819780319e-02,0.000000000000000000e+00
2.856760440409080171e-01,8.282561421049500217e-02,-4.307885188881700381e-16
9.520956779743480203e-01,2.425173737010019939e-02,0.000000000000000000e+00
2.855113492156570176e-01,-6.148126420779199963e-03,0.000000000000000000e+00
8.565295633238300121e-01,-9.077124590218000342e-04,0.000000000000000000e+00
1.453142049285459925e-01,-2.670836398396399941e-02,-1.452944103196559890e-16
9.180234532349119680e-01,-1.053830798112890058e-02,0.000000000000000000e+00
8.445419188124839716e-01,1.085957878948250049e-01,1.555015730623610000e-21
5.541638985539829726e-02,-2.377687352407429830e-02,-1.788283324235310011e-21
8.751521094196249573e-01,-4.401840443776849909e-02,0.000000000000000000e+00
2.685090851250099830e-01,-3.095999265474759857e-02,0.000000000000000000e+00
8.930241406589749520e-01,-2.250881167158360133e-02,0.000000000000000000e+00
8.396835774769150218e-01,-5.556416533750399567e-03,0.000000000000000000e+00
-2.348580643051970118e-02,-3.646317780517699999e-03,0.000000000000000000e+00
9.138476809425429837e-01,-2.009372179679910081e-02,0.000000000000000000e+00
6.426103048746060198e-01,-4.851166820092259885e-02,0.000000000000000000e+00
4.029339482634540226e-01,1.275182448770350030e-01,0.000000000000000000e+00
8.521452108234439660e-02,-1.735789072053570137e-02,-5.623176969666859439e-22
8.539732205697849743e-01,1.674706729371330111e-02,-1.648245368036260211e-20
8.991313131249499824e-01,1.408098691423709942e-02,0.000000000000000000e+00
9.659498719306519599e-01,1.507590133298529998e-02,0.000000000000000000e+00
7.313376977502770160e-01,-3.109194398841200104e-03,0.000000000000000000e+00
3.165331118999020199e-01,6.725057654897699869e-03,1.788134320275150040e-23
5.738333515553469821e-01,-2.751288610554000215e-04,0.000000000000000000e+00
5.533562205037739767e-01,4.687144841217579655e-02,-1.816313422580119910e-22
1.383048460454079920e-01,-2.847190087863599953e-03,7.051212083055000442e-22
9.432933392214749579e-01,-1.599149861638470005e-02,0.000000000000000000e+00
9.487349921497389982e-01,3.424190491402120257e-02,0.000000000000000000e+00
7.962532443287569928e-01,3.643454933521999900e-04,0.000000000000000000e+00
7.215525617214689769e-01,8.711463612011900379e-03,0.000000000000000000e+00
2.621543707842429738e-01,-5.334765763532710314e-02,-1.968558786467870026e-16
8.918107977758390481e-01,1.760900024068729960e-02,0.000000000000000000e+00
9.054096447484439869e-01,-9.292418013873499777e-03,0.000000000000000000e+00
9.178704700040389852e-01,-3.237477083713020259e-02,0.000000000000000000e+00
5.039613012439030371e-01,1.797827384503579984e-01,0.000000000000000000e+00
9.829753978374290435e-01,-3.119222769896299978e-03,0.000000000000000000e+00
8.933495697053920326e-01,1.823721339241099991e-03,0.000000000000000000e+00
1.814694925498289979e-01,-2.414693343997879882e-02,5.706616674161639773e-22
7.214771815226980189e-01,-3.253336529056100046e-03,0.000000000000000000e+00
8.106400570084170143e-01,8.882845880998800278e-03,0.000000000000000000e+00
9.724676751044259992e-01,-2.133696828113820082e-02,0.000000000000000000e+00
6.460986511182710279e-01,-3.003715739191509942e-02,-4.178783069470589836e-21
-2.677382169188860170e-02,-7.025314220584000019e-04,0.000000000000000000e+00
9.206465351017180110e-01,3.967943381730949792e-02,0.000000000000000000e+00
1.511222659864059903e-01,-2.255908347542349979e-02,-5.581841703120869680e-22
1.357512913862949921e-01,-1.591424877250300100e-03,-3.557748784436209724e-22
3.810869854165079701e-02,-3.430923820328400046e-03,1.394538132386090119e-21
9.814299407106500395e-01,1.910365569514849843e-02,0.000000000000000000e+00
8.143043685237989493e-01,-1.317737572691029917e-02,2.290471370571369906e-19
6.944124795708750408e-01,-6.140439156054369740e-02,0.000000000000000000e+00
6.023279752889350025e-01,3.578394351580620192e-02,-3.813822302993430362e-20
8.759995702409509866e-01,-3.748231967460410180e-02,0.000000000000000000e+00
7.342961320092510347e-01,2.079162675657710013e-01,-2.737356366509130300e-19
8.903033280045530296e-01,-8.954843975134799822e-03,0.000000000000000000e+00
9.154994019378840386e-01,-1.190180877411200003e-02,0.000000000000000000e+00
8.900557615036860382e-01,-6.186286274207300137e-03,0.000000000000000000e+00
9.340667255727309604e-01,-1.368732154306609959e-02,0.000000000000000000e+00
3.985429768777529747e-01,-1.881229068047490099e-02,-3.154374518642990115e-21
2.723465690936410222e-01,5.853024507083600010e-03,-3.638856960911299946e-23
-1.955790096778330101e-02,1.953005337519949855e-02,-5.023196476844370700e-19
8.203858737864929696e-01,1.671503799584580022e-02,-1.199421662839310065e-23
8.325239432041600107e-01,-2.209925041892800077e-02,0.000000000000000000e+00
4.051324128523139945e-01,-2.823678892140399788e-03,-3.516513869630679952e-23
9.923683665189579894e-01,-9.142595599687499200e-03,0.000000000000000000e+00
9.810064319553000178e-01,-1.498034206116539979e-02,0.000000000000000000e+00
3.626043231062989758e-01,-7.463464567745000050e-04,-2.682048525501870050e-14
8.121135240861430127e-01,1.601580113911039993e-01,4.650222877603920350e-20
-9.233339335155489602e-02,8.395975567898400146e-03,1.259264418662520036e-19
7.358136985800980412e-01,1.088836995192699920e-02,3.292369329951190393e-20
4.334176916223009962e-02,-4.243328843440499938e-03,1.045419653340309967e-21
5.862475281742960398e-01,5.795828919639999834e-04,0.000000000000000000e+00
9.101309751719049990e-01,1.865754345373790007e-02,0.000000000000000000e+00
3.929954134255719822e-01,-1.241196202821459940e-02,3.240574152862809973e-21
9.240295461730649862e-01,-1.616080365095850027e-02,0.000000000000000000e+00
6.472391215949410137e-01,-1.738300144069200061e-03,0.000000000000000000e+00
9.313600388143199460e-01,-7.686499265583400173e-03,0.000000000000000000e+00
4.379495456248709839e-01,-1.745132378967680087e-02,3.350735258523330085e-21
9.641476637373950220e-01,-1.608109740255379838e-02,0.000000000000000000e+00
7.069954497654009629e-01,-1.839678908273879865e-02,0.000000000000000000e+00
8.317793590949139615e-01,1.490009884298210130e-01,0.000000000000000000e+00
3.607367678590169824e-01,-4.890239030100699928e-03,3.423094916815030265e-21
3.715275223620699840e-01,-6.564882224472499798e-03,3.345227637679140010e-21
3.766493164768520141e-01,5.387662890193729848e-02,-1.117519172020659893e-18
2.451256528088330000e-01,-5.479885131240960078e-02,1.925175734037929976e-16
8.882695585950219908e-01,-2.982062025609499931e-03,0.000000000000000000e+00
1.600094095089490132e-01,3.832024283660999918e-04,-6.426040730339729710e-14
4.390611702044249776e-01,7.415128212322739942e-02,-5.587699795176510451e-19
3.437897935201880140e-01,-1.511317185070979938e-02,3.006483673997840184e-21
9.544875569068550503e-01,-7.672764478434099950e-03,0.000000000000000000e+00
2.586850705537029893e-01,-1.513395403969060047e-05,1.070885120369139990e-13
-5.792885444472489764e-02,-1.109321949075890018e-02,0.000000000000000000e+00
9.520682829824650417e-01,-2.650344711830409858e-02,0.000000000000000000e+00
3.003600027699629971e-01,9.889718911976269622e-02,-3.880169947146000255e-16
5.502542841898570153e-02,-1.516950705336459967e-02,0.000000000000000000e+00
-6.929213112530159535e-02,3.784121532663040077e-02,0.000000000000000000e+00
5.270663001690389926e-01,-9.039348338025000353e-04,0.000000000000000000e+00
9.865393413254930355e-01,-1.513474716393049986e-02,1.268795890955870035e-15
8.987152949649289679e-01,-2.669173645495100024e-03,0.000000000000000000e+00
7.458508360433719897e-01,-2.162088863447030052e-02,-2.936491983394490357e-19
9.133294031379050049e-01,5.426231273213999494e-04,-3.817431191380330640e-15
9.687685824288729819e-01,-2.258683464857970044e-02,0.000000000000000000e+00
7.446024981568679646e-01,-1.797979338146899917e-03,0.000000000000000000e+00
9.202502653046540360e-01,-1.927018370537730146e-02,2.198762023896850094e-15
8.961555421386190323e-01,1.697784168958100040e-03,0.000000000000000000e+00
2.380474291316780067e-01,1.570345838172779868e-02,2.130408862449810161e-19
1.259897831934220051e-02,-3.586375649031999847e-04,1.262212683061580139e-20
6.349974298706000386e-01,-1.801566881506269993e-02,0.000000000000000000e+00
9.723468175691479809e-01,-2.964677594572400193e-03,0.000000000000000000e+00
9.275498009350719997e-01,2.067484635759219910e-02,0.000000000000000000e+00
9.380394687857419589e-01,9.808660540195699232e-03,0.000000000000000000e+00
3.241900029709480213e-01,-3.077379323203130110e-02,0.000000000000000000e+00
9.457180822021089561e-01,-8.758565516462000176e-04,0.000000000000000000e+00
1.814314225208419895e-01,-6.439151987352199728e-03,-1.425530970300559914e-22
8.404711154635600145e-01,1.574981453819900099e-03,0.000000000000000000e+00
8.677204103257120105e-01,-1.591520231706480132e-02,-8.144888025254299964e-20
1.549515949313609864e-01,1.657616795400999995e-04,0.000000000000000000e+00
9.068457302870750469e-01,7.288722589442699594e-03,0.000000000000000000e+00
