9.430569999999999453e+00,2.870080000000000005e-04,-7.032409999999999573e-04
3.268580000000000041e+01,1.317579999999999966e-02,-5.979079999999999812e-02
4.086220000000000141e+01,-1.907959999999999864e-02,-7.977270000000000194e-02
1.678719999999999990e+00,3.208229999999999741e-04,-4.784349999999999714e-02
1.071519999999999939e+01,1.637639999999999994e-04,-1.256870000000000036e-02
3.848279999999999745e+01,-4.038909999999999723e-03,-3.086509999999999948e-02
1.246599999999999930e+01,1.328739999999999956e-02,-3.169370000000000243e-01
2.266420000000000101e-01,-2.485219999999999899e-05,2.063790000000000107e-05
4.161460000000000292e+01,-4.045730000000000159e-02,2.450080000000000036e-01
2.040500000000000203e+00,-2.524059999999999845e-03,3.871869999999999912e-03
8.412950000000000150e-01,1.075739999999999970e-04,2.856210000000000086e-03
5.764409999999999812e+00,5.692150000000000042e-05,-2.171350000000000005e-04
6.377489999999999881e+00,-2.369940000000000067e-03,-1.852310000000000068e-01
3.783500000000000085e+01,2.731560000000000099e-01,8.095230000000000481e-02
2.615399999999999947e-01,-5.138280000000000003e-08,-1.256949999999999951e-03
8.154320000000000457e-01,-1.511739999999999904e-06,-3.558850000000000121e-03
2.909209999999999852e+00,-5.490629999999999979e-06,-4.779580000000000287e-03
2.091070000000000206e+00,9.240939999999999788e-04,-4.514220000000000038e-02
1.895690000000000097e+01,-9.193819999999999467e-04,-8.868569999999999232e-03
3.485379999999999967e+01,-5.883610000000000272e-04,-9.175670000000000354e-03
2.067689999999999984e+01,4.014279999999999791e-05,-4.195639999999999830e-04
2.839829999999999899e+01,-1.425929999999999975e-01,-4.524340000000000306e-02
4.370359999999999800e+00,-1.038949999999999938e-04,-2.554659999999999917e-02
2.363199999999999967e+00,4.355180000000000271e-04,-7.641249999999999432e-02
2.438289999999999935e+01,-1.519089999999999885e-01,4.941430000000000128e-02
3.627980000000000160e+01,8.342940000000000078e-02,-6.870679999999999843e-02
4.535810000000000031e+01,-1.970970000000000003e-04,-6.918599999999999793e-05
1.149779999999999980e+01,-5.508759999999999482e-04,-6.445679999999999465e-02
1.584900000000000020e+01,-1.215760000000000029e-04,-1.600810000000000011e-01
3.891230000000000189e+01,-2.217059999999999864e-02,-1.176129999999999953e-01
2.341140000000000043e+01,1.531170000000000031e-01,-6.541199999999999792e-02
2.705750000000000099e+00,-8.575849999999999554e-05,-1.976510000000000072e-02
3.430100000000000193e+01,3.014760000000000217e-01,1.093729999999999980e-01
4.039209999999999745e+00,3.472320000000000094e-03,-8.290129999999999721e-02
2.977449999999999974e+01,3.395050000000000012e-01,2.481130000000000002e-01
2.192270000000000163e+00,1.358190000000000067e-07,-6.157359999999999743e-04
1.833279999999999887e+01,1.478399999999999992e-01,1.160859999999999947e-01
3.118599999999999994e+01,-1.671119999999999897e-02,-2.734679999999999889e-01
1.677909999999999968e+01,2.531749999999999973e-02,-3.827619999999999911e-01
1.077539999999999942e+00,2.087389999999999949e-04,-2.553170000000000092e-02
2.900600000000000023e+01,-7.312530000000000245e-03,-6.374290000000000234e-01
2.618469999999999942e+01,-9.913890000000000723e-04,-4.219099999999999934e-02
8.901789999999999703e-02,-1.466249999999999938e-06,4.312869999999999790e-04
1.442939999999999934e+01,1.125169999999999990e-02,-4.152509999999999812e-01
1.734680000000000177e+01,-8.974620000000000210e-04,-4.251620000000000225e-03
2.646229999999999905e+01,-2.059549999999999992e-01,-3.920389999999999986e-02
3.694529999999999870e+00,-1.464199999999999920e-03,-6.425820000000000143e-02
1.906009999999999849e+01,-8.069280000000000506e-04,-6.861400000000000409e-05
9.830610000000000070e+00,-3.742339999999999816e-04,-1.010709999999999942e-01
8.586110000000000131e-01,-1.330800000000000078e-08,-3.759210000000000215e-05
4.206770000000000209e+01,-9.926269999999999538e-02,2.644260000000000013e-02
8.104119999999999990e+00,2.119350000000000097e-04,-2.627239999999999871e-04
2.742550000000000265e-01,-3.246920000000000199e-08,-2.390020000000000133e-04
3.448170000000000179e+00,6.007829999999999703e-05,-3.801709999999999812e-02
3.104660000000000153e+01,-9.770550000000000068e-02,-4.701989999999999781e-01
2.967799999999999994e+00,2.754750000000000179e-06,-2.737780000000000205e-04
4.493209999999999837e+01,-7.519089999999999975e-03,-3.161909999999999981e-03
2.007880000000000109e+01,-2.116449999999999998e-01,-1.959210000000000118e-02
4.123940000000000339e+01,2.289720000000000089e-01,3.540619999999999878e-01
3.667540000000000333e+01,-2.424599999999999846e-03,-2.541869999999999893e-02
8.781560000000000699e+00,5.630460000000000299e-05,-4.595300000000000079e-02
2.457679999999999865e+01,1.754680000000000129e-01,-3.324509999999999965e-02
4.362709999999999866e+01,-5.148490000000000358e-03,-1.064739999999999957e-02
4.364090000000000025e+00,-1.041719999999999972e-02,8.401650000000000090e-03
1.052229999999999954e+01,-3.727130000000000026e-02,7.393080000000000485e-02
2.980209999999999804e-01,-6.596309999999999869e-05,5.221699999999999828e-05
2.175900000000000056e-01,2.439880000000000008e-06,-6.961850000000000330e-03
1.750919999999999987e+01,-6.820539999999999936e-03,-5.515269999999999895e-01
3.741210000000000147e+00,-4.781260000000000027e-06,-5.887429999999999920e-03
2.168279999999999930e-01,2.500320000000000144e-06,-6.858689999999999752e-03
4.602499999999999858e+01,-1.721759999999999957e-02,5.139210000000000306e-02
3.943509999999999849e+01,-3.905209999999999931e-02,-1.290979999999999905e-01
3.824479999999999791e+01,-1.673759999999999970e-01,-2.041509999999999991e-01
2.073999999999999844e+01,-3.849820000000000325e-02,-3.663199999999999790e-01
1.241370000000000040e+01,-3.250369999999999849e-05,-6.874300000000000506e-04
3.978869999999999862e+01,3.344710000000000183e-01,2.309599999999999986e-01
1.704650000000000176e+01,-1.441740000000000035e-02,-4.694840000000000124e-01
3.155249999999999844e+01,-3.669640000000000055e-03,-1.337929999999999953e-01
4.322809999999999775e+01,-4.823199999999999710e-02,-1.292379999999999918e-02
1.311010000000000009e+00,-1.708850000000000039e-03,4.139319999999999935e-04
4.586229999999999585e+00,-1.199990000000000008e-05,-1.223909999999999929e-02
3.974940000000000140e-01,6.588649999999999336e-05,2.543250000000000155e-04
2.556449999999999889e+01,-2.101629999999999887e-01,-1.329259999999999990e-02
5.741450000000000387e+00,8.034130000000000275e-05,-2.243880000000000041e-01
3.290959999999999752e+01,2.973950000000000204e-01,1.247039999999999954e-02
4.467119999999999891e+01,-1.344750000000000025e-04,-1.911369999999999964e-04
4.751080000000000325e+01,-4.169190000000000244e-04,6.160370000000000516e-04
3.250460000000000349e+01,3.245169999999999999e-01,7.332389999999999741e-02
4.059170000000000300e+01,3.072810000000000263e-01,3.065829999999999944e-01
2.247860000000000014e+01,1.715230000000000088e-01,1.620179999999999884e-02
3.518589999999999662e+01,-5.963070000000000002e-03,-7.100869999999999405e-02
3.115779999999999994e+00,-2.829970000000000012e-04,-1.201229999999999937e-01
2.567340000000000089e+01,2.352450000000000097e-01,2.494969999999999966e-01
4.484899999999999665e+00,-1.722849999999999946e-03,-1.071499999999999952e-01
2.667439999999999856e+01,-1.176249999999999934e-01,-6.198759999999999687e-02
1.553790000000000049e+01,8.509129999999999472e-02,-8.479490000000000638e-02
3.686920000000000197e+00,-1.360950000000000094e-03,-7.606999999999999873e-02
1.719150000000000134e+01,-1.037160000000000078e-03,-1.688080000000000136e-02
2.251279999999999859e+01,5.160129999999999752e-03,-2.031419999999999892e-01
1.756749999999999901e+01,-1.254399999999999959e-01,1.178400000000000003e-01
2.442229999999999990e+01,-7.728529999999999948e-03,-6.532820000000000293e-01
3.344120000000000203e+01,3.094979999999999953e-02,-8.069869999999999821e-02
1.169780000000000086e+01,5.859090000000000131e-02,-5.440369999999999928e-02
9.070080000000000808e+00,-9.374920000000000020e-05,-3.377620000000000067e-01
4.572319999999999851e+01,-2.372940000000000119e-02,1.276420000000000055e-01
3.388689999999999714e+01,3.593059999999999782e-05,-1.008769999999999979e-03
7.043369999999999909e-01,2.369380000000000005e-05,-2.614920000000000092e-02
1.038160000000000061e+01,2.847650000000000181e-03,-3.619600000000000040e-01
1.190310000000000024e+01,6.339329999999999965e-02,-1.660400000000000070e-02
5.684540000000000148e+00,1.253540000000000036e-02,-6.291140000000000621e-02
1.235519999999999996e+01,-5.998349999999999922e-05,-5.141429999999999785e-03
4.364180000000000348e+01,-4.910499999999999934e-03,-1.016680000000000014e-02
3.979149999999999920e+01,-6.583520000000000284e-06,-9.849689999999999542e-05
3.165800000000000125e+01,9.470070000000000625e-05,-1.097129999999999980e-03
3.564110000000000156e+01,-1.587260000000000060e-01,-3.213829999999999742e-01
2.550250000000000128e+01,-1.695929999999999938e-01,-4.213549999999999934e-02
2.086210000000000164e+01,5.239119999999999671e-04,-1.881790000000000129e-01
1.495209999999999972e+01,-1.269420000000000054e-03,-6.298090000000000632e-02
1.285599999999999987e+01,-1.948810000000000039e-03,-8.772629999999999317e-02
4.691819999999999879e+00,9.476899999999999907e-03,-4.331689999999999846e-02
3.902700000000000102e+01,-2.723619999999999861e-02,-1.599250000000000116e-01
1.007579999999999920e+01,-1.744159999999999916e-04,-5.552139999999999853e-02
5.624089999999999812e+00,1.494159999999999938e-05,-1.096639999999999941e-02
5.596390000000000420e+00,9.253070000000000839e-06,-1.304630000000000026e-02
3.205270000000000152e+01,1.001709999999999927e-02,-2.574500000000000122e-01
1.111880000000000024e+01,2.676229999999999928e-03,-9.667839999999999767e-02
4.423989999999999867e+00,2.115310000000000020e-03,-1.224530000000000063e-01
3.336269999999999669e+01,-9.710709999999999134e-03,-1.445390000000000008e-01
3.166059999999999874e+01,1.068459999999999999e-04,-8.234310000000000110e-04
4.170490000000000208e+01,-7.746590000000000420e-02,2.285379999999999912e-01
2.169719999999999871e+00,7.697640000000000385e-04,-5.311939999999999718e-02
4.763250000000000028e+01,-3.875879999999999950e-03,1.878130000000000077e-02
1.557119999999999926e+01,4.222710000000000179e-03,-1.321150000000000102e-01
2.806500000000000217e+00,2.405759999999999843e-03,2.796289999999999887e-03
4.401019999999999754e+01,-4.900460000000000232e-02,3.413900000000000268e-01
1.301360000000000028e+01,4.351130000000000275e-02,-1.699460000000000137e-01
2.248400000000000176e+01,-3.042599999999999749e-01,-2.010050000000000031e-02
5.724120000000000097e+00,1.060270000000000093e-03,-2.116619999999999890e-01
7.625420000000000087e+00,1.049409999999999970e-04,-3.680760000000000282e-02
2.791290000000000049e+01,-7.552409999999999679e-02,-4.656839999999999868e-01
3.554930000000000145e+00,-1.265020000000000033e-02,6.677139999999999811e-03
5.758969999999999700e+00,5.528170000000000300e-05,-6.381299999999999906e-04
1.495980000000000087e+00,3.825720000000000061e-08,-1.737949999999999987e-04
1.122579999999999956e+01,1.199669999999999903e-03,-1.143409999999999982e-01
2.197849999999999859e+00,6.905350000000000090e-07,-1.878930000000000118e-04
1.742249999999999943e+01,-2.051939999999999927e-03,-1.704029999999999989e-01
3.003290000000000148e+01,3.006269999999999776e-01,1.001670000000000060e-01
1.332900000000000063e+01,-7.591839999999999873e-04,-5.792049999999999976e-02
4.273360000000000269e+01,-3.941429999999999934e-02,-4.077800000000000175e-02
4.535920000000000130e+01,-1.777100000000000045e-04,-5.929029999999999712e-05
7.872519999999999740e+00,1.029960000000000077e-02,-1.666610000000000036e-01
1.938789999999999836e+01,-1.889739999999999996e-03,-1.057720000000000049e-01
2.498870000000000147e+01,-3.877460000000000108e-04,-2.233469999999999900e-02
3.885990000000000322e+01,-1.102750000000000084e-02,-6.874629999999999630e-02
4.655810000000000315e+01,-4.844769999999999762e-04,7.584959999999999966e-04
2.832110000000000127e+01,2.705509999999999946e-03,-2.502750000000000252e-01
1.422070000000000078e+01,2.183249999999999861e-03,-1.367480000000000084e-01
3.129070000000000107e+01,-1.744710000000000011e-02,-1.117569999999999952e-01
4.781850000000000023e+01,-1.232369999999999993e-03,1.302500000000000055e-03
2.256549999999999945e-01,-9.992159999999999128e-07,-8.908350000000000643e-03
3.827550000000000097e+01,1.908019999999999855e-02,-1.558170000000000111e-01
3.671220000000000283e+01,-1.035080000000000028e-01,-3.301669999999999883e-01
4.528529999999999944e+01,-1.420110000000000035e-03,-6.043510000000000418e-04
1.244020000000000081e+01,-1.087699999999999952e-02,-3.019780000000000242e-01
5.087299999999999933e+00,7.519430000000000341e-04,-3.419439999999999980e-02
3.568549999999999756e+01,-3.001929999999999876e-02,-1.975520000000000054e-01
1.987470000000000070e+00,-4.438859999999999713e-06,-2.232860000000000053e-02
2.652339999999999876e+01,-8.950770000000000362e-05,-1.020240000000000036e-02
2.066949999999999932e+01,2.932650000000000119e-05,-1.108239999999999920e-03
1.739160000000000039e+01,-8.588969999999999591e-04,-6.040299999999999749e-04
4.775649999999999729e+00,-2.834719999999999991e-04,-1.881490000000000107e-01
3.933720000000000283e+01,7.165399999999999938e-04,-1.435059999999999947e-01
6.836560000000000414e-01,3.399780000000000168e-05,-2.273479999999999945e-02
1.710890000000000022e+00,-3.128280000000000210e-04,-3.304270000000000124e-02
1.828729999999999833e+01,3.970210000000000058e-03,-1.539770000000000028e-01
2.952139999999999986e+01,-4.944819999999999945e-03,-2.465940000000000076e-01
1.955000000000000071e+01,3.754709999999999992e-02,-4.043720000000000092e-01
1.715009999999999923e+00,-2.433369999999999912e-04,-4.444290000000000046e-02
1.560340000000000060e+00,4.890240000000000125e-04,-3.491969999999999796e-02
4.735389999999999766e+00,2.169239999999999919e-05,-9.261760000000000175e-04
3.451440000000000197e+01,1.320870000000000100e-01,-9.083940000000000417e-03
2.885009999999999852e+00,-7.983550000000000837e-06,-6.651940000000000283e-03
4.640259999999999962e+01,-1.374940000000000016e-02,1.378870000000000096e-01
7.839089999999999669e+00,2.187890000000000060e-03,-2.778700000000000059e-01
1.325760000000000005e+01,-3.320310000000000206e-01,7.189850000000000017e-04
2.376320000000000121e+01,2.088869999999999941e-04,-5.002039999999999698e-04
4.403269999999999840e+01,-2.164280000000000023e-02,-8.543949999999999809e-03
6.821620000000000239e+00,9.686569999999999653e-05,-4.801470000000000390e-03
6.151570000000000427e+00,9.913330000000000579e-04,-5.160039999999999766e-02
3.235690000000000310e+01,-7.995379999999999848e-03,-1.432809999999999917e-01
3.586330000000000240e+01,-3.497179999999999733e-02,-2.368869999999999865e-01
3.406349999999999767e+01,-1.178980000000000028e-01,-3.055169999999999830e-01
2.772120000000000140e-01,-1.163789999999999928e-08,-1.009420000000000070e-05
1.316769999999999996e+01,-6.099099999999999661e-04,-6.601350000000000273e-02
4.106199999999999761e+01,-4.440589999999999815e-02,-9.332830000000000292e-02
3.088599999999999923e+01,-3.423149999999999804e-02,-2.848629999999999773e-01
2.839290000000000092e+01,-5.431029999999999885e-03,-2.405970000000000053e-01
3.951149999999999807e+01,-1.495720000000000036e-02,-8.054310000000000636e-02
9.437739999999999796e+00,2.907210000000000241e-04,-1.078290000000000005e-04
1.252629999999999910e+00,1.732320000000000043e-05,-5.160390000000000116e-02
2.307069999999999865e+01,7.112749999999999628e-02,-3.490050000000000097e-01
8.005699999999999150e+00,1.673470000000000090e-04,-7.710110000000000054e-03
2.303030000000000044e+01,-2.939350000000000018e-01,-2.698679999999999829e-02
1.818700000000000117e+01,-1.660009999999999958e-03,-7.640940000000000232e-02
6.713140000000000107e+00,-4.970929999999999923e-04,-2.573559999999999737e-01
8.583250000000000046e-01,-2.350399999999999990e-08,-6.026340000000000310e-05
2.880949999999999989e+01,6.887519999999999754e-02,-4.982070000000000110e-01
1.331230000000000047e+01,7.896630000000000316e-02,-3.928179999999999866e-03
4.566340000000000288e+01,-3.544119999999999996e-03,2.866719999999999824e-01
1.086090000000000089e+01,2.361379999999999946e-04,-1.533419999999999965e-03
4.361200000000000188e+01,-5.395269999999999753e-03,-1.114429999999999935e-02
3.280149999999999721e+01,4.209300000000000264e-01,2.395539999999999892e-01
3.790939999999999976e+00,4.513200000000000259e-06,-2.068829999999999801e-03
3.055549999999999855e+01,5.394580000000000382e-04,-7.811829999999999642e-03
2.783869999999999933e+01,-1.737270000000000134e-02,-6.468770000000000353e-01
2.263779999999999859e+01,1.234569999999999973e-01,-1.373749999999999971e-01
1.545579999999999998e+01,4.004139999999999783e-03,-1.260100000000000109e-01
1.040279999999999916e+01,1.992729999999999849e-03,-3.701749999999999763e-01
2.925789999999999935e+01,3.237949999999999995e-01,1.755589999999999928e-01
2.062089999999999890e+01,-4.386220000000000163e-05,-5.301059999999999800e-03
2.283149999999999835e+01,3.223290000000000183e-02,1.726129999999999887e-01
1.179669999999999952e+01,1.145479999999999936e-03,-4.168850000000000056e-01
1.867579999999999885e+01,-1.700250000000000025e-02,-1.973189999999999944e-01
2.925739999999999785e+00,-3.022800000000000095e-06,-3.495670000000000201e-03
2.971760000000000179e+00,-5.826930000000000130e-03,3.409530000000000026e-03
3.315740000000000265e+01,2.778849999999999931e-01,-2.991219999999999990e-02
1.228889999999999993e+01,1.464090000000000009e-02,-2.969089999999999785e-01
1.239359999999999928e+01,-4.193229999999999831e-05,-2.222539999999999846e-03
2.467869999999999919e+01,-6.947000000000000050e-03,-2.075510000000000133e-01
4.535569999999999879e+01,-2.357559999999999972e-04,-8.802760000000000402e-05
1.348899999999999988e+00,-1.427600000000000006e-03,2.570080000000000194e-03
4.300489999999999924e+01,-2.674249999999999891e-02,-3.453420000000000101e-02
1.862530000000000019e-01,-7.701510000000000061e-05,2.251030000000000113e-06
2.563609999999999900e+01,2.728479999999999794e-01,2.556999999999999829e-01
6.883890000000000065e+00,1.206930000000000047e-04,-2.610199999999999844e-05
6.217039999999999900e+00,1.476600000000000059e-04,-6.767960000000000642e-02
1.036909999999999954e+01,-3.195520000000000196e-04,-3.784029999999999894e-01
3.278450000000000131e+01,-6.633820000000000341e-03,-1.072400000000000020e-01
8.080769999999999342e+00,2.012569999999999876e-04,-2.036029999999999871e-03
3.140430000000000166e-01,-1.063449999999999991e-04,3.343600000000000174e-04
2.954720000000000013e+01,-1.105000000000000079e-02,-2.325319999999999887e-01
9.424020000000000508e+00,2.836830000000000146e-04,-1.199020000000000077e-03
3.867819999999999681e+01,-1.019610000000000004e-03,-1.653270000000000017e-01
4.465550000000000352e+01,-3.939890000000000254e-04,-5.302819999999999756e-04
3.164699999999999847e+01,4.466479999999999967e-05,-2.162659999999999843e-03
2.965800000000000125e+01,2.472949999999999871e-01,-5.865519999999999935e-03
2.583019999999999872e+00,-5.863369999999999693e-02,3.593230000000000209e-03
3.108640000000000114e+01,3.946979999999999933e-01,2.531860000000000221e-01
8.019080000000000652e+00,1.732989999999999954e-04,-6.695630000000000158e-03
1.967640000000000100e+01,-1.600040000000000073e-01,9.985099999999999532e-02
6.668099999999999916e+00,2.135119999999999900e-03,-2.296370000000000078e-01
6.578669999999999796e+00,-1.332830000000000078e-05,-2.361890000000000170e-02
2.359059999999999846e+01,1.963650000000000118e-01,5.591480000000000061e-02
2.486919999999999931e+01,-7.548370000000000427e-03,-1.598509999999999931e-01
3.050459999999999994e+01,3.441640000000000255e-01,1.719009999999999982e-01
6.859119999999999884e+00,1.110260000000000039e-04,-1.965549999999999936e-03
5.121599999999999930e+00,3.635320000000000044e-03,-1.264740000000000031e-01
4.698239999999999839e+01,-1.721789999999999952e-03,5.251689999999999831e-03
4.746710000000000207e+00,2.444630000000000004e-05,-1.561079999999999968e-05
4.347039999999999793e+01,-3.783650000000000208e-02,-1.341589999999999970e-02
1.943110000000000070e+01,-2.717040000000000011e-01,4.465600000000000125e-02
5.654230000000000089e+00,6.822240000000000248e-03,-1.109340000000000048e-01
1.733559999999999990e+00,-3.116430000000000112e-04,-2.072420000000000165e-02
4.154719999999999658e+01,-7.050690000000000082e-05,-4.057929999999999957e-04
1.713309999999999889e+01,9.332139999999999880e-02,1.593340000000000034e-01
4.446889999999999787e+01,-3.507450000000000064e-03,-4.396200000000000281e-03
1.590169999999999995e+01,8.310480000000000644e-02,-1.031630000000000047e-01
2.614120000000000221e+00,-1.065619999999999935e-02,4.047099999999999656e-03
3.793829999999999814e+01,4.265080000000000260e-02,-3.103550000000000059e-02
3.977960000000000207e+01,-1.450669999999999987e-04,-1.167789999999999931e-03
3.898559999999999803e+01,-1.978950000000000153e-02,-1.130639999999999978e-01
4.098230000000000217e+01,-1.812870000000000106e-02,-7.413390000000000257e-02
2.795560000000000045e+01,1.578609999999999985e-04,-1.805310000000000074e-03
2.358260000000000078e-01,-5.932799999999999847e-05,3.147660000000000150e-04
5.511160000000000281e+00,-8.242960000000000564e-02,1.982329999999999856e-02
2.380489999999999995e+01,-5.676339999999999858e-02,1.138890000000000041e-01
3.811170000000000169e+00,6.778629999999999899e-03,-2.744409999999999905e-02
2.919079999999999941e+01,7.207520000000000593e-02,7.393080000000000485e-02
1.737009999999999943e+00,1.363000000000000062e-03,-1.642170000000000088e-02
2.920619999999999905e+01,3.544109999999999761e-01,2.481299999999999895e-01
2.860109999999999886e+01,-2.072619999999999844e-03,-6.326229999999999354e-02
3.598599999999999710e+01,-7.326939999999999842e-02,-3.842880000000000185e-01
4.459660000000000224e+01,-3.090019999999999920e-02,1.337629999999999930e-01
3.539829999999999899e+01,2.506900000000000239e-01,-8.057449999999999335e-02
1.288490000000000002e+01,4.452819999999999695e-02,-1.623130000000000128e-01
4.075119999999999720e+01,9.215510000000000368e-02,1.988709999999999922e-01
2.054500000000000171e+01,-1.593750000000000114e-04,-1.183150000000000000e-02
2.886649999999999849e+01,3.299030000000000018e-01,2.038560000000000094e-01
4.245120000000000005e+01,-4.973280000000000062e-02,-4.475289999999999824e-02
3.614339999999999886e+00,-1.905530000000000033e-05,-1.639219999999999913e-02
3.993370000000000175e+01,3.332160000000000122e-01,2.444280000000000064e-01
4.023319999999999652e+01,4.580530000000000018e-02,9.545729999999999493e-02
1.104800000000000004e+01,-8.621999999999999456e-03,-2.693220000000000058e-01
2.153569999999999851e+01,2.159060000000000146e-02,1.753869999999999874e-01
3.970799999999999841e+01,2.603639999999999843e-01,1.730500000000000094e-01
1.796160000000000068e+01,-2.252639999999999920e-01,7.440549999999999942e-02
3.675990000000000180e+01,-1.712970000000000074e-03,-1.811849999999999919e-02
4.708100000000000307e+01,-2.323509999999999985e-04,7.613259999999999949e-04
4.244850000000000279e+01,-1.262810000000000044e-01,1.114369999999999944e-01
2.196819999999999951e+01,-6.162800000000000396e-03,-1.695379999999999943e-01
2.090119999999999933e+01,1.541639999999999955e-01,7.755559999999999884e-03
3.887460000000000093e+01,1.989970000000000024e-06,-6.789270000000000136e-05
2.643209999999999837e+01,-3.297460000000000105e-04,-1.875840000000000146e-02
2.222100000000000009e+01,6.020720000000000455e-04,-2.690269999999999814e-03
9.622450000000000614e+00,4.113979999999999720e-02,-3.038940000000000044e-02
4.606910000000000061e+00,-6.644649999999999985e-06,-1.076300000000000000e-02
2.418819999999999837e+01,-2.686009999999999787e-01,-2.768740000000000090e-02
2.730529999999999902e+01,2.671520000000000006e-01,1.182700000000000001e-01
6.747460000000000235e+00,-1.041410000000000046e-04,-2.601339999999999764e-01
2.659299999999999997e+01,9.238609999999999964e-05,-3.707269999999999923e-03
3.952239999999999753e+01,-3.033950000000000102e-03,-1.984829999999999928e-02
1.039499999999999957e+01,4.446820000000000091e-04,-3.781470000000000109e-01
2.405679999999999907e+01,4.610929999999999890e-02,-5.009590000000000432e-01
1.807049999999999912e+01,-2.672719999999999957e-02,-3.567759999999999820e-01
3.696370000000000289e+01,-1.005819999999999968e-05,-5.812700000000000505e-04
8.105549999999999145e+00,2.126180000000000030e-04,-1.344689999999999894e-04
4.440719999999999779e+00,-3.935520000000000396e-06,-2.224539999999999851e-02
3.014000000000000057e+01,3.520440000000000236e-01,2.006239999999999968e-01
8.578620000000000134e-01,-3.983769999999999944e-08,-9.617380000000000405e-05
5.424109999999999765e-01,7.983670000000000762e-06,2.210179999999999957e-03
2.409219999999999828e+01,-3.600899999999999934e-02,1.212089999999999973e-01
1.374970000000000026e+00,-6.397840000000000124e-04,4.530010000000000113e-03
1.944869999999999877e+01,-3.438469999999999721e-02,-3.042719999999999869e-01
4.154030000000000200e+01,-1.597140000000000094e-04,-8.601010000000000513e-04
3.415520000000000067e+01,2.893080000000000096e-01,1.026849999999999985e-01
8.702759999999999607e+00,-1.894330000000000005e-04,-5.023790000000000200e-02
1.369260000000000055e+01,8.220370000000000454e-02,-1.427840000000000012e-02
2.960689999999999955e+01,2.496829999999999883e-01,1.336460000000000035e-03
2.886489999999999778e+00,-7.848180000000000810e-06,-6.542659999999999622e-03
1.796959999999999891e+00,-4.924859999999999655e-03,1.543679999999999965e-03
7.483209999999999695e+00,-1.221419999999999971e-04,-4.236609999999999682e-02
2.788469999999999871e+01,3.465959999999999874e-02,8.474629999999999663e-02
4.242730000000000246e+01,3.617080000000000295e-02,5.097150000000000292e-01
3.259490000000000265e+01,-9.777080000000000926e-04,-1.978480000000000169e-02
2.767709999999999892e-01,-1.471320000000000002e-08,-4.457920000000000171e-05
4.653790000000000049e+01,-8.153410000000000258e-04,1.272530000000000015e-03
3.165520000000000067e+01,8.206650000000000446e-05,-1.371569999999999907e-03
4.440939999999999799e+01,-2.169729999999999923e-02,1.404009999999999980e-01
1.122279999999999944e+01,-1.574750000000000039e-01,6.401189999999999658e-02
9.437419999999999476e+00,2.905790000000000109e-04,-1.459780000000000040e-04
8.159319999999999906e-01,-1.567990000000000000e-06,-3.512949999999999927e-03
3.420720000000000027e+01,1.556079999999999963e-01,-2.682039999999999980e-01
2.557539999999999814e-01,-2.257870000000000087e-07,-1.455789999999999992e-03
1.885340000000000060e+01,-1.033800000000000083e-03,-1.754819999999999991e-02
4.537100000000000022e-01,-1.876509999999999962e-04,1.120640000000000004e-03
4.308579999999999899e+01,-1.611239999999999895e-03,-4.483619999999999793e-03
2.435559999999999903e+01,-2.025750000000000207e-03,-8.206900000000000306e-02
2.158650000000000180e+00,-3.270430000000000043e-06,-3.202589999999999951e-03
3.756369999999999720e+01,-5.679859999999999770e-02,-2.608050000000000090e-01
4.237610000000000099e+01,4.357280000000000181e-02,4.522289999999999921e-01
6.938879999999999493e-01,2.935540000000000019e-05,-2.431869999999999865e-02
2.865919999999999845e+01,-1.088620000000000039e-02,-1.693489999999999995e-01
2.858849999999999891e+00,-7.826899999999999483e-03,3.577129999999999980e-03
3.696189999999999998e+01,-2.484100000000000153e-05,-7.593359999999999953e-04
2.717530000000000001e+01,7.212390000000000381e-04,-2.434030000000000082e-01
1.370700000000000029e+00,-1.784710000000000062e-05,-8.989290000000000475e-03
1.503640000000000088e+00,-1.916890000000000087e-03,1.866430000000000086e-03
2.567119999999999891e+01,-5.731489999999999675e-03,-6.576189999999999536e-01
3.554220000000000113e+01,-1.759770000000000084e-02,-2.235679999999999890e-01
3.444230000000000302e+01,-4.121919999999999751e-02,-4.751909999999999745e-01
4.517649999999999721e+01,-3.274449999999999930e-03,-1.394969999999999934e-03
1.722329999999999828e+01,1.983309999999999934e-02,-4.425169999999999937e-01
4.353499999999999659e+01,-6.394189999999999596e-02,4.337790000000000257e-01
1.978699999999999903e+01,-1.270070000000000096e-03,-8.025419999999999776e-02
3.917150000000000176e+01,-1.832550000000000012e-01,-1.397720000000000073e-01
4.092280000000000229e+01,2.183130000000000071e-01,3.051429999999999976e-01
7.541249999999999787e+00,-2.428490000000000162e-03,-2.454320000000000113e-01
1.353520000000000056e+00,2.072419999999999972e-06,-1.528509999999999938e-02
2.772080000000000055e+01,-5.568539999999999645e-04,-2.404480000000000159e-02
2.337669999999999959e+01,-5.102140000000000451e-04,-3.568339999999999707e-02
5.206380000000000230e+00,-1.583880000000000021e-04,-5.512090000000000045e-02
3.565259999999999962e+01,-2.866449999999999901e-02,-2.042229999999999879e-01
3.290579999999999927e+01,1.998469999999999969e-01,-1.884969999999999979e-01
1.378509999999999991e+01,-1.695369999999999863e-02,-2.646999999999999909e-01
4.642530000000000001e+01,-7.746150000000000366e-05,1.897139999999999938e-01
1.224450000000000038e+00,-4.225450000000000007e-05,-4.855960000000000137e-02
2.197649999999999881e+00,6.712430000000000504e-07,-2.031020000000000080e-04
4.467390000000000327e+01,-8.864279999999999772e-05,-1.219590000000000024e-04
5.989869999999999806e+00,4.277610000000000266e-03,6.963139999999999608e-03
5.783850000000000380e-01,-1.989220000000000040e-04,2.086070000000000198e-03
3.493509999999999849e+01,-4.658190000000000204e-05,-1.773840000000000052e-03
4.062480000000000047e+01,-1.721860000000000057e-01,2.240719999999999865e-03
2.360320000000000107e+01,5.879949999999999760e-02,-4.247659999999999769e-01
2.937359999999999971e+00,-1.441999999999999916e-06,-2.604759999999999801e-03
2.786949999999999861e+01,3.031510000000000038e-01,1.823839999999999906e-01
2.202520000000000167e+01,-4.461810000000000082e-02,-3.790740000000000220e-01
2.367980000000000018e+01,5.633959999999999842e-05,-8.088829999999999978e-03
4.046670000000000300e+01,-2.668750000000000115e-03,-1.476210000000000022e-02
4.394610000000000127e+01,-1.608829999999999977e-05,-2.266290000000000015e-04
1.366990000000000016e+01,-3.944260000000000127e-02,1.148720000000000019e-01
4.728509999999999991e+00,2.007400000000000127e-05,-1.448520000000000016e-03
3.102319999999999922e+01,5.335489999999999677e-02,-5.264130000000000198e-01
2.764239999999999853e+01,-3.074889999999999915e-02,-6.299940000000000540e-01
3.745609999999999928e+01,-3.430509999999999809e-02,-1.836049999999999904e-01
2.344219999999999970e+01,-3.830239999999999838e-04,-2.965570000000000012e-02
1.611400000000000077e+01,1.037240000000000037e-02,-4.807939999999999992e-01
1.830379999999999896e+01,1.345480000000000009e-01,1.619130000000000014e-01
2.065820000000000078e+01,1.235369999999999998e-05,-2.099209999999999791e-03
1.408930000000000016e+00,6.879590000000000314e-04,-2.113080000000000166e-02
7.568800000000000416e+00,1.216290000000000079e-02,-1.408860000000000112e-01
3.496410000000000196e+01,-1.297510000000000052e-01,-2.929689999999999794e-01
1.772459999999999880e+01,3.681879999999999875e-02,-3.436440000000000050e-01
4.531040000000000134e+01,-9.950560000000000221e-04,-4.216050000000000266e-04
7.515139999999999709e+00,-2.569590000000000068e-03,-2.387680000000000080e-01
6.869800000000000351e-01,-3.768450000000000147e-05,-5.708519999999999914e-03
3.388900000000000290e+01,4.852220000000000106e-05,-7.900640000000000440e-04
4.269389999999999930e+01,-2.006089999999999957e-02,-4.136329999999999868e-02
2.484219999999999828e+01,-7.250540000000000413e-04,-3.596150000000000041e-02
4.466720000000000113e+01,-2.001580000000000037e-04,-2.809500000000000257e-04
1.176580000000000048e+01,-3.528870000000000249e-04,-4.197290000000000187e-01
4.149580000000000268e+00,4.664539999999999897e-04,-2.402870000000000006e-02
2.335109999999999797e+00,-6.184449999999999670e-02,-3.635930000000000000e-04
4.100350000000000250e+01,2.663800000000000057e-01,3.423800000000000177e-01
1.865249999999999964e-01,5.632070000000000271e-06,-3.504890000000000089e-03
4.397720000000000340e+01,-2.193969999999999948e-02,-8.886389999999999220e-03
2.877139999999999986e+01,2.825880000000000059e-01,1.036030000000000006e-01
1.431690000000000040e+01,-2.206349999999999978e-01,-7.054969999999999818e-03
6.268200000000000438e-01,-1.873769999999999950e-02,-2.786280000000000028e-05
3.724569999999999936e+01,-1.435990000000000009e-02,-2.015019999999999867e-01
4.407939999999999969e+01,-3.408560000000000062e-02,8.205790000000000306e-02
3.402830000000000155e+01,-1.215149999999999980e-01,-3.092610000000000081e-01
4.389139999999999731e+01,-1.905159999999999840e-02,4.686529999999999863e-01
3.811030000000000229e+01,-1.715130000000000127e-02,-1.832169999999999910e-01
2.253910000000000124e+01,4.559939999999999827e-02,-4.588439999999999741e-01
3.472469999999999857e+01,-2.638160000000000158e-02,-2.086669999999999914e-01
4.251080000000000325e+01,-2.074109999999999843e-02,-4.689750000000000169e-02
1.492689999999999984e+01,2.477489999999999901e-02,-3.186800000000000188e-01
4.534609999999999985e+01,-3.962670000000000060e-04,-1.611329999999999902e-04
5.760930000000000106e+00,5.587269999999999785e-05,-4.883420000000000078e-04
3.166329999999999956e+01,1.188150000000000068e-04,-5.336440000000000020e-04
1.082300000000000040e+01,2.172519999999999996e-04,-4.394770000000000100e-03
1.477910000000000057e+00,-2.800009999999999999e-02,-1.089469999999999989e-04
4.035949999999999704e+01,1.721509999999999985e-01,2.005780000000000063e-01
3.685479999999999734e+01,-9.158490000000000467e-04,-9.975420000000000467e-03
3.396450000000000102e+01,-7.112829999999999674e-03,-9.192720000000000058e-02
1.887959999999999994e+01,2.022140000000000049e-02,-4.987070000000000114e-01
2.720129999999999981e+01,-2.995250000000000083e-03,-2.387869999999999993e-01
6.781399999999999650e+00,8.187959999999999444e-05,-7.855320000000000705e-03
4.746150000000000091e+00,2.421589999999999968e-05,-9.006800000000000569e-05
4.545239999999999725e+00,-5.590540000000000093e-02,1.484970000000000040e-02
3.287740000000000151e+01,7.048740000000000561e-02,-1.688709999999999864e-02
2.877789999999999893e+01,1.456610000000000127e-01,-2.508850000000000247e-01
2.603219999999999956e+01,-4.659599999999999853e-02,-5.510410000000000030e-01
7.625650000000000484e-01,-7.374740000000000071e-04,1.069739999999999960e-04
2.476170000000000204e+00,-1.820169999999999888e-05,-1.013639999999999958e-01
3.767929999999999779e+01,1.183209999999999956e-01,-1.843960000000000043e-02
2.291720000000000201e+00,-7.587240000000000650e-02,-3.195119999999999861e-04
2.549699999999999989e+01,9.731929999999999747e-03,-2.320020000000000138e-01
2.749080000000000013e+01,-1.366890000000000049e-01,-5.228800000000000114e-02
2.622110000000000163e+00,1.677019999999999986e-03,-5.135739999999999750e-02
3.887360000000000326e+01,-1.814390000000000089e-05,-2.523469999999999880e-04
3.042129999999999868e+01,-4.455640000000000295e-03,-1.233510000000000023e-01
4.318449999999999989e+01,-1.371490000000000111e-04,-2.021550000000000050e-04
3.917870000000000186e+00,6.673869999999999716e-04,-1.430259999999999865e-01
4.214030000000000342e+01,-1.502719999999999889e-01,1.488579999999999903e-01
1.855920000000000059e+01,-1.335339999999999964e-03,-4.242819999999999925e-02
3.849940000000000140e+01,-3.862500000000000048e-03,-2.955970000000000125e-02
3.274099999999999966e+01,2.157949999999999868e-01,-1.524610000000000132e-01
1.720110000000000028e+01,-1.108819999999999945e-02,1.547090000000000132e-01
7.320140000000000313e+00,-4.404180000000000242e-05,-7.836990000000000622e-02
2.213139999999999930e+01,2.054729999999999890e-01,1.418010000000000104e-01
3.610419999999999874e+01,5.292120000000000157e-02,-3.196919999999999762e-01
1.166390000000000038e+00,-1.185100000000000021e-04,-2.892370000000000010e-02
3.707099999999999795e+01,-1.416450000000000001e-02,-2.065700000000000036e-01
3.199660000000000082e+01,2.741649999999999920e-01,-1.356899999999999946e-02
2.325840000000000174e+01,-1.596940000000000026e-01,6.448650000000000215e-02
3.026769999999999960e+00,-8.550639999999999977e-04,-3.142840000000000217e-02
1.508639999999999937e+01,-1.304969999999999915e-03,-5.013449999999999851e-02
1.555090000000000039e+01,-1.253849999999999965e-01,-2.427419999999999925e-02
2.405180000000000007e+01,8.937480000000000424e-02,-3.031349999999999878e-01
4.319449999999999790e+01,-2.222959999999999867e-02,-3.022230000000000055e-02
3.389229999999999876e+01,6.782809999999999523e-05,-4.175010000000000266e-04
3.619500000000000028e+01,-6.488469999999999654e-03,-6.724109999999999809e-02
4.708970000000000056e+01,-1.133440000000000044e-04,3.312230000000000100e-04
2.135800000000000143e+00,8.361280000000000014e-04,-4.960090000000000332e-02
8.209429999999999339e+00,-9.379890000000000450e-02,4.427450000000000135e-02
9.755190000000000694e+00,-6.246780000000000388e-03,-2.508619999999999739e-01
1.845830000000000126e+01,-1.462940000000000074e-02,1.607339999999999880e-01
4.694800000000000040e+01,-6.760470000000000194e-03,3.979610000000000092e-02
4.063499999999999801e+01,-6.072900000000000216e-04,-3.568930000000000106e-03
1.001820000000000022e+01,1.845360000000000056e-02,-1.882129999999999914e-01
5.706330000000000346e+00,1.229639999999999943e-03,-2.073319999999999885e-01
3.684870000000000090e+01,-3.099920000000000106e-02,-2.160489999999999911e-01
5.168059999999999654e+00,6.410440000000000105e-04,-4.559719999999999746e-02
4.529990000000000094e+01,-1.172819999999999982e-03,-4.981379999999999662e-04
4.019310000000000116e+01,6.973709999999999631e-02,1.051200000000000051e-01
2.526170000000000115e+01,-2.776469999999999980e-02,-6.185070000000000290e-01
3.542660000000000053e+01,2.208169999999999925e-02,-1.097100000000000020e-01
1.999880000000000102e+00,-5.060470000000000018e-05,-1.546660000000000049e-02
9.724919999999999121e+00,8.570380000000000706e-03,-2.576359999999999761e-01
8.589430000000000121e-01,-1.694459999999999958e-09,-4.895610000000000041e-06
1.099070000000000036e+01,1.118339999999999959e-02,-2.795989999999999864e-01
1.266799999999999926e+01,2.217830000000000062e-03,-1.204410000000000064e-01
3.088710000000000022e+01,-3.566719999999999786e-03,-7.508040000000000547e-02
6.879310000000000258e+00,1.186640000000000009e-04,-4.384459999999999963e-04
9.829890000000000683e+00,7.845029999999999799e-04,-1.029510000000000008e-01
2.313019999999999854e+01,-9.380890000000000235e-04,-5.808139999999999831e-02
2.202919999999999945e+01,-4.408370000000000344e-02,-3.866209999999999924e-01
2.192009999999999792e+00,1.107200000000000015e-07,-6.351269999999999789e-04
4.131940000000000168e+01,-3.078270000000000138e-03,-1.405849999999999982e-02
1.414479999999999960e+00,-5.141280000000000155e-02,6.468200000000000175e-05
2.747180000000000177e+01,-3.848730000000000206e-02,-2.887879999999999892e-01
5.221009999999999707e+00,-3.205260000000000140e-04,-4.526909999999999962e-02
2.818260000000000076e+01,-3.409039999999999900e-03,-1.065640000000000059e-01
7.171579999999999622e-01,6.022270000000000629e-08,-3.005220000000000113e-02
6.874329999999999607e+00,1.167719999999999994e-04,-8.181100000000000394e-04
3.716330000000000133e+00,-8.595880000000000445e-06,-7.836930000000000632e-03
2.601780000000000115e+01,-5.093249999999999861e-02,-3.049870000000000081e-01
4.708529999999999660e+01,-1.716560000000000113e-04,5.541800000000000372e-04
2.456380000000000052e+01,-5.183200000000000307e-02,-4.607740000000000169e-01
1.712340000000000018e+01,-1.100279999999999921e-03,-2.243169999999999886e-02
3.117530000000000001e+01,1.034060000000000014e-02,-2.587340000000000195e-01
2.702280000000000015e+01,9.632419999999999871e-02,-3.681159999999999988e-01
1.099119999999999919e+01,-1.048589999999999939e-02,-2.244309999999999916e-01
2.067589999999999861e+01,3.866009999999999938e-05,-5.232999999999999804e-04
3.409199999999999875e+01,-5.973339999999999726e-03,-7.944829999999999948e-02
4.311869999999999692e+01,3.114759999999999838e-03,5.835329999999999684e-01
4.318350000000000222e+01,-1.518509999999999934e-04,-2.630989999999999826e-04
1.278519999999999968e+01,-6.524290000000000644e-02,1.013860000000000039e-01
3.793339999999999890e+01,2.190230000000000204e-06,-3.264849999999999751e-05
4.535009999999999764e+01,-3.290039999999999827e-04,-1.310390000000000036e-04
1.334680000000000089e+00,5.052120000000000005e-05,-9.968930000000000846e-03
2.262669999999999959e+01,-1.054660000000000016e-03,-1.055279999999999968e-01
1.871030000000000015e+01,6.119539999999999702e-03,-1.673890000000000100e-01
2.504029999999999845e+01,1.096110000000000001e-01,-2.571789999999999909e-01
4.778659999999999997e+01,-1.893329999999999926e-03,4.323930000000000134e-03
4.183250000000000313e+01,-8.086180000000000104e-03,-2.916180000000000161e-02
6.332209999999999894e+00,-1.417839999999999934e-01,-2.096849999999999929e-03
2.561639999999999873e+01,1.452309999999999990e-01,-1.549510000000000054e-01
9.082290000000000418e+00,1.974939999999999899e-04,-3.378530000000000144e-01
4.588899999999999757e+00,7.610269999999999709e-03,-2.528540000000000128e-03
1.469580000000000020e+01,6.313540000000000298e-03,-4.680980000000000141e-01
3.778110000000000213e+01,-1.401789999999999980e-03,-1.281750000000000077e-02
3.290390000000000015e+01,-1.281180000000000097e-01,-3.524140000000000050e-01
2.106819999999999915e+00,-1.023770000000000025e-05,-7.237000000000000377e-03
4.393050000000000210e+01,-2.639300000000000023e-04,-7.633930000000000143e-04
9.353120000000000545e+00,2.481079999999999766e-04,-6.542809999999999598e-03
1.039780000000000015e+01,2.279970000000000087e-03,-3.677050000000000041e-01
1.497440000000000104e+00,1.341380000000000064e-07,-5.971449999999999892e-05
4.452069999999999794e+01,-2.306000000000000064e-02,1.384499999999999967e-02
2.491300000000000026e+01,-2.360099999999999976e-01,-1.611129999999999854e-02
4.800169999999999959e+01,1.066399999999999987e-02,7.299579999999999524e-04
1.806580000000000075e+00,1.600240000000000115e-04,-6.643169999999999631e-02
4.800410000000000110e+01,1.086930000000000014e-02,8.796739999999999399e-05
4.094969999999999999e+01,2.111200000000000021e-01,3.046260000000000079e-01
3.650220000000000020e+00,1.416649999999999984e-03,-1.031880000000000019e-01
1.162099999999999911e+00,-3.692559999999999896e-04,4.173210000000000114e-03
3.009659999999999869e+01,1.102410000000000022e-02,-6.078519999999999479e-01
1.466320000000000068e+00,-1.959380000000000119e-06,-2.466920000000000050e-03
1.695840000000000103e+01,-1.573180000000000064e-02,-4.477329999999999921e-01
3.787129999999999885e+00,3.813449999999999886e-06,-2.360319999999999953e-03
2.760559999999999903e+01,1.968799999999999994e-01,-6.730099999999999971e-02
2.488970000000000127e+01,-2.122610000000000052e-01,1.296660000000000043e-03
3.796300000000000008e+00,5.488370000000000275e-06,-1.660360000000000048e-03
3.316400000000000148e+01,6.072010000000000081e-03,-1.325909999999999866e-01
3.607840000000000202e+01,-3.360429999999999667e-02,-3.752480000000000260e-01
2.267200000000000060e+01,-3.680270000000000069e-02,-7.541730000000000655e-02
4.520490000000000208e+01,-2.786939999999999903e-03,-1.188100000000000094e-03
5.399790000000000312e+00,1.222899999999999930e-05,-2.689460000000000114e-02
2.544829999999999970e+01,-2.026520000000000057e-02,-2.591049999999999742e-01
6.504319999999999879e+00,-2.859430000000000045e-03,-5.794110000000000232e-02
4.074560000000000315e+01,-1.078589999999999931e-02,-4.880079999999999835e-02
1.271170000000000044e+01,1.131629999999999962e-02,-3.478629999999999778e-01
3.804809999999999803e+01,1.654879999999999962e-01,-5.817110000000000336e-02
4.715149999999999864e+01,3.566070000000000177e-03,1.051239999999999952e-01
3.088220000000000098e+01,3.895029999999999881e-01,2.556059999999999999e-01
6.859919999999999796e+00,1.113259999999999977e-04,-1.905529999999999897e-03
3.694959999999999667e+01,3.426130000000000148e-02,-7.141630000000000200e-02
2.152060000000000084e+00,-5.165829999999999728e-03,1.881010000000000017e-03
2.540549999999999997e+01,-1.973649999999999970e-03,-1.172180000000000027e-01
3.371860000000000213e+01,-1.678079999999999980e-03,-5.009689999999999976e-01
4.698579999999999757e+01,-1.669630000000000072e-03,5.097589999999999934e-03
1.806499999999999995e+00,-2.556619999999999900e-03,2.240439999999999793e-03
3.969149999999999778e+01,-1.127479999999999932e-03,-7.554710000000000071e-03
2.060160000000000124e+01,4.119920000000000006e-03,-6.109750000000000458e-01
4.657999999999999829e+01,-1.242139999999999867e-04,1.744519999999999892e-04
1.271250000000000036e+01,1.124830000000000057e-03,-1.285600000000000076e-01
3.911989999999999856e+00,6.936899999999999534e-04,-1.418270000000000086e-01
4.632489999999999952e+01,-8.104619999999999663e-04,2.010049999999999892e-01
3.275099999999999767e+01,-1.548759999999999991e-04,-5.043319999999999574e-03
3.452250000000000085e+01,-8.948410000000000392e-03,-1.316749999999999865e-01
6.051260000000000527e-01,7.306480000000000559e-05,-1.343789999999999915e-02
9.370879999999999654e+00,1.428540000000000062e-03,-5.943729999999999847e-02
3.835289999999999822e+01,-5.413349999999999933e-03,-4.116960000000000064e-02
2.663489999999999824e+01,2.406610000000000138e-01,2.427400000000000113e-01
2.654870000000000019e+01,-2.319360000000000101e-05,-7.836430000000000132e-03
4.800079999999999814e+01,1.061660000000000034e-02,8.716909999999999589e-04
4.284980000000000189e+01,-1.504570000000000039e-02,3.202039999999999748e-02
1.489219999999999988e+00,-4.055670000000000211e-07,-6.928509999999999704e-04
1.450670000000000037e+01,1.019029999999999936e-02,-4.284529999999999728e-01
2.958950000000000102e+01,-4.809569999999999818e-02,-2.981639999999999846e-01
2.356050000000000200e+00,4.466319999999999752e-04,-7.539419999999999455e-02
4.120349999999999824e+01,2.363359999999999905e-01,3.567719999999999780e-01
3.923060000000000258e+01,-1.546220000000000060e-02,-9.879469999999999918e-02
3.535920000000000130e+01,2.391129999999999992e-02,-3.943050000000000166e-01
2.023320000000000007e+01,-6.301699999999999923e-04,-3.905340000000000200e-02
1.398649999999999949e+01,3.603009999999999807e-03,-1.143409999999999982e-01
2.309849999999999959e+00,-5.011710000000000166e-04,-5.342090000000000033e-02
6.296570000000000000e+00,-2.898999999999999993e-04,-4.125489999999999713e-02
3.818549999999999756e+01,-7.038629999999999713e-03,-5.443409999999999915e-02
5.023609999999999687e+00,1.177510000000000015e-02,-3.009179999999999841e-02
3.439070000000000249e+01,1.175839999999999941e-01,-3.288989999999999969e-01
2.577250000000000085e+01,1.163909999999999945e-02,-6.425589999999999913e-01
4.677990000000000204e-01,-8.004210000000000534e-04,8.901100000000000548e-05
1.445659999999999945e+00,1.013049999999999931e-03,-2.299659999999999812e-03
1.699980000000000047e+01,-1.208459999999999960e-03,-3.269699999999999690e-02
3.643999999999999773e+01,2.102690000000000115e-01,-1.090070000000000067e-01
4.550600000000000023e+01,-2.179970000000000172e-02,2.347180000000000100e-01
2.791590000000000060e+01,3.771540000000000146e-05,-5.558659999999999990e-03
2.037160000000000082e+01,-1.068889999999999944e-02,-1.995359999999999912e-01
7.867460000000000342e+00,4.964959999999999979e-05,-2.982989999999999808e-01
4.298129999999999562e+00,-2.296169999999999939e-04,-3.744949999999999668e-02
7.475249999999999950e+00,1.271749999999999964e-02,-1.334760000000000113e-01
7.558519999999999683e+00,-2.333930000000000119e-03,-2.496079999999999965e-01
4.670239999999999725e+01,-9.857720000000000371e-03,5.727440000000000309e-02
3.659000000000000341e+01,4.884600000000000226e-03,-2.114240000000000008e-01
2.917739999999999867e+01,2.680850000000000177e-01,5.749320000000000125e-02
1.056789999999999985e+01,3.381629999999999944e-04,-7.008749999999999702e-02
2.357469999999999999e+01,-1.371450000000000024e-04,-1.760619999999999893e-02
4.526740000000000208e+00,-1.302559999999999916e-03,-1.311759999999999871e-01
3.800800000000000267e+01,3.536159999999999859e-01,1.463450000000000029e-01
2.608360000000000056e+01,-1.876200000000000090e-01,-4.050039999999999890e-02
2.039549999999999841e+01,2.111379999999999854e-02,-5.373710000000000431e-01
1.142300000000000004e+01,-8.987360000000000227e-04,-7.005480000000000040e-02
2.441789999999999949e+01,2.261130000000000084e-01,1.131489999999999996e-01
6.768209999999999837e+00,9.670749999999999659e-04,-2.541309999999999958e-01
3.000169999999999959e+01,7.056540000000000035e-02,5.042660000000000198e-02
2.252740000000000009e+01,-2.733220000000000094e-02,-5.547170000000000156e-01
3.829520000000000124e+01,-5.323959999999999804e-02,-1.888819999999999943e-01
3.406550000000000011e+01,2.951659999999999839e-01,-8.834049999999999542e-03
3.337600000000000122e+00,3.048589999999999894e-04,-1.879499999999999921e-02
4.052649999999999864e+01,-1.931800000000000010e-03,-1.076979999999999951e-02
2.973329999999999984e+01,-2.938029999999999895e-03,-7.272140000000000548e-02
1.536870000000000047e+01,-3.249630000000000019e-01,2.136209999999999845e-02
4.536310000000000286e+01,-1.123399999999999985e-04,-1.487979999999999940e-05
4.351970000000000027e+01,-2.021709999999999827e-02,-2.405850000000000002e-02
2.886190000000000144e-01,-8.165890000000000518e-05,6.292090000000000400e-04
2.775659999999999883e+01,5.930590000000000167e-02,-5.190909999999999691e-01
4.736979999999999791e+01,4.955239999999999645e-03,7.851550000000000196e-02
2.754349999999999854e-01,-2.412149999999999865e-08,-1.475670000000000052e-04
3.323440000000000083e+01,8.852640000000000162e-03,-2.519710000000000005e-01
2.749830000000000219e+00,3.404819999999999808e-03,-2.499610000000000026e-02
3.895980000000000132e+01,1.512409999999999866e-01,5.993359999999999660e-02
3.107669999999999888e+01,2.833300000000000055e-02,-5.665689999999999893e-01
1.001989999999999981e+01,3.177159999999999707e-02,-1.223429999999999934e-01
2.126770000000000138e+01,-2.233069999999999847e-02,-5.493019999999999570e-01
4.294819999999999993e+01,-6.034500000000000280e-02,8.399260000000000059e-02
1.497889999999999944e+00,1.621889999999999973e-07,-1.746619999999999889e-05
1.761939999999999884e+01,3.813960000000000267e-02,-3.326290000000000080e-01
2.651370000000000005e+01,-1.147509999999999996e-04,-1.110320000000000057e-02
3.654529999999999745e+01,-1.583940000000000070e-01,-3.034270000000000023e-01
1.901289999999999836e+01,1.692250000000000004e-02,-5.249099999999999877e-01
1.828089999999999993e+00,1.114520000000000029e-04,-7.105630000000000279e-02
3.467990000000000350e+01,-1.759359999999999960e-03,-2.509849999999999928e-02
2.869750000000000156e+01,-1.751120000000000107e-03,-5.406690000000000107e-02
4.751270000000000238e+01,-4.122889999999999823e-04,4.678870000000000012e-04
2.732789999999999964e+01,1.438049999999999884e-01,-2.132739999999999914e-01
2.432459999999999845e+00,-2.612110000000000170e-04,-1.376819999999999954e-02
1.225829999999999975e+00,7.777510000000000011e-05,-4.479299999999999948e-02
1.158610000000000007e+01,3.685499999999999887e-02,-1.527469999999999939e-01
4.032959999999999923e+01,-3.905680000000000263e-02,-1.085630000000000067e-01
1.224119999999999919e+01,1.501470000000000062e-02,-2.917830000000000146e-01
2.243030000000000079e+00,-2.499780000000000058e-03,4.683999999999999796e-03
1.668009999999999948e+01,-2.233709999999999862e-02,-3.443180000000000129e-01
9.415770000000000195e+00,2.795200000000000072e-04,-1.820730000000000005e-03
2.514900000000000091e+01,-3.072609999999999708e-05,-7.528970000000000280e-03
2.295850000000000113e-01,1.207119999999999972e-06,-8.964639999999999415e-03
2.660510000000000019e+01,1.237809999999999995e-04,-2.579160000000000046e-03
3.156559999999999988e+01,-5.353509999999999693e-03,-1.216590000000000032e-01
2.717650000000000077e+01,9.000640000000000029e-02,-3.960380000000000011e-01
3.047569999999999979e+01,1.211909999999999989e-04,-1.294720000000000072e-03
2.692620000000000147e+01,2.026669999999999860e-02,-6.263889999999999736e-01
1.201570000000000071e+01,-2.136560000000000022e-04,-3.105629999999999849e-02
7.726529999999999510e-02,-2.141489999999999888e-06,3.369229999999999860e-04
3.407730000000000103e+01,1.221339999999999926e-02,-1.270640000000000103e-01
3.158650000000000180e+00,-1.505760000000000030e-04,-1.268849999999999978e-01
1.414740000000000109e+00,-2.696290000000000065e-06,-6.689330000000000276e-03
3.385569999999999879e+01,-1.376539999999999986e-01,-3.368220000000000103e-01
3.622919999999999874e+01,2.444230000000000014e-01,4.911449999999999844e-02
3.977799999999999869e+01,3.548609999999999820e-01,2.609600000000000253e-01
1.839339999999999975e+00,3.859749999999999764e-05,-7.515969999999999596e-02
7.757229999999999848e+00,3.119039999999999871e-05,-2.678200000000000025e-02
1.581819999999999915e+01,-9.094710000000000641e-03,-4.871969999999999912e-01
3.777929999999999922e+01,4.128079999999999944e-02,-3.859669999999999768e-02
2.555270000000000152e+01,-7.586110000000000075e-02,7.117869999999999753e-02
1.202250000000000085e+01,-2.089360000000000067e-04,-3.055619999999999864e-02
2.611649999999999849e+01,7.553849999999999454e-02,-4.246750000000000247e-01
2.378059999999999974e+01,-3.192099999999999799e-02,-5.648180000000000422e-01
1.837320000000000064e+01,-8.890190000000000592e-02,1.333320000000000061e-01
1.079139999999999944e+01,2.014910000000000128e-04,-6.787070000000000082e-03
2.554479999999999862e+01,9.793960000000000859e-03,-2.325939999999999952e-01
5.440549999999999997e+00,-1.592260000000000073e-03,-1.679279999999999939e-01
1.166729999999999912e+01,-1.356420000000000000e-04,-5.719640000000000141e-02
8.999829999999999330e+00,3.429980000000000008e-03,-3.047119999999999829e-01
3.259810000000000230e+01,3.187530000000000086e-01,6.017100000000000226e-02
4.532450000000000045e+01,-7.579610000000000297e-04,-3.191900000000000119e-04
1.504840000000000089e+01,-2.760739999999999861e-01,4.682359999999999994e-02
1.762610000000000099e+01,1.200900000000000058e-02,-5.153370000000000450e-01
9.435480000000000089e+00,2.895369999999999758e-04,-3.201139999999999780e-04
1.402619999999999933e+01,-4.784149999999999926e-04,-1.410690000000000034e-03
3.475919999999999987e+01,-1.224770000000000025e-03,-1.781539999999999860e-02
8.349919999999999121e+00,1.967609999999999845e-03,-6.200529999999999931e-02
2.443439999999999834e+00,2.842850000000000064e-04,-8.963809999999999834e-02
3.582699999999999818e+01,-1.444819999999999993e-01,-2.783249999999999891e-01
2.835630000000000095e+01,2.998449999999999727e-01,2.503929999999999767e-01
4.555910000000000082e+01,-1.780790000000000151e-02,2.782799999999999857e-02
2.805460000000000065e+01,-1.531329999999999913e-01,-4.011490000000000195e-02
3.361460000000000292e+01,-1.586009999999999894e-03,-2.643070000000000142e-02
1.496080000000000076e+01,-1.286809999999999994e-03,-6.219430000000000097e-02
4.333590000000000231e+01,-2.551749999999999852e-02,3.789050000000000057e-02
3.994310000000000116e+01,-1.827489999999999948e-01,-7.735740000000000671e-02
1.796859999999999857e+01,-3.288209999999999744e-01,1.799649999999999861e-02
1.873359999999999914e+01,-1.171570000000000033e-03,-2.765199999999999950e-02
1.392970000000000041e+01,1.631909999999999958e-02,-3.460529999999999995e-01
1.483919999999999995e+01,8.657360000000000055e-02,-5.386350000000000166e-02
1.569549999999999912e+01,-8.203359999999999602e-04,-1.569960000000000019e-03
2.195860000000000056e+01,2.870559999999999865e-03,-6.307030000000000136e-01
4.275260000000000105e+01,2.725450000000000095e-02,5.298869999999999969e-01
3.611240000000000094e+01,-7.391339999999999716e-03,-7.438419999999999754e-02
2.516900000000000048e+01,1.362529999999999980e-05,-5.692730000000000012e-03
3.233089999999999975e+01,1.504590000000000094e-01,-2.974470000000000169e-01
2.366590000000000060e+01,3.077309999999999849e-05,-9.347539999999999669e-03
3.256569999999999965e+01,1.532020000000000048e-01,3.974710000000000049e-02
2.596940000000000026e+01,-1.581899999999999973e-01,1.118309999999999964e-02
1.837550000000000017e+00,1.074060000000000013e-05,-7.572500000000000064e-02
2.495749999999999957e+01,-6.300649999999999654e-03,-1.499820000000000042e-01
4.703860000000000241e+01,-8.603200000000000300e-04,2.694180000000000012e-03
5.761180000000000412e+00,5.594669999999999748e-05,-4.694920000000000104e-04
4.736690000000000111e+01,-1.795209999999999992e-03,1.047820000000000001e-02
4.506730000000000302e+01,-1.677949999999999928e-02,8.136559999999999279e-03
1.612119999999999942e-01,-3.264169999999999832e-03,1.037930000000000073e-05
5.438889999999999558e-01,1.022769999999999967e-04,-7.802130000000000003e-03
2.427550000000000097e+00,-1.683509999999999879e-04,-9.477380000000000526e-02
2.527789999999999893e+01,-1.520249999999999935e-01,3.090930000000000066e-02
4.467470000000000141e+01,-1.187930000000000062e-02,-4.946029999999999698e-03
2.877380000000000138e+01,-1.517190000000000075e-03,-4.660419999999999841e-02
5.729079999999999728e+00,1.002969999999999947e-03,-2.129919999999999869e-01
1.755440000000000111e+01,1.396159999999999936e-02,-4.997079999999999855e-01
1.087240000000000073e+01,2.419359999999999957e-04,-6.579690000000000018e-04
3.766440000000000055e+01,-2.492400000000000084e-03,-2.244329999999999936e-02
3.634530000000000172e+01,4.373009999999999953e-01,1.974029999999999951e-01
1.617379999999999995e+01,8.747269999999999698e-03,-4.945189999999999864e-01
2.136619999999999919e+01,-2.020819999999999908e-02,-5.684350000000000236e-01
5.749349999999999739e+00,5.239090000000000012e-05,-1.366379999999999938e-03
1.468839999999999968e+01,-3.013529999999999941e-03,1.304400000000000004e-01
1.272409999999999997e+01,-1.149550000000000051e-03,-1.285239999999999994e-01
3.183050000000000068e+01,-5.455920000000000387e-03,-9.360409999999999564e-02
2.232019999999999982e+01,1.738810000000000078e-01,2.803229999999999958e-02
4.188799999999999812e+01,6.193690000000000306e-02,3.678390000000000271e-01
1.272630000000000017e+01,-4.293589999999999798e-04,-1.315780000000000005e-01
3.597070000000000078e+01,1.276810000000000062e-05,-5.607369999999999542e-04
3.900959999999999894e+01,-1.911159999999999942e-02,-1.116199999999999970e-01
2.659440000000000026e+01,9.596059999999999735e-05,-3.579109999999999930e-03
4.078059999999999974e+01,-5.255560000000000266e-03,-8.865960000000000507e-02
3.741179999999999950e+01,-1.608360000000000067e-01,-2.602619999999999933e-01
3.955849999999999866e+00,-5.537330000000000030e-02,-1.730940000000000039e-03
1.318050000000000033e+01,-5.950760000000000468e-04,-6.553670000000000329e-02
3.693679999999999808e+01,-2.320359999999999990e-04,-2.959049999999999962e-03
4.153759999999999764e+01,-1.943570000000000096e-04,-1.025139999999999905e-03
1.598799999999999955e+01,-3.478680000000000053e-03,-1.105880000000000057e-01
3.037669999999999959e+01,-2.772259999999999915e-04,-1.074169999999999986e-02
1.571039999999999992e+01,-8.111649999999999763e-04,-3.450689999999999855e-04
2.307379999999999853e+01,-1.098419999999999909e-03,-6.312039999999999318e-02
1.987600000000000033e+00,4.640480000000000165e-06,-2.234200000000000075e-02
2.376300000000000168e+01,2.083940000000000109e-04,-5.289150000000000275e-04
2.913479999999999848e+01,2.258570000000000022e-01,1.817439999999999889e-01
2.864479999999999915e+00,-2.079069999999999876e-02,6.046529999999999613e-03
3.320940000000000225e+01,-1.295420000000000078e-02,-1.558930000000000038e-01
2.984809999999999874e+01,1.616980000000000084e-01,-2.322390000000000010e-01
4.642369999999999663e+00,-8.341419999999999564e-04,-1.649960000000000038e-01
2.493459999999999965e+01,-5.085680000000000409e-04,-2.734860000000000069e-02
2.624600000000000044e+00,-3.898120000000000144e-04,6.265309999999999629e-03
4.613349999999999795e+01,-1.551149999999999925e-02,4.569310000000000038e-02
3.050570000000000093e+01,2.737750000000000166e-03,-2.565970000000000195e-01
3.674249999999999972e+01,-3.200820000000000054e-02,-1.689700000000000091e-01
3.153310000000000102e+01,-5.307759999999999909e-03,-1.245350000000000068e-01
2.498700000000000088e-01,6.844509999999999923e-07,-2.489299999999999846e-03
2.662910000000000110e+01,1.891920000000000006e-04,-8.951250000000000059e-05
3.732180000000000319e+01,1.767610000000000015e-01,4.701050000000000020e-03
2.784469999999999956e+01,1.225220000000000059e-01,-2.985680000000000001e-01
1.881759999999999877e+01,-1.073130000000000047e-03,-2.055239999999999845e-02
2.335310000000000130e+01,6.476229999999999487e-02,-3.878019999999999801e-01
8.413399999999999768e-01,-7.549949999999999500e-04,1.812019999999999907e-04
8.581900000000000084e-01,-2.825509999999999934e-08,-7.075999999999999337e-05
4.114289999999999736e+01,-1.787549999999999903e-02,-6.619569999999999621e-02
1.905949999999999989e+01,-8.092680000000000316e-04,-1.749250000000000100e-04
2.753679999999999950e+01,5.927570000000000061e-03,7.529139999999999444e-02
3.743869999999999720e+01,-1.254180000000000052e-02,-1.143750000000000044e-01
2.423070000000000057e+00,3.303229999999999882e-04,-8.587079999999999713e-02
4.532609999999999673e+01,-7.320440000000000540e-04,-3.079609999999999878e-04
4.651299999999999812e+01,-1.322219999999999993e-02,1.279470000000000052e-01
4.099060000000000059e+01,-7.522509999999999614e-03,-3.398339999999999694e-02
4.682869999999999777e+01,-1.160979999999999998e-02,9.694250000000000089e-02
1.016510000000000025e+00,4.579159999999999980e-04,1.683830000000000038e-04
2.895899999999999963e+01,-5.656640000000000106e-03,-1.436699999999999922e-01
3.386740000000000350e+01,-7.895790000000000512e-05,-2.857979999999999982e-03
2.970530000000000115e+01,-1.451810000000000080e-02,-1.854530000000000067e-01
3.598259999999999792e+01,-2.529280000000000070e-02,-2.316189999999999916e-01
2.503310000000000102e+01,1.188779999999999976e-01,1.953340000000000076e-01
2.200840000000000019e-01,2.238809999999999915e-06,-7.313349999999999712e-03
3.165559999999999974e+01,-5.422779999999999961e-02,-2.941019999999999746e-01
2.902439999999999998e+01,-4.422960000000000086e-03,-6.364290000000000225e-01
2.218700000000000117e+01,-4.288499999999999777e-03,-1.360190000000000010e-01
2.285320000000000107e+01,-1.033970000000000028e-01,-5.865950000000000331e-02
1.294979999999999976e+01,9.044240000000000265e-03,-3.829179999999999806e-01
6.174059999999999881e+00,-1.925719999999999862e-02,2.156689999999999996e-02
1.085699999999999932e+01,2.342020000000000050e-04,-1.825940000000000072e-03
3.891669999999999874e+01,3.070289999999999964e-01,1.505549999999999944e-01
2.444129999999999825e+01,-1.769589999999999922e-03,-7.324799999999999367e-02
3.389280000000000115e+01,-1.257749999999999979e-01,-4.152170000000000027e-01
3.533380000000000187e+00,1.746879999999999917e-03,-8.997800000000000242e-02
2.630890000000000128e+01,-6.611279999999999761e-03,-1.511359999999999926e-01
3.459879999999999711e+01,-1.321280000000000024e-02,-2.346999999999999920e-01
2.448939999999999984e+01,-2.471839999999999888e-03,-6.544820000000000082e-01
4.655919999999999703e+01,-4.658919999999999772e-04,7.294930000000000034e-04
2.305790000000000006e+01,-3.206250000000000072e-02,1.371090000000000086e-01
5.498809999999999754e+00,-2.307309999999999917e-03,-5.133370000000000294e-02
3.532319999999999993e+01,-7.005150000000000515e-05,-2.328610000000000124e-01
4.338360000000000127e+01,-5.849069999999999964e-02,4.660699999999999843e-01
3.484409999999999741e+01,4.465740000000000265e-01,2.228529999999999955e-01
1.905020000000000024e+01,-8.180830000000000480e-04,-1.074709999999999988e-03
2.566750000000000043e+01,1.436060000000000114e-01,-1.616690000000000071e-01
6.062249999999999694e+00,1.668690000000000104e-02,-2.261209999999999956e-02
2.690560000000000063e+00,-9.548180000000000458e-05,-2.364029999999999951e-02
4.224280000000000257e+01,-2.155189999999999970e-03,-7.644220000000000181e-03
6.856539999999999857e-01,3.313280000000000234e-05,-2.303149999999999989e-02
2.117459999999999898e-01,2.950890000000000135e-06,-6.209300000000000062e-03
3.289589999999999748e+01,3.122429999999999997e-02,-5.089369999999999727e-01
3.475569999999999737e+01,-8.594690000000000316e-03,-1.127549999999999941e-01
1.195120000000000005e+01,1.739570000000000005e-02,-2.626100000000000101e-01
3.359020000000000294e+01,-5.319759999999999767e-03,-2.465390000000000081e-01
2.123280000000000101e+01,1.499820000000000042e-01,-1.515219999999999935e-02
4.546320000000000050e+01,-1.918469999999999898e-02,3.084529999999999911e-02
3.793060000000000098e+00,4.898909999999999654e-06,-1.907590000000000023e-03
1.918700000000000117e+01,-2.929309999999999969e-01,-1.989729999999999971e-02
6.489309999999999690e+00,-1.749480000000000089e-03,-2.176079999999999959e-01
8.382479999999999931e-01,-7.480130000000000158e-07,-1.622060000000000038e-03
4.780529999999999724e+00,8.543230000000000398e-04,-1.762110000000000065e-01
1.401050000000000040e+01,-1.116430000000000027e-02,-3.789549999999999863e-01
4.466250000000000142e+01,-2.776589999999999787e-04,-3.820329999999999928e-04
2.469969999999999999e+01,-9.102509999999999768e-02,-7.084989999999999344e-02
1.820449999999999946e+01,8.685640000000000027e-02,-1.488960000000000006e-01
3.949560000000000315e+01,-1.502749999999999919e-02,-8.168609999999999760e-02
1.742160000000000153e+01,-3.198680000000000186e-03,-1.638880000000000059e-01
1.670980000000000132e+01,7.604110000000000036e-02,-1.500740000000000129e-01
4.315209999999999724e+01,-3.620960000000000151e-02,5.070869999999999544e-01
4.362440000000000140e+01,-6.414899999999999769e-02,4.143959999999999866e-01
3.678040000000000020e+01,-1.540099999999999976e-03,-1.635479999999999920e-02
1.869290000000000163e+01,1.530239999999999934e-01,1.074770000000000031e-01
2.638530000000000086e+01,-1.992700000000000027e-01,-4.060269999999999851e-02
3.666159999999999997e+01,-2.541059999999999933e-03,-2.661349999999999827e-02
3.976389999999999958e+01,-2.445620000000000085e-02,-1.066000000000000003e-01
4.571130000000000138e+00,9.379190000000000790e-03,-3.698420000000000180e-02
4.600039999999999907e+01,-1.136239999999999950e-04,3.835560000000000255e-05
4.484649999999999892e+01,-2.047210000000000002e-02,1.078149999999999942e-02
1.392220000000000013e+00,-4.560520000000000341e-06,-7.276809999999999876e-03
8.512220000000000342e-01,-2.787610000000000171e-07,-6.076109999999999801e-04
4.756909999999999883e+01,-4.565210000000000101e-03,2.478970000000000132e-02
3.749450000000000216e+01,-4.111530000000000393e-03,-3.654360000000000247e-02
2.365990000000000038e+01,1.972910000000000055e-05,-9.891459999999999489e-03
3.715310000000000201e+01,3.661070000000000157e-01,1.221349999999999936e-01
6.737860000000000404e+00,6.458489999999999891e-05,-1.119719999999999917e-02
1.087349999999999994e+01,2.424519999999999887e-04,-5.793140000000000442e-04
9.697689999999999699e+00,-7.497300000000000145e-03,-2.173730000000000107e-01
4.487479999999999691e+00,9.248710000000000264e-03,-3.287559999999999788e-02
2.151800000000000068e+01,-2.794980000000000242e-01,1.898450000000000137e-02
4.406159999999999854e+01,-4.596530000000000060e-02,3.336959999999999926e-01
4.235510000000000019e+01,-5.750189999999999642e-04,-1.841650000000000014e-03
2.894539999999999935e+01,5.557720000000000021e-02,-5.373900000000000343e-01
1.693080000000000140e+01,-1.253449999999999920e-03,-3.829550000000000315e-02
4.778139999999999787e+01,-1.978179999999999956e-03,4.806849999999999665e-03
3.105549999999999855e+01,-2.656260000000000131e-03,-5.912119999999999875e-02
3.183920000000000083e+00,-9.091649999999999732e-02,3.336099999999999829e-03
3.107120000000000104e+01,3.456710000000000338e-02,-5.577999999999999625e-01
3.279480000000000217e+01,7.344680000000000295e-05,-8.720270000000000452e-04
3.082189999999999941e+01,8.664189999999999392e-02,-4.539070000000000049e-01
4.746260000000000367e+00,2.424250000000000040e-05,-7.940130000000000159e-05
3.483749999999999858e+01,-1.293779999999999930e-01,-3.952709999999999835e-01
6.278270000000000239e-01,6.062490000000000294e-05,-1.582779999999999951e-02
2.475209999999999866e+01,-8.749170000000000558e-03,-1.789530000000000010e-01
2.455369999999999830e+00,-4.625719999999999832e-03,2.127589999999999950e-03
9.814189999999999969e+00,-2.397199999999999886e-01,-6.019280000000000116e-03
3.496659999999999879e+00,-1.040650000000000006e-04,-2.235219999999999915e-02
2.562890000000000157e+01,-6.640799999999999481e-02,-3.895830000000000126e-01
1.745009999999999950e+00,-2.887850000000000074e-04,-1.775720000000000076e-02
1.774220000000000041e+01,3.026889999999999963e-03,-5.609070000000000444e-01
3.846760000000000179e+00,-5.083250000000000095e-04,-1.426669999999999883e-01
1.203089999999999993e+00,-1.087729999999999969e-04,-9.227910000000000626e-03
2.515619999999999834e+01,2.134820000000000051e-01,5.401480000000000170e-02
3.588009999999999877e+01,-9.667979999999999630e-03,-9.607449999999999324e-02
2.596969999999999956e+01,8.076250000000000095e-02,-3.989759999999999973e-01
1.247729999999999961e+01,-1.017610000000000042e-02,-3.172240000000000060e-01
2.963220000000000098e+01,3.627610000000000001e-01,2.614549999999999930e-01
1.877199999999999980e+00,3.716560000000000208e-05,-7.822010000000000768e-03
2.966549999999999798e+00,2.582360000000000209e-06,-3.696680000000000257e-04
1.541510000000000069e+01,-1.445890000000000022e-02,-3.928280000000000105e-01
4.792119999999999891e+01,9.168469999999999745e-03,1.075360000000000031e-02
1.896409999999999840e+01,-2.501660000000000168e-03,-1.800690000000000068e-01
4.049750000000000227e+01,-1.213150000000000062e-01,-8.321510000000000018e-02
3.076579999999999870e+01,-4.389510000000000113e-03,-8.706289999999999862e-02
1.159969999999999946e+00,1.320380000000000121e-04,-3.495369999999999727e-02
3.347259999999999991e+01,8.097359999999999627e-03,-1.311900000000000011e-01
4.008420000000000272e+01,1.264979999999999993e-01,1.284260000000000124e-01
1.571180000000000021e+01,-8.104409999999999609e-04,-1.913189999999999889e-04
4.238400000000000034e+01,-1.770399999999999990e-04,-2.782250000000000001e-04
1.030439999999999934e+01,-1.415390000000000094e-03,-3.734739999999999727e-01
4.533800000000000097e+01,-5.314620000000000151e-04,-2.206739999999999949e-04
2.347670000000000101e+01,1.515869999999999995e-01,-7.189539999999999820e-02
3.948140000000000072e+01,-3.496700000000000155e-03,-2.284330000000000041e-02
7.625890000000000057e+00,3.786830000000000144e-03,-2.391530000000000045e-01
8.986710000000000420e+00,3.977730000000000285e-05,-3.549599999999999977e-02
9.450350000000000250e+00,2.252310000000000076e-02,-1.466050000000000131e-01
1.562920000000000087e+01,-1.145249999999999914e-02,-4.492539999999999867e-01
2.900240000000000151e+01,4.811599999999999905e-02,-5.568790000000000129e-01
3.927389999999999759e+01,4.029929999999999901e-01,2.541950000000000043e-01
3.121259999999999835e+01,-1.991319999999999982e-03,-4.379210000000000047e-02
8.830780000000000740e+00,1.408709999999999867e-04,-4.427939999999999654e-02
1.079369999999999941e+01,2.026359999999999891e-04,-6.613720000000000016e-03
2.276260000000000172e+00,5.711969999999999591e-04,-6.507930000000000659e-02
3.484449999999999648e+01,4.484710000000000085e-01,2.217399999999999927e-01
4.202259999999999707e+01,-2.592219999999999941e-02,-4.444349999999999690e-02
3.247639999999999816e+01,1.334700000000000053e-01,-3.359039999999999804e-01
4.703050000000000352e+01,-9.655640000000000056e-03,7.669510000000000216e-02
2.549399999999999977e+01,2.053210000000000035e-01,2.159120000000000136e-02
4.315679999999999694e+01,-9.579110000000000402e-02,1.775809999999999889e-01
4.318220000000000169e+01,-1.709430000000000064e-04,-3.314559999999999924e-04
2.521979999999999933e+01,1.255680000000000012e-04,-1.004979999999999936e-03
2.515259999999999962e+01,-3.726680000000000010e-03,-1.338759999999999950e-01
5.535309999999999953e+00,-1.188910000000000054e-03,-1.931690000000000074e-01
2.993110000000000070e+01,3.485790000000000277e-01,2.509009999999999851e-01
2.803709999999999880e+01,2.011690000000000006e-02,-6.225279999999999703e-01
9.007469999999999644e+00,1.329600000000000053e-02,-1.859280000000000099e-01
1.164409999999999945e+00,1.285740000000000060e-04,-3.552079999999999821e-02
3.847259999999999991e+01,4.731199999999999989e-02,-1.842639999999999990e-03
2.558480000000000132e+01,-1.901030000000000059e-04,1.160400000000000043e-01
2.892599999999999838e+01,-1.717940000000000092e-02,-6.374670000000000059e-01
2.607779999999999987e+01,-4.497349999999999959e-02,-5.605940000000000367e-01
2.626510000000000034e+01,4.739619999999999944e-03,-2.414050000000000085e-01
2.889020000000000010e+01,6.150800000000000017e-02,-5.205999999999999517e-01
1.451420000000000066e+01,8.618729999999999447e-02,-4.129669999999999869e-02
3.964809999999999945e+00,2.949849999999999955e-04,-1.555030000000000023e-01
3.008830000000000027e+01,2.322819999999999885e-01,1.604540000000000133e-01
1.658970000000000056e+01,-1.546669999999999989e-03,-6.846380000000000521e-02
2.467239999999999966e+01,9.032110000000000138e-02,1.840150000000000119e-01
4.737989999999999924e+00,2.230279999999999931e-05,-7.288789999999999852e-04
4.534020000000000294e+01,-4.941849999999999585e-04,-2.043400000000000121e-04
2.925529999999999831e+01,1.921509999999999972e-04,-1.322410000000000100e-04
1.158580000000000076e+01,5.799959999999999838e-02,-5.078719999999999762e-02
2.673130000000000228e-01,-8.252359999999999656e-08,-7.695010000000000175e-04
3.562879999999999825e+01,-2.562229999999999976e-03,-3.108959999999999849e-02
2.415389999999999926e+00,3.456670000000000229e-04,-8.454190000000000316e-02
1.766720000000000113e+01,-2.205449999999999858e-03,-5.654900000000000482e-01
4.394460000000000122e+01,-3.921229999999999724e-05,-2.821729999999999833e-04
7.400280000000000413e+00,2.113479999999999873e-02,-7.624730000000000396e-02
3.677989999999999782e+01,3.498330000000000051e-01,1.277570000000000094e-01
4.044050000000000011e+01,-2.535750000000000157e-02,-1.011900000000000022e-01
2.214839999999999876e+01,4.745819999999999770e-04,-9.098939999999999806e-03
4.176500000000000057e+01,-4.673589999999999689e-02,-2.664680000000000173e-02
2.828679999999999861e+00,-1.927709999999999878e-05,-1.138780000000000001e-02
3.608389999999999986e+01,-7.723749999999999713e-03,-7.689769999999999939e-02
3.710809999999999942e+00,-9.207680000000000245e-06,-8.251790000000000166e-03
3.268439999999999657e+01,-6.401440000000000428e-03,-1.176129999999999953e-01
1.165339999999999954e+01,-2.467730000000000010e-03,-4.108990000000000142e-01
3.716530000000000200e+01,4.390769999999999951e-01,2.074830000000000008e-01
3.189569999999999794e+00,1.781089999999999984e-04,-1.267250000000000043e-01
1.041830000000000034e+00,-1.235949999999999983e-03,2.350739999999999926e-04
3.670620000000000260e+01,-3.290450000000000319e-02,-1.735299999999999898e-01
1.649940000000000140e+01,2.840600000000000069e-02,-3.505889999999999840e-01
2.788360000000000127e+01,-6.027649999999999794e-05,-8.600949999999999568e-03
1.149990000000000023e+01,7.411300000000000006e-03,-3.468620000000000037e-01
2.630150000000000077e+01,-6.749009999999999948e-04,-3.105230000000000143e-02
4.670179999999999865e+01,-1.249420000000000044e-02,1.098149999999999959e-01
5.257889999999999731e+00,3.091029999999999819e-03,-1.412650000000000017e-01
2.792490000000000094e+01,6.502710000000000629e-05,-4.709539999999999907e-03
8.669019999999999726e+00,-5.691940000000000367e-03,-9.200450000000000295e-02
1.397569999999999979e+01,-5.038059999999999804e-04,-5.308570000000000302e-03
4.703659999999999997e+01,-8.913389999999999985e-04,2.787040000000000177e-03
3.602380000000000138e+00,3.375769999999999834e-04,6.108530000000000036e-03
6.451310000000000100e-01,-4.300500000000000178e-04,4.610130000000000261e-04
4.708029999999999937e+00,1.525299999999999948e-05,-3.005310000000000186e-03
3.792770000000000152e+01,-4.875929999999999918e-05,-7.742909999999999767e-04
4.665560000000000151e+00,-1.360429999999999973e-02,1.071940000000000046e-02
2.763990000000000058e-01,-1.732810000000000016e-08,-7.326240000000000519e-05
8.906809999999999450e-01,3.432709999999999733e-04,-9.199010000000000520e-03
1.031619999999999981e+00,-3.106800000000000138e-05,3.816389999999999800e-03
3.669180000000000064e+01,-1.108070000000000027e-01,-3.292530000000000179e-01
2.935729999999999951e+00,-1.662459999999999919e-06,-2.730119999999999943e-03
3.493659999999999854e+01,-3.649520000000000254e-05,-1.632489999999999896e-03
2.582420000000000115e+01,-2.229150000000000020e-01,-3.798950000000000243e-02
2.872269999999999879e+00,-9.760620000000000748e-06,-7.563770000000000042e-03
2.724909999999999943e+00,-6.006989999999999894e-05,-1.699159999999999907e-02
3.995259999999999678e+01,-1.879820000000000102e-02,-9.602430000000000687e-02
1.164809999999999901e+00,-1.297980000000000065e-04,-2.639210000000000167e-02
3.230120000000000147e+01,7.555670000000000441e-02,-2.519529999999999860e-03
1.910010000000000119e+01,7.370459999999999512e-02,-2.191079999999999972e-01
4.716539999999999822e+01,3.656529999999999850e-03,1.034120000000000039e-01
1.710490000000000066e+01,2.142590000000000119e-02,-4.252560000000000229e-01
1.291680000000000028e+01,-1.616830000000000090e-03,-8.086480000000000057e-02
3.195439999999999969e+01,5.893940000000000290e-02,-4.979620000000000157e-01
9.839489999999999625e+00,4.105559999999999765e-02,-7.458030000000000041e-03
