3.227689999999999770e+01,0.000000000000000000e+00,2.540689999999999962e-02
-4.034010000000000318e+00,0.000000000000000000e+00,2.086009999999999920e+00
3.519980000000000331e+01,3.932569999999999726e-22,7.089689999999999603e-01
2.597889999999999944e+01,0.000000000000000000e+00,1.433069999999999899e-01
3.465579999999999927e+01,0.000000000000000000e+00,4.491450000000000303e-02
4.328009999999999735e+01,0.000000000000000000e+00,-2.781080000000000219e+00
4.260810000000000031e+01,-2.960850000000000119e-19,-3.072779999999999845e+00
3.468730000000000047e+01,0.000000000000000000e+00,4.159990000000000215e-02
3.756949999999999790e+01,0.000000000000000000e+00,-7.122209999999999930e-01
3.465189999999999770e+01,0.000000000000000000e+00,-1.789019999999999846e-02
2.651419999999999888e+01,0.000000000000000000e+00,-1.114689999999999995e-03
2.230839999999999890e+01,0.000000000000000000e+00,7.100200000000000088e-04
3.262989999999999924e+01,0.000000000000000000e+00,1.028420000000000029e-01
3.599889999999999901e+01,5.913260000000000034e-19,9.757680000000000575e+00
3.638750000000000284e+01,0.000000000000000000e+00,-1.060629999999999962e+00
2.386479999999999890e+01,0.000000000000000000e+00,7.776840000000000142e-03
4.322259999999999991e+01,2.038360000000000001e-19,4.102710000000000079e+00
3.460940000000000083e+01,0.000000000000000000e+00,1.232530000000000014e-01
3.468289999999999651e+01,0.000000000000000000e+00,4.250700000000000311e-02
4.535239999999999938e+00,0.000000000000000000e+00,-2.441709999999999992e-01
1.602980000000000160e+01,0.000000000000000000e+00,-2.197039999999999882e+00
3.783440000000000225e+01,0.000000000000000000e+00,-2.522440000000000015e+00
3.537230000000000274e+01,0.000000000000000000e+00,9.674549999999999983e+00
1.482419999999999938e+01,0.000000000000000000e+00,-1.764209999999999945e-01
2.343580000000000041e+01,0.000000000000000000e+00,5.273339999999999625e-04
-2.362299999999999844e+00,0.000000000000000000e+00,8.275970000000000548e-02
3.468610000000000326e+01,0.000000000000000000e+00,3.510490000000000138e-02
1.770039999999999836e+01,-3.644689999999999975e-22,2.481360000000000163e-03
3.630980000000000274e+01,0.000000000000000000e+00,-1.276820000000000066e+00
1.935290000000000177e+01,0.000000000000000000e+00,8.542219999999999674e-04
9.322620000000000573e+00,-1.842610000000000243e-18,3.061900000000000066e+00
2.243850000000000122e+01,1.965639999999999672e-20,7.494269999999999543e-01
1.576999999999999957e+01,0.000000000000000000e+00,-1.994499999999999940e+00
3.311280000000000001e+01,0.000000000000000000e+00,1.013050000000000006e+00
3.326010000000000133e+01,0.000000000000000000e+00,3.138799999999999923e-02
1.945339999999999847e+01,0.000000000000000000e+00,2.699140000000000046e-04
-1.839509999999999978e+00,0.000000000000000000e+00,-1.741849999999999996e-02
3.624759999999999849e+01,0.000000000000000000e+00,-3.611299999999999955e+00
2.316570000000000018e+00,0.000000000000000000e+00,-2.299160000000000093e-01
3.407019999999999982e+01,0.000000000000000000e+00,9.129440000000000666e+00
4.456430000000000291e+01,1.607359999999999716e-20,-4.896940000000000320e-02
3.468480000000000274e+01,0.000000000000000000e+00,5.515160000000000201e-02
1.030219999999999914e+01,0.000000000000000000e+00,-1.072929999999999995e-01
2.435549999999999926e+01,0.000000000000000000e+00,4.148269999999999909e-03
3.179639999999999844e+01,-1.210819999999999822e-20,8.720950000000000202e+00
1.251709999999999923e+01,-9.782770000000000832e-19,3.172899999999999832e+00
2.112979999999999858e+00,-4.346019999999999698e-19,1.300070000000000045e-02
3.467360000000000042e+01,0.000000000000000000e+00,3.619549999999999851e-02
3.719599999999999795e+01,0.000000000000000000e+00,1.946410000000000085e-01
3.804379999999999740e+01,1.680500000000000033e-18,6.736769999999999925e+00
1.755000000000000071e+01,0.000000000000000000e+00,8.262239999999999689e-05
1.792839999999999989e+01,0.000000000000000000e+00,1.426930000000000082e-03
9.102320000000000633e+00,1.362549999999999975e-27,5.452529999999999877e-02
3.470459999999999923e+01,0.000000000000000000e+00,4.499689999999999940e-02
3.468619999999999948e+01,0.000000000000000000e+00,4.657170000000000060e-02
2.343730000000000047e+01,0.000000000000000000e+00,5.533899999999999583e-04
4.417300000000000182e+01,-1.405639999999999739e-20,-3.469359999999999892e-03
3.466400000000000148e+01,0.000000000000000000e+00,5.091799999999999798e-02
4.058220000000000027e+01,-3.836769999999999644e-20,2.647450000000000081e+00
3.469270000000000209e+01,0.000000000000000000e+00,5.048819999999999697e-02
1.132190000000000030e+00,0.000000000000000000e+00,-1.338660000000000024e-02
3.145449999999999946e+01,0.000000000000000000e+00,1.555929999999999987e-02
-3.934239999999999959e+00,-1.374720000000000099e-19,2.247200000000000031e-01
2.376729999999999876e+01,0.000000000000000000e+00,9.562350000000000494e-04
4.240709999999999980e+01,-2.566250000000000212e-19,-3.406559999999999810e+00
4.148219999999999885e+01,-2.838039999999999816e-20,-1.178399999999999892e+00
2.133640000000000114e+01,0.000000000000000000e+00,7.584470000000000274e-03
4.020929999999999893e+01,0.000000000000000000e+00,1.308119999999999949e+00
1.013400000000000034e+01,0.000000000000000000e+00,3.672050000000000314e-02
2.658269999999999911e+01,1.479219999999999994e-21,-1.105290000000000106e+00
8.722089999999999677e+00,0.000000000000000000e+00,-1.761540000000000106e+00
3.467589999999999861e+01,0.000000000000000000e+00,3.889229999999999771e-02
-3.325349999999999806e+00,0.000000000000000000e+00,1.539150000000000018e+00
2.389369999999999905e+01,0.000000000000000000e+00,1.111069999999999958e+01
2.886129999999999995e+01,0.000000000000000000e+00,6.321199999999999909e-03
3.725489999999999924e+01,0.000000000000000000e+00,-5.124079999999999746e-01
1.609390000000000143e+01,0.000000000000000000e+00,-1.618900000000000061e-01
3.638459999999999894e+01,4.615189999999999784e-19,9.614390000000000214e+00
4.418569999999999709e+01,0.000000000000000000e+00,3.140639999999999876e+00
2.886939999999999884e+01,0.000000000000000000e+00,2.662010000000000071e-02
4.004619999999999891e+01,0.000000000000000000e+00,4.955309999999999993e-01
3.170250000000000057e+01,0.000000000000000000e+00,5.866600000000000287e-02
1.717689999999999984e+01,0.000000000000000000e+00,1.026260000000000083e+01
2.329579999999999984e+01,-4.732509999999999836e-20,1.098939999999999984e+01
5.161539999999999573e+00,0.000000000000000000e+00,-1.184760000000000035e+00
2.328679999999999950e+01,0.000000000000000000e+00,7.073499999999999927e-03
2.515630000000000166e+01,0.000000000000000000e+00,3.865550000000000149e-04
1.817839999999999989e+01,0.000000000000000000e+00,2.908049999999999915e-04
3.763940000000000197e+01,5.113760000000000656e-24,-4.546139999999999903e-02
3.131599999999999895e+01,0.000000000000000000e+00,-3.776860000000000106e+00
3.468739999999999668e+01,0.000000000000000000e+00,5.244820000000000038e-02
2.580199999999999960e+01,0.000000000000000000e+00,2.199669999999999924e-03
3.461719999999999686e+01,0.000000000000000000e+00,1.322230000000000072e-01
2.110519999999999996e+01,0.000000000000000000e+00,2.427599999999999810e-03
2.482489999999999952e+01,0.000000000000000000e+00,5.357880000000000411e-04
3.899839999999999662e+01,-1.415099999999999848e-21,-1.006669999999999954e+00
2.104769999999999897e+01,0.000000000000000000e+00,7.221480000000000390e-04
3.431499999999999773e+01,0.000000000000000000e+00,4.362160000000000343e-02
3.574450000000000216e+01,1.148760000000000127e-24,-7.280820000000000070e-01
3.040189999999999948e+00,0.000000000000000000e+00,-1.504089999999999927e+00
5.963449999999999918e+00,0.000000000000000000e+00,-1.008180000000000076e+00
4.007300000000000040e+01,0.000000000000000000e+00,-1.931329999999999991e-01
3.355550000000000210e+01,-4.010289999999999792e-21,7.352319999999999744e+00
1.351559999999999917e+01,0.000000000000000000e+00,-2.201830000000000107e-02
-2.271040000000000170e+00,-1.666750000000000202e-18,1.947109999999999896e+00
1.444469999999999921e+01,0.000000000000000000e+00,-1.436399999999999899e+00
7.358609999999999651e+00,0.000000000000000000e+00,-1.747750000000000137e-01
4.438929999999999865e+01,1.395010000000000021e-19,2.400510000000000144e+00
1.102050000000000018e+01,0.000000000000000000e+00,-6.094320000000000292e-02
2.507199999999999918e+01,7.464629999999999569e-21,1.738290000000000113e-01
2.764039999999999964e+01,-8.429959999999999901e-19,1.704939999999999900e+00
3.983590000000000231e+01,-2.292400000000000220e-19,6.712110000000000021e+00
3.249190000000000111e+01,0.000000000000000000e+00,1.010449999999999982e+01
3.466550000000000153e+01,0.000000000000000000e+00,4.435170000000000085e-02
3.468050000000000210e+01,0.000000000000000000e+00,4.579160000000000175e-02
3.732950000000000301e+01,0.000000000000000000e+00,-1.011870000000000047e+00
3.665220000000000056e+01,0.000000000000000000e+00,-5.215699999999999781e-01
5.242959999999999843e-01,8.392460000000000100e-19,5.803289999999999837e-01
-4.271849999999999703e+00,0.000000000000000000e+00,1.931429999999999980e+00
4.310909999999999798e+01,0.000000000000000000e+00,-2.459159999999999791e+00
2.933389999999999986e+01,0.000000000000000000e+00,5.726099999999999593e-03
3.277300000000000324e+01,0.000000000000000000e+00,2.658239999999999909e-02
1.854889999999999972e+01,-3.400409999999999862e-20,1.422700000000000076e+00
3.464350000000000307e+01,0.000000000000000000e+00,1.319460000000000077e-01
1.172439999999999927e+01,-1.887829999999999898e-27,1.719810000000000089e-02
2.908739999999999881e+01,-7.431319999999999951e-19,-2.030400000000000205e+00
2.711789999999999878e+01,0.000000000000000000e+00,4.962919999999999832e-02
1.950570000000000093e+01,0.000000000000000000e+00,1.400879999999999910e-04
3.466599999999999682e+01,0.000000000000000000e+00,4.479659999999999892e-02
3.391100000000000136e+01,0.000000000000000000e+00,3.006980000000000208e-01
3.206909999999999883e+01,0.000000000000000000e+00,2.132090000000000027e-02
3.490939999999999799e+01,0.000000000000000000e+00,-1.201429999999999998e+00
3.300460000000000349e+01,0.000000000000000000e+00,2.845989999999999978e-02
4.342770000000000152e+01,0.000000000000000000e+00,3.755100000000000104e+00
2.299330000000000140e+01,-3.433129999999999936e-26,7.633269999999999778e-01
4.321880000000000166e+01,-1.939640000000000133e-19,9.655059999999999754e-01
2.269699999999999918e+01,0.000000000000000000e+00,7.430779999999999894e-04
3.453960000000000008e+01,0.000000000000000000e+00,6.786599999999999577e-02
3.467830000000000013e+01,0.000000000000000000e+00,2.248959999999999848e-02
3.470600000000000307e+01,0.000000000000000000e+00,5.068090000000000095e-02
3.490789999999999793e+01,1.575949999999999966e-22,4.129360000000000253e-01
2.448580000000000112e+01,0.000000000000000000e+00,7.687640000000000142e-04
1.700769999999999982e+01,0.000000000000000000e+00,3.091870000000000035e-03
1.010389999999999944e+01,0.000000000000000000e+00,3.664959999999999746e-02
3.469350000000000023e+01,0.000000000000000000e+00,6.087200000000000250e-02
3.414250000000000007e+00,0.000000000000000000e+00,-2.820179999999999909e-02
2.576549999999999940e+01,-1.769300000000000140e-19,9.531900000000000261e+00
3.553490000000000038e+01,0.000000000000000000e+00,-1.361730000000000107e+00
3.048059999999999903e+01,0.000000000000000000e+00,1.170560000000000003e-02
3.461540000000000106e+01,-2.687839999999999789e-20,6.542539999999999800e+00
2.985940000000000083e+01,0.000000000000000000e+00,1.265230000000000000e-02
2.702590000000000003e+01,0.000000000000000000e+00,7.769479999999999616e-03
2.873900000000000077e+01,4.100809999999999352e-20,2.376749999999999918e+00
2.945349999999999824e+01,0.000000000000000000e+00,4.870870000000000234e-03
3.604639999999999844e+01,0.000000000000000000e+00,-2.564789999999999903e+00
1.645210000000000150e+01,-1.022850000000000108e-18,6.998700000000000365e+00
3.465699999999999648e+01,0.000000000000000000e+00,1.941080000000000028e-01
3.803659999999999997e+01,0.000000000000000000e+00,-4.000930000000000319e+00
9.570109999999999673e+00,0.000000000000000000e+00,-1.878139999999999921e+00
3.379010000000000247e+01,0.000000000000000000e+00,4.564180000000000320e-02
2.153049999999999997e+01,0.000000000000000000e+00,2.644300000000000036e-03
4.381340000000000146e+01,4.985419999999999330e-20,-5.283889999999999976e-01
3.599139999999999873e+01,0.000000000000000000e+00,-1.110230000000000050e+00
2.070400000000000063e+01,0.000000000000000000e+00,3.143809999999999921e-03
3.428620000000000090e+01,0.000000000000000000e+00,8.401569999999999871e-02
1.387659999999999982e+01,0.000000000000000000e+00,-7.357149999999999801e-03
1.328149999999999942e+01,3.144729999999999708e-27,1.230499999999999927e+00
3.619369999999999976e+01,0.000000000000000000e+00,-2.907639999999999780e+00
3.929260000000000019e+01,2.457989999999999724e-21,-4.779510000000000147e-01
3.458579999999999899e+01,1.045370000000000040e-26,5.535930000000000017e-01
3.468430000000000035e+01,0.000000000000000000e+00,4.285819999999999907e-02
2.976010000000000133e+01,0.000000000000000000e+00,-2.975089999999999790e+00
3.469939999999999714e+01,0.000000000000000000e+00,8.132300000000000639e-02
3.042849999999999966e+01,-1.266279999999999941e-25,2.451859999999999928e+00
3.257180000000000319e+01,0.000000000000000000e+00,5.207060000000000161e-02
2.605160000000000053e+01,1.190079999999999863e-21,4.255910000000000248e-02
2.483139999999999858e+01,0.000000000000000000e+00,5.161389999999999858e-04
3.452190000000000225e+01,0.000000000000000000e+00,-1.866589999999999916e-01
3.021020000000000039e+01,0.000000000000000000e+00,8.304640000000000286e-03
1.818560000000000088e+01,0.000000000000000000e+00,-3.255290000000000017e+00
1.708149999999999835e+01,0.000000000000000000e+00,-2.018279999999999852e+00
2.543240000000000123e+01,0.000000000000000000e+00,4.845480000000000100e-03
4.000350000000000250e+01,1.880989999999999919e-20,-1.460429999999999895e+00
3.083439999999999959e+00,0.000000000000000000e+00,-1.400309999999999888e-01
3.734949999999999903e+01,0.000000000000000000e+00,7.056919999999999860e+00
2.372250000000000192e+00,0.000000000000000000e+00,-1.922079999999999969e-02
1.656800000000000139e+01,0.000000000000000000e+00,-5.859180000000000508e-04
1.100549999999999962e+01,-1.276649999999999963e-19,1.519830000000000014e+00
2.449020000000000152e+01,0.000000000000000000e+00,5.863430000000000204e-04
2.645349999999999824e+01,-1.394810000000000207e-18,1.101099999999999923e+01
2.372629999999999839e+01,-3.568330000000000104e-26,1.323409999999999975e+00
3.463029999999999831e+01,0.000000000000000000e+00,5.114040000000000252e-02
3.044819999999999993e+01,-2.808959999999999857e-26,3.976390000000000202e-01
3.910419999999999874e+01,5.479100000000000181e-20,-3.834229999999999805e+00
4.176420000000000132e-01,6.211220000000000566e-19,6.817459999999999631e-01
3.059809999999999874e+01,0.000000000000000000e+00,4.510220000000000201e-02
9.177670000000000883e+00,0.000000000000000000e+00,-9.366849999999999482e-03
3.028989999999999938e+01,5.740629999999999543e-21,2.763740000000000085e-01
-3.880700000000000038e+00,0.000000000000000000e+00,1.310670000000000002e+00
3.760810000000000031e+01,0.000000000000000000e+00,-2.262180000000000024e-01
3.468299999999999983e+01,0.000000000000000000e+00,4.991790000000000116e-02
4.093569999999999709e+01,-1.550909999999999905e-21,3.029090000000000060e+00
2.268039999999999878e+01,-1.035849999999999983e-26,1.282270000000000076e-01
1.950189999999999912e+01,0.000000000000000000e+00,1.290399999999999978e-04
3.181350000000000122e+01,0.000000000000000000e+00,2.346969999999999959e-02
2.200069999999999837e+01,4.933140000000000083e-18,4.116450000000000387e+00
4.151590000000000202e+01,0.000000000000000000e+00,-1.116449999999999942e+00
-3.476539999999999964e+00,1.570409999999999898e-20,-9.675049999999999276e-03
1.219239999999999924e+01,-3.288379999999999956e-20,-2.713239999999999874e+00
3.896479999999999677e+01,-2.649310000000000022e-21,6.109419999999999851e-01
-1.029220000000000024e+00,1.986270000000000082e-19,7.875360000000000138e-01
9.042070000000000718e+00,0.000000000000000000e+00,1.618689999999999962e+00
1.678290000000000148e+01,2.902230000000000406e-24,4.002330000000000054e-01
3.313349999999999795e+01,0.000000000000000000e+00,4.043200000000000266e-02
3.290879999999999939e+01,0.000000000000000000e+00,2.790099999999999872e-02
-3.618180000000000174e+00,0.000000000000000000e+00,1.222099999999999964e+00
4.147529999999999717e+01,0.000000000000000000e+00,6.254669999999999952e-01
2.977390000000000114e+01,0.000000000000000000e+00,6.689439999999999623e-03
3.452740000000000009e+01,0.000000000000000000e+00,4.501240000000000102e-02
3.470130000000000337e+01,0.000000000000000000e+00,6.309760000000000368e-02
2.158689999999999998e+01,0.000000000000000000e+00,-3.674290000000000056e+00
4.173449999999999704e+01,0.000000000000000000e+00,-3.786680000000000046e+00
2.648359999999999914e+01,0.000000000000000000e+00,6.111430000000000334e-02
3.176780000000000115e+01,-5.811060000000000108e-18,6.135510000000000019e+00
1.565600000000000058e+01,0.000000000000000000e+00,-3.557729999999999834e-03
1.949990000000000023e+01,3.628349999999999530e-27,3.484700000000000131e+00
2.150440000000000040e+01,0.000000000000000000e+00,1.306569999999999954e-03
3.630429999999999779e+01,0.000000000000000000e+00,-3.685410000000000075e+00
2.802110000000000056e+01,-1.974339999999999696e-20,1.299700000000000077e+00
3.752819999999999823e+01,-4.918430000000000391e-24,-4.039889999999999870e-01
1.727809999999999846e+01,0.000000000000000000e+00,1.682490000000000027e-02
3.147469999999999857e+01,0.000000000000000000e+00,3.898870000000000113e-02
2.952909999999999968e+01,0.000000000000000000e+00,4.962560000000000408e-03
3.122790000000000177e+01,0.000000000000000000e+00,6.815209999999999324e-02
3.454249999999999687e+01,-8.025369999999999775e-22,3.332959999999999812e-01
2.409959999999999880e+01,0.000000000000000000e+00,1.322529999999999930e-03
2.839770000000000039e+01,0.000000000000000000e+00,1.407409999999999998e-03
2.940609999999999857e+01,0.000000000000000000e+00,-3.396430000000000060e+00
2.510610000000000142e+01,0.000000000000000000e+00,2.659130000000000001e-03
3.568750000000000000e+01,8.666680000000000228e-22,2.689710000000000156e-01
2.027090000000000103e+01,0.000000000000000000e+00,2.349920000000000134e-03
2.722769999999999868e+01,0.000000000000000000e+00,1.137929999999999996e-04
3.462789999999999679e+01,0.000000000000000000e+00,4.612170000000000158e-02
1.574169999999999980e+01,0.000000000000000000e+00,-3.459090000000000220e-01
2.443710000000000093e+01,0.000000000000000000e+00,1.921259999999999938e-03
2.019040000000000035e+01,0.000000000000000000e+00,3.111099999999999890e-03
2.817630000000000123e+01,0.000000000000000000e+00,4.133719999999999582e-03
8.392699999999999605e+00,0.000000000000000000e+00,-1.443409999999999971e-01
3.332090000000000174e+01,5.821469999999999845e-21,2.857040000000000024e+00
3.569240000000000190e+00,0.000000000000000000e+00,-1.406830000000000025e+00
2.301119999999999877e+01,0.000000000000000000e+00,-1.495300000000000074e+00
1.352120000000000033e+01,0.000000000000000000e+00,-1.695539999999999894e-02
3.905239999999999867e+01,-4.548679999999999900e-21,-2.076230000000000020e-01
-2.484840000000000160e+00,-6.656239999999999075e-20,1.934750000000000081e-01
3.574519999999999698e+01,-3.778360000000000228e-19,9.912169999999999703e+00
3.465039999999999765e+01,0.000000000000000000e+00,4.375260000000000260e-02
6.471470000000000056e+00,0.000000000000000000e+00,1.300390000000000053e-02
1.858820000000000050e+01,0.000000000000000000e+00,-3.222170000000000201e+00
2.982029999999999959e+01,0.000000000000000000e+00,-2.881180000000000074e+00
3.889509999999999934e+01,6.273870000000000190e-19,7.703870000000000218e+00
3.822449999999999903e+01,0.000000000000000000e+00,3.695489999999999942e+00
9.510360000000000369e+00,3.003319999999999682e-27,1.225930000000000075e-02
-4.696930000000000049e+00,0.000000000000000000e+00,9.558130000000000237e-01
2.547520000000000095e+01,-9.114859999999999779e-21,3.256470000000000198e-01
4.218480000000000274e+01,9.355969999999999278e-20,3.622949999999999893e+00
1.894559999999999889e+01,0.000000000000000000e+00,-2.364159999999999873e-01
3.294319999999999915e+00,0.000000000000000000e+00,6.787180000000000435e-01
1.014329999999999998e+01,0.000000000000000000e+00,3.675040000000000251e-02
1.737890000000000157e+01,0.000000000000000000e+00,-4.529759999999999898e-01
3.372420000000000329e+01,0.000000000000000000e+00,8.847929999999999684e-02
3.470060000000000144e+01,0.000000000000000000e+00,2.181609999999999938e-01
3.209740000000000038e+01,0.000000000000000000e+00,6.023490000000000094e-02
4.022619999999999862e+01,0.000000000000000000e+00,5.719120000000000203e+00
3.224900000000000233e+01,2.339629999999999832e-21,1.585739999999999927e-01
3.453079999999999927e+01,0.000000000000000000e+00,6.995379999999999654e-02
1.828890000000000171e+01,0.000000000000000000e+00,-8.383310000000000484e-01
2.339140000000000086e+01,0.000000000000000000e+00,1.109460000000000047e-03
3.925039999999999907e+01,0.000000000000000000e+00,-4.210429999999999673e+00
3.781640000000000157e+01,0.000000000000000000e+00,-8.393030000000000213e-01
3.470839999999999748e+01,0.000000000000000000e+00,5.788979999999999820e-02
3.077400000000000091e+01,-1.529180000000000055e-18,2.184299999999999908e+00
3.468719999999999715e+01,0.000000000000000000e+00,6.178199999999999664e-02
1.438829999999999920e+01,0.000000000000000000e+00,-1.031450000000000075e-02
1.333220000000000027e+01,-3.087599999999999813e-21,2.435249999999999915e-02
3.473149999999999848e-01,0.000000000000000000e+00,-6.376309999999999617e-03
3.300580000000000069e+01,0.000000000000000000e+00,6.311050000000000271e-01
3.467510000000000048e+01,0.000000000000000000e+00,4.394300000000000289e-02
9.264979999999999549e+00,1.631830000000000080e-22,3.385910000000000308e-02
2.589549999999999841e+01,-4.920499999999999584e-21,1.179879999999999957e-01
3.968780000000000197e+00,0.000000000000000000e+00,1.686769999999999936e-01
4.066660000000000252e+01,4.550149999999999820e-19,4.114740000000000286e+00
2.912290000000000134e+01,0.000000000000000000e+00,1.010630000000000035e-02
3.984459999999999980e+01,-4.988920000000000529e-19,7.789270000000000138e+00
1.877909999999999968e+01,0.000000000000000000e+00,6.041910000000000162e-04
-4.711059999999999803e+00,-4.041880000000000174e-19,1.531050000000000022e+00
1.220699999999999896e+00,0.000000000000000000e+00,7.120220000000000438e-01
2.464699999999999847e+01,2.823510000000000259e-19,6.005530000000000257e+00
8.949149999999999494e+00,9.293029999999999432e-20,-1.892560000000000020e+00
-2.298239999999999839e+00,-2.924179999999999776e-21,-3.118799999999999906e-01
2.713680000000000092e+01,0.000000000000000000e+00,3.098130000000000155e-03
1.458949999999999925e+01,0.000000000000000000e+00,-9.817360000000000669e-03
1.723659999999999926e+01,-3.456270000000000141e-25,-1.907949999999999924e-01
3.467750000000000199e+01,0.000000000000000000e+00,3.952250000000000207e-02
3.466470000000000340e+01,0.000000000000000000e+00,4.683140000000000219e-02
1.851399999999999935e+01,6.076869999999999646e-22,8.779310000000000239e-03
2.961149999999999949e+01,-8.203979999999999907e-21,3.728210000000000135e-01
3.467079999999999984e+01,0.000000000000000000e+00,4.128910000000000219e-02
2.229400000000000048e+01,0.000000000000000000e+00,6.896850000000000376e-03
3.283800000000000097e+01,0.000000000000000000e+00,6.691439999999999888e-02
1.993870000000000076e+01,0.000000000000000000e+00,7.132630000000000046e-04
2.922820000000000107e+01,0.000000000000000000e+00,2.724990000000000051e-02
2.849330000000000140e+01,0.000000000000000000e+00,5.358729999999999917e-03
3.338170000000000215e+01,0.000000000000000000e+00,3.219110000000000027e-02
-3.363049999999999873e+00,0.000000000000000000e+00,-2.961340000000000153e-02
2.944569999999999865e+01,0.000000000000000000e+00,4.360950000000000243e-02
3.295850000000000080e+01,0.000000000000000000e+00,-4.093090000000000117e+00
2.909349999999999881e+01,-1.969089999999999702e-20,3.603639999999999954e+00
1.936459999999999937e+01,0.000000000000000000e+00,1.013369999999999926e+01
2.339720000000000155e+01,0.000000000000000000e+00,1.930239999999999951e-03
6.514959999999999640e-01,0.000000000000000000e+00,-2.972249999999999892e-02
3.463859999999999673e+01,0.000000000000000000e+00,5.058449999999999752e-02
-5.878790000000000404e-01,0.000000000000000000e+00,1.731189999999999951e-01
1.689280000000000115e+01,0.000000000000000000e+00,2.072000000000000057e-03
2.882250000000000156e+01,0.000000000000000000e+00,7.300680000000000364e-03
3.483800000000000097e+01,-6.043859999999999701e-22,6.644499999999999851e-01
2.005720000000000169e+01,0.000000000000000000e+00,-1.228129999999999944e+00
3.762980000000000302e+01,0.000000000000000000e+00,-3.935109999999999886e+00
3.494350000000000023e+01,-1.660379999999999865e-22,1.489640000000000075e+00
3.850950000000000273e+01,0.000000000000000000e+00,-3.776780000000000026e+00
3.467210000000000036e+01,0.000000000000000000e+00,4.341790000000000233e-02
2.426889999999999858e+01,6.602850000000000636e-26,1.554540000000000033e+00
3.280369999999999919e+01,0.000000000000000000e+00,3.641479999999999717e-02
1.687399999999999878e+01,6.310800000000000866e-25,7.698140000000000017e-03
1.013569999999999993e+01,0.000000000000000000e+00,3.672559999999999714e-02
1.764600000000000080e+01,0.000000000000000000e+00,7.765079999999999726e-04
1.341269999999999918e+01,0.000000000000000000e+00,-8.730400000000000382e-01
5.109670000000000378e+00,0.000000000000000000e+00,-1.391880000000000027e-02
3.470239999999999725e+01,0.000000000000000000e+00,6.738220000000000320e-02
2.405870000000000175e+01,0.000000000000000000e+00,2.472590000000000204e-03
3.829829999999999757e+01,-4.787680000000000281e-19,-4.149409999999999599e+00
2.620410000000000039e+01,0.000000000000000000e+00,3.629050000000000331e-02
3.898510000000000275e+01,0.000000000000000000e+00,6.901889999999999858e+00
9.966310000000000002e+00,0.000000000000000000e+00,3.642080000000000317e-02
3.013550000000000040e+01,0.000000000000000000e+00,6.727170000000000094e-01
4.238009999999999877e+01,-2.810019999999999623e-20,2.121910000000000185e+00
1.272359999999999935e+01,1.635789999999999999e-27,1.977280000000000010e-02
1.925560000000000116e+01,3.084449999999999576e-20,1.089310000000000000e+00
4.263490000000000180e+01,-2.847619999999999595e-20,1.003249999999999975e+00
1.412650000000000006e+01,0.000000000000000000e+00,-1.091529999999999889e+00
-3.266570000000000196e+00,-9.827760000000000467e-19,2.271949999999999914e+00
3.448109999999999786e+01,0.000000000000000000e+00,1.859210000000000029e-01
1.094100000000000072e+01,0.000000000000000000e+00,-3.400029999999999719e-02
3.827170000000000272e+01,0.000000000000000000e+00,2.788410000000000055e-01
2.502110000000000056e+01,0.000000000000000000e+00,4.429229999999999556e+00
3.497509999999999764e+01,0.000000000000000000e+00,3.743049999999999988e-01
3.781110000000000326e+01,8.370899999999999225e-22,-3.983389999999999986e+00
3.356080000000000041e+01,-7.029330000000000020e-19,1.468350000000000044e+00
1.310079999999999956e+01,0.000000000000000000e+00,-1.026139999999999969e-01
4.187100000000000222e+01,0.000000000000000000e+00,3.907480000000000064e+00
3.464390000000000214e+01,0.000000000000000000e+00,1.226220000000000088e-03
9.347670000000000812e+00,0.000000000000000000e+00,-1.002830000000000041e-02
3.175669999999999860e+01,0.000000000000000000e+00,1.820859999999999840e-02
3.931799999999999784e+01,0.000000000000000000e+00,2.191819999999999879e+00
-2.989409999999999901e+00,0.000000000000000000e+00,8.254439999999999555e-01
3.459729999999999706e+01,0.000000000000000000e+00,4.649160000000000098e-02
3.465330000000000155e+01,0.000000000000000000e+00,-1.242689999999999940e-02
2.468100000000000094e+01,-6.225820000000000244e-25,4.636230000000000212e-02
2.517150000000000176e+01,0.000000000000000000e+00,4.645380000000000169e-04
4.115400000000000347e+01,6.379960000000000216e-19,-3.930860000000000021e+00
3.678540000000000276e+01,0.000000000000000000e+00,-3.661630000000000162e+00
3.469500000000000028e+01,0.000000000000000000e+00,5.378120000000000123e-02
1.921340000000000003e+01,0.000000000000000000e+00,2.102599999999999955e-02
3.470550000000000068e+01,0.000000000000000000e+00,8.673930000000000529e-02
3.468019999999999925e+01,0.000000000000000000e+00,4.447299999999999864e-02
4.276219999999999999e+01,0.000000000000000000e+00,-1.449619999999999909e+00
2.885109999999999886e+01,0.000000000000000000e+00,7.300520000000000342e-01
1.604250000000000043e+01,-4.277239999999999902e-23,-4.515550000000000119e-02
3.460979999999999990e+01,0.000000000000000000e+00,1.645210000000000006e-01
-2.097620000000000040e+00,0.000000000000000000e+00,2.613940000000000152e-01
2.771229999999999905e+01,0.000000000000000000e+00,7.947450000000000001e-03
1.378720000000000034e+01,1.726179999999999892e-22,1.226119999999999988e-02
3.447809999999999775e+01,7.979499999999999849e-27,4.238140000000000240e-01
3.467079999999999984e+01,0.000000000000000000e+00,3.879339999999999872e-02
3.164549999999999841e+01,-1.979779999999999739e-20,5.417279999999999873e+00
3.541879999999999740e+01,0.000000000000000000e+00,9.950789999999999580e+00
2.152929999999999922e+01,0.000000000000000000e+00,2.508709999999999933e-03
2.564829999999999899e+01,-2.690469999999999918e-21,4.222769999999999996e-02
2.989499999999999957e+01,0.000000000000000000e+00,1.173090000000000070e-02
1.686499999999999844e+01,0.000000000000000000e+00,1.768720000000000101e-04
3.465579999999999927e+01,0.000000000000000000e+00,2.909609999999999974e-02
3.763700000000000045e+01,1.943450000000000095e-19,-3.656260000000000066e+00
2.290040000000000120e+01,1.448850000000000191e-26,3.089810000000000126e-02
3.469210000000000349e+01,0.000000000000000000e+00,4.436310000000000253e-02
2.264440000000000097e+01,2.779940000000000229e-26,2.765690000000000093e-01
3.463969999999999771e+01,0.000000000000000000e+00,5.029990000000000155e-02
-2.438190000000000079e+00,0.000000000000000000e+00,-2.554130000000000011e-01
-1.672090000000000076e+00,0.000000000000000000e+00,5.570260000000000211e-01
2.686420000000000030e+01,2.374649999999999989e-27,6.296930000000000582e-02
2.053650000000000020e+01,0.000000000000000000e+00,2.241020000000000035e-04
3.057120000000000104e+01,0.000000000000000000e+00,1.775289999999999854e-02
3.959479999999999933e+01,9.014809999999998901e-21,-1.741900000000000004e+00
3.464159999999999684e+01,0.000000000000000000e+00,-3.809219999999999967e-02
3.464920000000000044e+01,0.000000000000000000e+00,2.469160000000000105e-02
2.835790000000000077e+01,0.000000000000000000e+00,1.115859999999999942e-02
3.086380000000000123e+01,0.000000000000000000e+00,1.316810000000000029e-02
2.058909999999999840e+01,0.000000000000000000e+00,4.417810000000000313e-03
3.547749999999999915e+01,0.000000000000000000e+00,-1.628200000000000092e+00
1.250919999999999987e+01,0.000000000000000000e+00,-6.162029999999999764e-03
2.608920000000000172e+01,0.000000000000000000e+00,2.237629999999999827e-02
3.915469999999999828e+01,-1.103929999999999865e-20,2.986860000000000070e+00
1.730930000000000035e+01,0.000000000000000000e+00,6.823909999999999655e-04
-3.465939999999999799e+00,0.000000000000000000e+00,7.844729999999999759e-01
1.083189999999999920e+01,0.000000000000000000e+00,-7.228309999999999944e-03
-3.079670000000000130e+00,0.000000000000000000e+00,2.284520000000000106e+00
1.751630000000000109e+01,2.641539999999999720e-27,2.896680000000000088e-02
4.076830000000000354e+01,-5.748660000000000540e-19,6.732540000000000191e+00
3.472630000000000194e+01,0.000000000000000000e+00,1.703000000000000069e-01
2.606609999999999872e+01,1.528349999999999869e-21,6.089399999999999674e-02
3.364059999999999917e+01,2.777539999999999865e-27,2.951840000000000019e-01
2.795949999999999847e+01,0.000000000000000000e+00,7.543299999999999962e-04
3.609530000000000172e+01,0.000000000000000000e+00,-3.368409999999999904e+00
4.011099999999999888e+00,-4.073399999999999986e-27,1.252819999999999975e-02
3.396490000000000009e+01,-7.923030000000000149e-26,3.388209999999999944e+00
4.044559999999999889e+01,1.098930000000000168e-18,-4.061359999999999637e+00
3.461140000000000327e+01,0.000000000000000000e+00,5.318370000000000042e-02
4.208330000000000126e+01,0.000000000000000000e+00,6.094879999999999853e+00
3.094190000000000040e+01,0.000000000000000000e+00,2.045189999999999855e-02
3.301059999999999661e+01,0.000000000000000000e+00,2.850659999999999999e-02
3.942130000000000223e+01,0.000000000000000000e+00,5.359560000000000102e+00
3.895250000000000057e+01,2.026800000000000262e-19,1.319339999999999957e+00
3.405169999999999675e+01,-6.731090000000000404e-19,9.686500000000000554e+00
1.120049999999999990e+01,0.000000000000000000e+00,-2.093480000000000008e+00
4.282670000000000243e+01,1.791900000000000216e-19,-2.226269999999999971e+00
3.229719999999999658e+01,-1.397359999999999967e-20,6.124410000000000132e-01
3.827400000000000091e+01,0.000000000000000000e+00,5.562839999999999563e+00
2.729619999999999891e+01,0.000000000000000000e+00,4.540980000000000016e-04
2.000880000000000081e+01,0.000000000000000000e+00,2.677830000000000076e-04
3.358850000000000335e+01,0.000000000000000000e+00,8.562400000000000233e+00
4.211889999999999645e+01,-5.151349999999999901e-22,1.171380000000000088e+00
3.452120000000000033e+01,3.066299999999999969e-22,1.607099999999999973e+00
2.973349999999999937e+01,0.000000000000000000e+00,5.519120000000000276e-02
3.448660000000000281e+01,-2.753610000000000153e-19,9.476020000000000110e+00
-1.822840000000000016e+00,0.000000000000000000e+00,1.670949999999999935e+00
2.503529999999999944e+01,0.000000000000000000e+00,2.629079999999999750e-01
4.009089999999999598e+00,-4.907109999999999301e-20,-1.531500000000000083e+00
3.284590000000000032e+01,0.000000000000000000e+00,6.580959999999999588e-02
7.047109999999999985e+00,1.084000000000000146e-20,6.258000000000000229e-01
3.513259999999999650e+01,3.066700000000000310e-19,-1.216509999999999980e+00
4.373969999999999914e+01,0.000000000000000000e+00,2.496179999999999843e+00
2.059969999999999857e+00,0.000000000000000000e+00,-5.087620000000000475e-01
3.030539999999999878e+01,-2.370660000000000065e-22,-1.211079999999999934e+00
2.431080000000000041e+01,0.000000000000000000e+00,5.487380000000000035e-03
2.731879999999999953e+01,0.000000000000000000e+00,1.054300000000000029e-02
3.367090000000000316e+01,0.000000000000000000e+00,3.530260000000000342e-02
9.679460000000000619e+00,0.000000000000000000e+00,1.166189999999999935e-02
3.390460000000000140e-01,0.000000000000000000e+00,-6.343039999999999790e-02
4.060470000000000113e+01,-2.500200000000000282e-19,5.875009999999999621e+00
1.665690000000000026e+01,0.000000000000000000e+00,-7.973340000000000202e-04
3.466179999999999950e+01,0.000000000000000000e+00,3.203170000000000323e-02
3.466149999999999665e+01,0.000000000000000000e+00,7.951220000000000510e-02
-4.273780000000000356e+00,-6.310870000000000350e-22,1.096379999999999910e+00
3.468189999999999884e+01,0.000000000000000000e+00,2.279360000000000067e-02
3.362180000000000035e+01,-1.282739999999999859e-20,8.722299999999999498e-01
3.467869999999999919e+01,0.000000000000000000e+00,4.577939999999999787e-02
6.625980000000000203e-01,0.000000000000000000e+00,-1.413959999999999939e-01
1.680750000000000099e+01,-6.966629999999999769e-19,8.470430000000000348e+00
2.267820000000000036e+01,0.000000000000000000e+00,4.529959999999999976e-04
1.040959999999999930e+01,0.000000000000000000e+00,-2.604270000000000085e+00
4.401239999999999952e+01,0.000000000000000000e+00,2.665230000000000210e+00
3.715220000000000056e+01,0.000000000000000000e+00,-2.773719999999999963e+00
4.142470000000000141e+01,-5.642039999999999435e-21,-1.888759999999999883e-01
3.639200000000000301e+01,0.000000000000000000e+00,6.444009999999999572e+00
1.437250000000000050e+01,0.000000000000000000e+00,-1.031329999999999920e-02
3.464189999999999969e+01,0.000000000000000000e+00,4.870410000000000017e-02
1.594110000000000049e+01,0.000000000000000000e+00,-6.686549999999999994e-01
2.911189999999999856e+01,0.000000000000000000e+00,-4.565940000000000332e+00
3.464489999999999981e+01,0.000000000000000000e+00,4.680569999999999869e-02
3.437850000000000250e+01,0.000000000000000000e+00,4.891600000000000115e-02
2.962559999999999860e+01,0.000000000000000000e+00,2.531419999999999851e-02
1.743049999999999855e+01,0.000000000000000000e+00,-9.396609999999999685e-01
1.981599999999999895e+01,-5.967149999999999589e-25,-5.732699999999999463e-01
2.381719999999999970e+01,0.000000000000000000e+00,9.187100000000000127e-03
1.633020000000000138e+01,0.000000000000000000e+00,-2.892089999999999939e-01
3.355550000000000210e+01,0.000000000000000000e+00,1.050380000000000091e+00
3.466129999999999711e+01,0.000000000000000000e+00,4.062690000000000051e-02
2.519800000000000040e+01,0.000000000000000000e+00,1.273310000000000067e-02
3.446940000000000026e+01,0.000000000000000000e+00,4.584300000000000180e-02
3.467309999999999803e+01,0.000000000000000000e+00,3.994600000000000234e-02
3.467860000000000298e+01,0.000000000000000000e+00,2.120140000000000080e-01
-4.144680000000000142e+00,-1.656580000000000048e-19,7.309670000000000334e-01
2.231559999999999988e+01,0.000000000000000000e+00,1.185059999999999933e-03
3.796770000000000067e+01,0.000000000000000000e+00,-9.016459999999999475e-01
4.097399999999999665e+01,0.000000000000000000e+00,-2.097799999999999943e-01
4.119219999999999970e+01,-2.547049999999999959e-19,-3.240409999999999791e+00
2.843659999999999854e+01,0.000000000000000000e+00,1.158519999999999994e+00
3.089339999999999975e+01,-2.183640000000000192e-18,9.121150000000000091e+00
3.485040000000000049e+01,-6.783340000000000010e-22,7.850749999999999673e-01
3.441760000000000019e+01,0.000000000000000000e+00,4.345729999999999732e-02
3.469120000000000203e+01,0.000000000000000000e+00,9.118189999999999629e-02
3.480660000000000309e+01,0.000000000000000000e+00,4.488710000000000200e-01
3.465319999999999823e+01,0.000000000000000000e+00,-5.701689999999999710e-03
2.543969999999999843e+01,0.000000000000000000e+00,6.954369999999999996e-02
3.468460000000000321e+01,0.000000000000000000e+00,4.484799999999999898e-02
2.734939999999999927e+01,0.000000000000000000e+00,8.805510000000000767e-03
1.761560000000000059e+01,3.278210000000000021e-25,-2.457429999999999892e-01
3.467150000000000176e+01,0.000000000000000000e+00,8.158150000000000124e-02
2.461710000000000065e+01,3.456549999999999578e-20,1.909780000000000033e+00
2.099780000000000157e+01,0.000000000000000000e+00,1.076320000000000054e-02
3.463089999999999691e+01,0.000000000000000000e+00,1.087950000000000028e-02
-1.309479999999999977e+00,2.504769999999999901e-20,-4.595540000000000180e-01
3.038050000000000139e+01,0.000000000000000000e+00,1.182339999999999954e-02
2.513619999999999877e+01,0.000000000000000000e+00,1.768709999999999944e-03
1.950469999999999970e+01,0.000000000000000000e+00,-8.925720000000000320e-01
3.426089999999999947e+01,0.000000000000000000e+00,4.404340000000000338e-02
2.650169999999999959e+01,0.000000000000000000e+00,1.861370000000000038e-02
3.462559999999999860e+01,0.000000000000000000e+00,4.557200000000000140e-02
8.316069999999999851e+00,0.000000000000000000e+00,-1.523700000000000054e+00
3.466839999999999833e+01,0.000000000000000000e+00,8.509629999999999972e-02
4.096589999999999776e+01,7.651729999999999449e-20,-1.430930000000000035e+00
3.464430000000000121e+01,0.000000000000000000e+00,4.755899999999999711e-02
2.040240000000000009e+01,4.281619999999999687e-25,-5.597220000000000528e-01
3.774159999999999826e+01,0.000000000000000000e+00,1.408179999999999987e+00
2.823470000000000013e+01,0.000000000000000000e+00,1.958500000000000171e-02
2.892449999999999832e+01,0.000000000000000000e+00,5.110049999999999662e-03
1.551190000000000069e+01,0.000000000000000000e+00,-9.153340000000000087e-02
3.917229999999999990e+01,0.000000000000000000e+00,9.531859999999999777e-01
-2.832479999999999887e+00,0.000000000000000000e+00,1.620549999999999935e+00
3.570660000000000167e+01,0.000000000000000000e+00,3.329000000000000181e+00
2.513990000000000080e+01,0.000000000000000000e+00,1.661670000000000074e-03
2.578140000000000143e+01,2.947349999999999776e-21,-3.075439999999999952e+00
1.420800000000000018e+01,0.000000000000000000e+00,-1.622120000000000006e+00
1.529579999999999984e+01,0.000000000000000000e+00,-9.521599999999999508e-02
4.217860000000000298e+01,-1.987559999999999855e-20,1.612249999999999961e+00
1.797830000000000084e+01,0.000000000000000000e+00,-2.613129999999999953e+00
3.468730000000000047e+01,0.000000000000000000e+00,4.428780000000000217e-02
4.268439999999999657e+01,3.103350000000000034e-19,4.571229999999999905e+00
3.748680000000000234e+01,0.000000000000000000e+00,5.881680000000000241e+00
1.674239999999999995e+01,-5.479340000000000305e-18,1.744289999999999896e+00
4.263900000000000290e+01,-3.658659999999999769e-20,-8.734800000000000342e-01
3.796029999999999660e+01,0.000000000000000000e+00,-2.571009999999999796e+00
3.461180000000000234e+01,-4.426619999999999585e-22,1.005279999999999951e+00
3.462140000000000128e+01,0.000000000000000000e+00,9.631280000000000396e-02
3.660920000000000130e+01,2.282470000000000382e-18,6.627360000000000362e+00
3.463960000000000150e+01,0.000000000000000000e+00,1.111110000000000014e-01
3.472910000000000252e+01,0.000000000000000000e+00,5.966649999999999732e-02
6.435660000000000380e+00,0.000000000000000000e+00,1.260000000000000009e-02
3.401860000000000106e+00,1.651249999999999928e-19,-6.975259999999999794e-01
3.957759999999999678e+01,-8.681749999999999338e-22,4.849209999999999909e-01
2.693619999999999948e+01,-6.592639999999999804e-19,1.121710000000000029e+01
2.647400000000000020e+01,-1.016659999999999973e-25,1.656849999999999934e+00
1.586560000000000059e+01,0.000000000000000000e+00,-1.868080000000000018e-01
3.401460000000000150e+01,0.000000000000000000e+00,4.124060000000000226e-02
1.147180000000000000e+01,0.000000000000000000e+00,-1.738719999999999988e-01
4.307399999999999807e+01,0.000000000000000000e+00,7.815060000000000340e-01
3.448899999999999721e+01,-1.751789999999999792e-21,2.137149999999999883e-01
2.718909999999999982e+01,0.000000000000000000e+00,1.231040000000000051e-01
2.452890000000000015e+00,0.000000000000000000e+00,-1.260820000000000052e+00
3.236930000000000263e+01,0.000000000000000000e+00,7.911749999999999339e-02
3.467770000000000152e+01,0.000000000000000000e+00,4.230099999999999832e-02
6.373649999999999594e+00,0.000000000000000000e+00,1.197570000000000058e-02
3.446459999999999724e+01,1.911469999999999892e-21,4.851639999999999842e-01
6.393640000000000434e+00,0.000000000000000000e+00,1.216919999999999981e-02
2.414699999999999847e+01,0.000000000000000000e+00,5.982700000000000301e-04
1.653290000000000148e+01,0.000000000000000000e+00,-2.229659999999999975e-02
2.226940000000000097e+01,0.000000000000000000e+00,5.283459999999999589e-04
3.606680000000000064e+01,0.000000000000000000e+00,-1.929540000000000033e+00
3.266310000000000002e+01,-9.386489999999999254e-21,1.269810000000000105e+00
3.000489999999999924e+01,0.000000000000000000e+00,2.594439999999999941e-02
1.195570000000000022e+01,0.000000000000000000e+00,4.482379999999999698e-02
4.303889999999999816e+01,0.000000000000000000e+00,3.616249999999999964e+00
2.962199999999999989e+01,0.000000000000000000e+00,8.240400000000000155e-03
2.829360000000000142e+01,0.000000000000000000e+00,1.903519999999999908e-03
2.503419999999999845e+01,0.000000000000000000e+00,3.634729999999999794e+00
2.751439999999999841e+01,0.000000000000000000e+00,2.319920000000000055e-03
2.152530000000000143e+01,0.000000000000000000e+00,2.250960000000000200e-03
3.898449999999999971e+00,0.000000000000000000e+00,-2.763420000000000112e-02
3.455319999999999681e+01,5.175559999999999665e-22,8.290499999999999536e-01
3.441980000000000217e+01,0.000000000000000000e+00,4.546439999999999593e+00
1.093369999999999997e+01,0.000000000000000000e+00,-1.833319999999999950e-01
1.588199999999999967e+01,0.000000000000000000e+00,-3.259119999999999795e+00
4.052499999999999858e+01,0.000000000000000000e+00,-2.657109999999999861e+00
2.030949999999999989e+01,0.000000000000000000e+00,1.992900000000000140e-03
3.466830000000000211e+01,0.000000000000000000e+00,4.467669999999999975e-02
3.421020000000000039e+01,0.000000000000000000e+00,5.047209999999999891e-02
1.319149999999999956e+01,0.000000000000000000e+00,-5.446680000000000271e-02
-5.109899999999999665e+00,1.640799999999999967e-18,9.695169999999999622e-01
3.629899999999999949e+01,0.000000000000000000e+00,-1.802859999999999907e+00
3.458229999999999649e+01,0.000000000000000000e+00,8.762190000000000256e-02
2.380199999999999960e+01,0.000000000000000000e+00,6.095589999999999620e+00
2.816359999999999886e+01,0.000000000000000000e+00,9.849589999999999179e+00
2.644160000000000110e+01,0.000000000000000000e+00,6.774180000000000312e+00
3.465240000000000009e+01,0.000000000000000000e+00,5.700759999999999855e-02
-2.135440000000000005e+00,-1.504240000000000076e-23,7.902229999999999671e-03
3.463799999999999812e+01,0.000000000000000000e+00,2.084350000000000092e-02
3.285220000000000340e+01,0.000000000000000000e+00,4.040729999999999933e+00
3.455680000000000263e+01,0.000000000000000000e+00,4.489239999999999897e-02
1.825039999999999907e+01,0.000000000000000000e+00,5.725860000000000097e-05
2.173579999999999846e+00,0.000000000000000000e+00,-2.927750000000000144e-02
3.465950000000000131e+01,0.000000000000000000e+00,3.111929999999999905e-02
2.413769999999999882e+01,0.000000000000000000e+00,7.245249999999999520e-04
3.234270000000000067e+01,-3.367499999999999660e-22,1.731330000000000036e+00
3.940149999999999864e+01,4.041259999999999759e-20,4.168750000000000178e+00
2.720039999999999836e+01,6.748069999999999809e-21,3.649279999999999746e-01
2.412580000000000169e+01,0.000000000000000000e+00,-3.358309999999999906e+00
3.471020000000000039e+01,0.000000000000000000e+00,-6.569740000000000128e-03
2.510219999999999985e+01,0.000000000000000000e+00,2.779919999999999961e-03
1.012100000000000044e+01,0.000000000000000000e+00,3.668620000000000214e-02
4.100019999999999953e+01,-9.725640000000000594e-22,5.264079999999999870e-01
2.928539999999999921e+01,0.000000000000000000e+00,7.607580000000000071e-03
-7.027799999999999325e-02,0.000000000000000000e+00,-8.851549999999999696e-02
1.786089999999999955e+00,0.000000000000000000e+00,-5.454980000000000384e-01
3.529399999999999693e+01,-3.416430000000000259e-19,9.469620000000000815e+00
3.463490000000000180e+01,0.000000000000000000e+00,5.419639999999999874e-02
3.470920000000000272e+01,0.000000000000000000e+00,3.869840000000000085e-02
3.852259999999999707e+01,9.296379999999999080e-22,5.950980000000000381e+00
2.483190000000000097e+01,0.000000000000000000e+00,5.164240000000000280e-04
-2.709960000000000147e+00,0.000000000000000000e+00,1.806499999999999995e+00
3.187440000000000140e+01,1.302849999999999816e-20,4.963159999999999794e-01
-2.495150000000000201e+00,0.000000000000000000e+00,2.008059999999999956e+00
9.407920000000000726e+00,0.000000000000000000e+00,-2.450019999999999865e+00
2.355750000000000099e+01,0.000000000000000000e+00,5.233829999999999733e-02
2.888879999999999981e+01,4.611180000000000282e-22,1.099370000000000047e+01
2.719640000000000057e+01,0.000000000000000000e+00,1.288499999999999932e-03
1.251319999999999943e+01,0.000000000000000000e+00,-1.105410000000000004e-01
2.757189999999999941e+01,0.000000000000000000e+00,7.580940000000000012e+00
-3.411989999999999856e+00,0.000000000000000000e+00,1.462329999999999908e+00
4.355270000000000152e+01,-2.467540000000000276e-19,-2.625379999999999825e+00
2.075080000000000169e+01,0.000000000000000000e+00,-7.200550000000000006e-01
4.185860000000000269e+01,-4.129680000000000104e-19,-3.388180000000000192e+00
3.937039999999999651e+01,0.000000000000000000e+00,-3.154520000000000102e-01
3.478799999999999670e+01,0.000000000000000000e+00,-6.517019999999999758e-02
4.237720000000000198e+01,0.000000000000000000e+00,-3.474950000000000205e+00
2.686489999999999867e+01,0.000000000000000000e+00,6.231060000000000071e-04
3.424949999999999761e+01,0.000000000000000000e+00,4.416660000000000030e-02
3.433679999999999666e+01,2.435530000000000071e-22,-1.194989999999999997e+00
2.583269999999999911e+01,2.257429999999999820e-20,6.765149999999999775e-01
3.186049999999999827e+01,0.000000000000000000e+00,-2.120359999999999800e+00
-2.298029999999999795e+00,-9.009859999999999905e-21,-1.092820000000000041e-01
4.098890000000000100e+01,-3.158330000000000069e-19,-3.448020000000000085e+00
3.464229999999999876e+01,0.000000000000000000e+00,4.546379999999999866e-02
3.470380000000000109e+01,0.000000000000000000e+00,6.391539999999999722e-02
3.122950000000000159e+01,1.258369999999999859e-20,8.815680000000000405e+00
3.468520000000000181e+01,0.000000000000000000e+00,4.844509999999999789e-02
1.688040000000000163e+01,-3.884919999999999800e-27,2.406649999999999900e-01
2.091369999999999862e+01,-3.156009999999999741e-21,6.503390000000000559e-02
3.469420000000000215e+01,0.000000000000000000e+00,5.551980000000000109e-02
-8.414329999999999865e-01,0.000000000000000000e+00,-6.500270000000000215e-01
3.310510000000000019e+01,0.000000000000000000e+00,-1.783039999999999958e+00
3.470580000000000354e+01,0.000000000000000000e+00,6.775799999999999879e-02
3.196839999999999904e+01,3.568719999999999990e-19,-5.583970000000000322e-01
3.466259999999999764e+01,0.000000000000000000e+00,4.295329999999999981e-02
4.096929999999999694e+01,-6.140769999999999364e-21,7.572039999999999882e-01
2.355610000000000070e+01,-1.306139999999999986e-21,-9.061420000000000030e-01
3.808679999999999666e+01,0.000000000000000000e+00,-4.382439999999999891e+00
2.784049999999999869e+01,0.000000000000000000e+00,5.441030000000000172e-02
9.495879999999999654e+00,0.000000000000000000e+00,-1.869629999999999903e+00
3.152449999999999974e+01,0.000000000000000000e+00,1.604519999999999905e-02
3.306600000000000250e+01,-1.348070000000000016e-22,4.189499999999999891e-01
2.752230000000000132e+01,0.000000000000000000e+00,2.111660000000000013e-03
3.887980000000000214e+00,0.000000000000000000e+00,-1.259789999999999965e+00
3.447599999999999909e+01,0.000000000000000000e+00,1.358169999999999933e-01
-1.155350000000000099e+00,4.874530000000000324e-19,1.316149999999999931e+00
3.413000000000000256e+01,3.982629999999999622e-21,1.219510000000000094e+00
3.466360000000000241e+01,0.000000000000000000e+00,4.455390000000000045e-02
2.109659999999999869e+00,0.000000000000000000e+00,-1.768640000000000143e-02
1.750669999999999860e+01,0.000000000000000000e+00,2.154369999999999839e-05
2.475459999999999994e+01,0.000000000000000000e+00,1.614770000000000094e-02
3.470499999999999829e+01,0.000000000000000000e+00,5.277369999999999978e-02
3.951370000000000005e+01,4.462240000000000147e-19,-4.580119999999999969e+00
3.413709999999999667e+01,2.591519999999999978e-27,3.051539999999999808e-01
3.502060000000000173e+01,1.732699999999999900e-20,5.205799999999999983e+00
3.480349999999999966e+01,5.710640000000000747e-26,2.366540000000000088e+00
8.971130000000000493e+00,8.950509999999999271e-20,-1.931650000000000089e+00
-2.382219999999999782e+00,8.321269999999999981e-19,2.057030000000000136e+00
2.053989999999999938e+01,0.000000000000000000e+00,2.230350000000000084e-04
2.261139999999999972e+01,0.000000000000000000e+00,6.284630000000000251e-03
2.311939999999999884e+01,0.000000000000000000e+00,6.964149999999999681e-03
3.586939999999999884e+01,0.000000000000000000e+00,-1.319110000000000005e+00
2.221369999999999933e+01,0.000000000000000000e+00,8.408709999999999796e-03
6.365160000000000373e+00,0.000000000000000000e+00,-1.991100000000000092e+00
3.608829999999999671e+01,0.000000000000000000e+00,7.328350000000000364e+00
2.056470000000000020e+00,0.000000000000000000e+00,-1.743950000000000014e-02
2.284759999999999991e+01,0.000000000000000000e+00,-1.545230000000000103e+00
1.698219999999999885e+01,0.000000000000000000e+00,-7.202330000000000121e-01
3.587480000000000047e+01,0.000000000000000000e+00,-1.366440000000000099e+00
2.169239999999999924e+01,0.000000000000000000e+00,9.745570000000000621e-02
1.440090000000000003e+01,0.000000000000000000e+00,-2.065150000000000041e-01
1.421310000000000073e+01,0.000000000000000000e+00,-3.074290000000000139e-04
2.673219999999999885e+01,0.000000000000000000e+00,5.501129999999999909e-03
2.719859999999999900e+01,2.445240000000000017e-18,-4.330339999999999634e+00
2.397800000000000153e+01,0.000000000000000000e+00,4.561830000000000225e-03
2.361909999999999954e+01,7.408859999999999759e-26,2.376560000000000006e+00
2.449190000000000111e+01,0.000000000000000000e+00,5.690060000000000473e-04
2.068389999999999951e+00,0.000000000000000000e+00,-1.749090000000000020e-02
3.633899999999999864e+01,0.000000000000000000e+00,-2.504830000000000112e+00
1.469940000000000069e+01,0.000000000000000000e+00,-8.486289999999999667e-01
4.900120000000000253e+00,0.000000000000000000e+00,-1.409730000000000011e-02
2.401770000000000138e+01,0.000000000000000000e+00,-2.435119999999999951e+00
1.681739999999999924e+01,0.000000000000000000e+00,6.609729999999999883e+00
1.605529999999999902e+01,0.000000000000000000e+00,9.728149999999999409e+00
4.211399999999999721e+01,0.000000000000000000e+00,-2.969479999999999897e+00
4.116470000000000340e+01,0.000000000000000000e+00,2.743119999999999781e+00
1.554080000000000084e+01,0.000000000000000000e+00,1.234689999999999920e-02
3.463250000000000028e+01,0.000000000000000000e+00,1.273529999999999975e-02
2.447950000000000159e+01,0.000000000000000000e+00,9.099450000000000030e-04
3.922849999999999682e+01,4.083109999999999737e-22,2.930709999999999926e+00
3.555539999999999878e+01,0.000000000000000000e+00,-3.079349999999999810e+00
3.145289999999999964e+01,0.000000000000000000e+00,4.090939999999999854e-02
3.025219999999999843e+01,0.000000000000000000e+00,1.400150000000000006e-02
2.048939999999999984e+01,0.000000000000000000e+00,4.774760000000000072e-04
3.214730000000000132e+01,0.000000000000000000e+00,5.418420000000000181e-02
1.031969999999999921e+01,0.000000000000000000e+00,-5.438220000000000276e-01
9.404569999999999652e+00,-2.660199999999999846e-21,4.369389999999999906e-03
5.708050000000000068e+00,0.000000000000000000e+00,-7.376899999999999569e-01
3.540180000000000149e+01,-2.253389999999999956e-19,-3.740810000000000191e+00
4.840370000000000061e+00,2.457879999999999830e-20,-1.671890000000000098e+00
1.722419999999999973e+01,0.000000000000000000e+00,1.015449999999999990e-03
3.506360000000000099e+01,0.000000000000000000e+00,-2.768720000000000070e+00
-2.073069999999999913e-01,5.801570000000000014e-20,-4.916550000000000087e-01
1.990230000000000032e+01,-8.024689999999999770e-22,9.530359999999999873e-03
4.150240000000000151e+01,2.289310000000000243e-19,2.959020000000000206e+00
1.112449999999999939e+01,0.000000000000000000e+00,6.640119999999999578e+00
9.681860000000000355e+00,1.918270000000000040e-22,3.576300000000000312e-02
3.454619999999999891e+01,1.067419999999999886e-21,2.467439999999999911e-01
1.279209999999999958e+01,0.000000000000000000e+00,-6.343589999999999646e-03
-3.053020000000000067e+00,-6.131789999999999864e-19,2.138669999999999849e+00
3.840789999999999793e+01,0.000000000000000000e+00,-2.693760000000000154e+00
3.239889999999999759e+01,0.000000000000000000e+00,8.876260000000000261e+00
1.901750000000000052e+00,8.608860000000000292e-23,-1.644610000000000169e-02
4.174110000000000298e+01,1.519889999999999920e-19,5.131719999999999615e+00
9.850419999999999732e+00,0.000000000000000000e+00,3.625069999999999681e-02
3.189750000000000085e+01,0.000000000000000000e+00,9.125289999999999790e-02
3.404500000000000171e+01,3.660899999999999939e-23,2.126329999999999887e-01
1.850730000000000075e+01,0.000000000000000000e+00,2.154099999999999938e-03
3.469519999999999982e+01,0.000000000000000000e+00,4.590530000000000305e-02
3.470620000000000260e+01,0.000000000000000000e+00,7.740320000000000533e-02
2.801109999999999900e+01,0.000000000000000000e+00,4.999060000000000482e-04
1.091499999999999915e+01,0.000000000000000000e+00,-2.160909999999999914e-02
1.893270000000000053e+01,0.000000000000000000e+00,-4.741170000000000107e-01
3.462839999999999918e+01,0.000000000000000000e+00,1.722950000000000002e-03
3.171569999999999823e+01,0.000000000000000000e+00,2.571450000000000125e-02
3.457169999999999987e+01,0.000000000000000000e+00,6.077309999999999657e-02
6.421549999999999869e+00,0.000000000000000000e+00,1.244929999999999995e-02
2.561270000000000024e+01,0.000000000000000000e+00,9.890680000000000652e-03
3.464189999999999969e+01,0.000000000000000000e+00,2.332309999999999939e-02
1.882010000000000005e+01,0.000000000000000000e+00,3.965419999999999991e-04
2.970570000000000022e+01,0.000000000000000000e+00,1.948700000000000085e-02
4.241530000000000200e+01,-2.708129999999999832e-20,2.021790000000000198e+00
2.686929999999999907e+01,2.650109999999999847e-20,2.759440000000000115e+00
-4.898410000000000153e+00,0.000000000000000000e+00,6.667340000000000488e-01
1.034980000000000011e+00,0.000000000000000000e+00,-2.521760000000000113e-01
3.442790000000000106e+01,-5.521310000000000154e-23,3.727599999999999802e-01
3.396059999999999945e+01,5.389050000000000275e-22,1.594829999999999970e+00
3.464920000000000044e+01,0.000000000000000000e+00,1.100170000000000037e-01
1.696979999999999933e+01,0.000000000000000000e+00,-4.342340000000000089e-01
3.384989999999999810e+01,0.000000000000000000e+00,3.798050000000000037e-02
3.344539999999999935e+01,0.000000000000000000e+00,3.451429999999999776e-02
1.168570000000000064e+01,0.000000000000000000e+00,-2.240839999999999943e+00
2.797370000000000090e+01,1.898520000000000013e-21,7.054989999999999872e-02
3.461740000000000350e+01,0.000000000000000000e+00,2.768010000000000193e-01
3.404800000000000182e+01,7.727200000000000050e-21,7.238090000000000357e-01
1.406310000000000038e+01,0.000000000000000000e+00,-5.680639999999999995e-02
1.890729999999999933e+01,0.000000000000000000e+00,6.492730000000000430e-05
3.456089999999999662e+01,-1.539849999999999844e-21,8.062939999999999552e-01
3.916989999999999839e+01,5.830349999999999617e-22,-5.907230000000000120e-02
3.403280000000000172e+01,0.000000000000000000e+00,5.052539999999999809e-02
1.428010000000000002e+00,-7.235920000000000451e-23,-1.234530000000000002e-02
9.921239999999999171e+00,0.000000000000000000e+00,-3.566230000000000233e-01
1.932959999999999923e+01,0.000000000000000000e+00,-1.628830000000000000e-01
1.603910000000000124e+01,-5.177360000000000806e-29,2.362059999999999854e-02
3.447919999999999874e+01,0.000000000000000000e+00,-2.344189999999999885e-01
1.490799999999999947e+01,0.000000000000000000e+00,-1.268739999999999868e-01
3.155010000000000048e+01,-8.566479999999999905e-21,6.961100000000000065e-01
2.215919999999999845e+01,0.000000000000000000e+00,1.166030000000000018e-02
3.464600000000000080e+01,0.000000000000000000e+00,4.753960000000000130e-02
1.399310000000000009e+01,9.674989999999999457e-22,4.512809999999999912e-03
3.466029999999999944e+01,0.000000000000000000e+00,4.507549999999999751e-02
2.051970000000000027e+01,0.000000000000000000e+00,2.819799999999999802e-04
3.447890000000000299e+01,0.000000000000000000e+00,4.567539999999999795e-02
1.838870000000000005e+01,0.000000000000000000e+00,1.068560000000000083e-03
2.739959999999999951e+01,0.000000000000000000e+00,6.303429999999999624e-03
3.580980000000000274e+01,0.000000000000000000e+00,-1.088659999999999961e+00
3.920340000000000202e+01,0.000000000000000000e+00,-4.210659999999999847e+00
2.967109999999999914e+01,0.000000000000000000e+00,8.083689999999999279e-03
1.109639999999999960e+00,0.000000000000000000e+00,3.108659999999999896e-02
-4.095069999999999766e+00,-9.592479999999999359e-19,2.023080000000000211e+00
2.099950000000000117e+01,1.203009999999999891e-21,3.509040000000000076e-02
1.616090000000000160e+01,0.000000000000000000e+00,9.824070000000000746e+00
1.969930000000000092e+01,-6.187109999999999363e-21,4.273049999999999571e+00
2.171630000000000038e+01,-1.179269999999999930e-25,2.332669999999999882e-02
2.100600000000000023e+01,0.000000000000000000e+00,2.711570000000000061e-04
3.969310000000000116e+01,4.051669999999999989e-19,5.807890000000000441e+00
2.838729999999999976e+01,0.000000000000000000e+00,1.322349999999999914e-03
1.196219999999999928e+01,0.000000000000000000e+00,-1.076179999999999914e+00
4.295150000000000290e+01,0.000000000000000000e+00,1.983929999999999971e+00
2.685010000000000119e+01,0.000000000000000000e+00,1.222620000000000000e-03
5.883350000000000080e+00,0.000000000000000000e+00,-1.464650000000000007e+00
3.465769999999999840e+01,0.000000000000000000e+00,1.090180000000000038e-01
3.464139999999999731e+01,0.000000000000000000e+00,2.380399999999999877e-02
1.666710000000000136e+01,0.000000000000000000e+00,-2.747280000000000277e-01
3.378529999999999944e+01,2.038160000000000051e-27,5.357499999999999929e+00
3.466420000000000101e+01,0.000000000000000000e+00,2.786490000000000147e-02
3.619610000000000127e+01,0.000000000000000000e+00,8.160930000000000462e+00
2.566349999999999909e+01,6.338769999999999859e-21,1.661910000000000054e-01
2.621920000000000073e+01,0.000000000000000000e+00,-2.292040000000000077e+00
2.150169999999999959e+01,0.000000000000000000e+00,1.203470000000000104e-03
3.469100000000000250e+01,0.000000000000000000e+00,1.025340000000000001e-01
3.465610000000000213e+01,0.000000000000000000e+00,4.436240000000000322e-02
1.947919999999999874e+01,0.000000000000000000e+00,1.552670000000000027e-04
3.464430000000000121e+01,0.000000000000000000e+00,4.603129999999999722e-02
-2.898740000000000205e-01,-1.100180000000000004e-21,-6.494510000000000005e-01
1.416290000000000049e+01,-1.498979999999999947e-22,1.343830000000000024e-02
1.780699999999999861e+01,0.000000000000000000e+00,4.648339999999999937e-03
3.468730000000000047e+01,0.000000000000000000e+00,3.243159999999999793e-02
4.328499999999999659e+01,0.000000000000000000e+00,3.116299999999999848e+00
2.521430000000000149e+01,-2.516009999999999861e-20,6.862359999999999571e-01
1.865159999999999840e+01,0.000000000000000000e+00,1.307900000000000078e-03
1.393829999999999991e+01,0.000000000000000000e+00,-8.311800000000000299e-01
4.183339999999999748e+01,0.000000000000000000e+00,6.454640000000000377e+00
-3.653129999999999988e+00,2.354599999999999914e-20,1.160090000000000079e-02
3.834219999999999828e+01,0.000000000000000000e+00,-1.484870000000000079e-01
3.948810000000000286e+01,0.000000000000000000e+00,-4.406609999999999694e+00
3.398680000000000234e+01,0.000000000000000000e+00,1.705480000000000051e-01
3.422249999999999659e+01,1.069179999999999975e-19,-3.891929999999999890e+00
3.465990000000000038e+01,0.000000000000000000e+00,3.669519999999999726e-02
2.146959999999999980e+01,0.000000000000000000e+00,3.757829999999999764e-04
3.167480000000000118e+01,0.000000000000000000e+00,1.851629999999999943e-02
2.093789999999999907e+01,2.498880000000000056e-26,1.568719999999999892e+00
3.459210000000000207e+01,0.000000000000000000e+00,6.872150000000000425e+00
1.910510000000000019e+01,0.000000000000000000e+00,1.516449999999999916e-02
3.467980000000000018e+01,0.000000000000000000e+00,7.116429999999999978e-02
3.468070000000000164e+01,0.000000000000000000e+00,6.714900000000000035e-02
3.917849999999999966e+01,0.000000000000000000e+00,-2.738020000000000120e+00
2.378109999999999857e+01,0.000000000000000000e+00,1.199820000000000096e-03
3.464690000000000225e+01,0.000000000000000000e+00,1.648180000000000131e-02
2.730999999999999872e+01,1.697980000000000074e-18,1.114250000000000007e+01
2.481309999999999860e+01,0.000000000000000000e+00,1.218109999999999896e-03
6.397429999999999950e+00,0.000000000000000000e+00,1.220650000000000034e-02
3.311500000000000199e+01,2.247819999999999927e-21,-1.198399999999999910e+00
3.742940000000000111e+01,-2.131649999999999759e-20,4.686679999999999957e+00
4.284530000000000172e+01,1.259749999999999984e-21,1.474590000000000067e+00
3.576019999999999754e+01,4.639410000000000068e-19,9.628420000000000201e+00
6.657759999999999678e+00,0.000000000000000000e+00,-3.289090000000000069e-01
1.562579999999999991e+01,0.000000000000000000e+00,-3.534059999999999892e-03
3.469890000000000185e+01,0.000000000000000000e+00,-4.381219999999999906e-04
3.063860000000000028e+01,0.000000000000000000e+00,4.065280000000000282e-02
-2.039899999999999824e+00,-3.575119999999999766e-22,1.644879999999999898e+00
4.203949999999999676e+01,0.000000000000000000e+00,2.784019999999999898e-03
2.699269999999999925e+01,-1.116240000000000026e-25,7.832010000000000360e-01
1.513269999999999982e+01,0.000000000000000000e+00,-2.293429999999999913e-01
2.227870000000000061e+01,0.000000000000000000e+00,-3.102739999999999831e+00
2.041499999999999915e+01,0.000000000000000000e+00,1.063139999999999962e-03
4.203929999999999723e+01,0.000000000000000000e+00,2.259939999999999838e+00
3.470349999999999824e+01,0.000000000000000000e+00,4.986109999999999848e-02
-1.419920000000000071e+00,0.000000000000000000e+00,-1.301869999999999972e-01
4.111030000000000229e+01,3.523500000000000453e-19,5.446579999999999977e+00
1.055680000000000085e+01,0.000000000000000000e+00,5.321250000000000036e+00
2.338400000000000034e+01,0.000000000000000000e+00,-1.856289999999999996e+00
2.376249999999999929e+01,0.000000000000000000e+00,1.556019999999999973e-03
2.839329999999999909e+00,0.000000000000000000e+00,-8.595949999999999772e-03
3.363179999999999836e+01,-6.149739999999999594e-21,1.181040000000000090e+00
3.290079999999999671e+01,0.000000000000000000e+00,3.359070000000000111e-02
-2.135909999999999975e+00,-2.401779999999999816e-21,-1.136550000000000060e-01
6.953079999999999927e+00,0.000000000000000000e+00,-1.387929999999999997e-01
1.951849999999999952e+01,0.000000000000000000e+00,-7.883400000000000407e-01
3.669400000000000261e+01,0.000000000000000000e+00,-2.792190000000000172e+00
5.216849999999999987e+00,0.000000000000000000e+00,-9.444909999999999695e-01
2.577149999999999963e+01,2.959459999999999903e-21,1.052169999999999916e+01
4.246450000000000102e+01,0.000000000000000000e+00,4.039950000000000152e+00
3.466969999999999885e+01,0.000000000000000000e+00,1.476439999999999975e-01
2.045929999999999893e+01,1.853559999999999876e-21,7.727290000000000547e-02
3.864520000000000266e+01,-1.336720000000000041e-19,6.415919999999999845e+00
1.502699999999999925e+01,0.000000000000000000e+00,-1.246680000000000010e-01
3.465959999999999752e+01,0.000000000000000000e+00,2.199869999999999881e-01
2.060190000000000055e+01,0.000000000000000000e+00,1.091240000000000048e-03
3.785909999999999798e+01,0.000000000000000000e+00,-8.580839999999999579e-01
2.888459999999999894e+01,1.785119999999999983e-21,-1.183859999999999912e+00
3.223400000000000176e+01,6.271040000000000263e-26,7.646939999999999849e-01
2.754469999999999885e+01,0.000000000000000000e+00,2.587900000000000200e-01
3.470340000000000202e+01,0.000000000000000000e+00,7.513359999999999483e-02
3.468010000000000304e+01,0.000000000000000000e+00,4.674760000000000026e-02
3.061749999999999972e+01,0.000000000000000000e+00,1.038780000000000085e-02
-3.676149999999999807e+00,-1.853090000000000052e-18,2.193709999999999827e+00
1.629579999999999984e+01,2.852480000000000005e-27,1.506749999999999930e-02
4.366329999999999600e+00,0.000000000000000000e+00,5.666520000000000411e-03
3.472120000000000317e+01,0.000000000000000000e+00,5.422099999999999836e-02
1.134290000000000020e+01,0.000000000000000000e+00,-5.859070000000000250e-02
1.572579999999999956e+01,0.000000000000000000e+00,5.381990000000000052e+00
2.607829999999999870e+01,-9.678540000000000717e-25,4.143150000000000305e-02
1.888269999999999982e+01,-2.487859999999999772e-21,1.125759999999999955e-02
4.207280000000000086e+01,-6.249320000000000193e-19,-3.398109999999999964e+00
2.723750000000000071e+01,0.000000000000000000e+00,-2.780980000000000062e-04
3.982410000000000139e+01,0.000000000000000000e+00,7.518299999999999983e+00
2.576150000000000162e+01,0.000000000000000000e+00,3.590129999999999971e-03
2.411999999999999922e+00,-9.000300000000000172e-19,-3.867009999999999892e-02
4.147169999999999845e+01,0.000000000000000000e+00,6.474339999999999762e+00
3.464609999999999701e+01,0.000000000000000000e+00,4.642729999999999774e-02
4.167069999999999652e+01,0.000000000000000000e+00,-3.087209999999999788e+00
2.867070000000000007e+01,4.362649999999999855e-19,1.117960000000000065e+01
3.306980000000000075e+01,0.000000000000000000e+00,4.383859999999999840e-02
2.188530000000000086e+01,0.000000000000000000e+00,3.554079999999999826e-04
3.369769999999999754e+01,0.000000000000000000e+00,5.057579999999999715e-02
1.925550000000000139e+01,0.000000000000000000e+00,-1.199920000000000098e+00
2.294869999999999877e+01,0.000000000000000000e+00,2.229769999999999842e-03
4.035379999999999967e+01,0.000000000000000000e+00,5.641359999999999708e+00
1.146050000000000013e+00,-9.854850000000001145e-18,3.499740000000000073e-01
3.459420000000000073e+01,0.000000000000000000e+00,4.664150000000000240e-02
2.405199999999999960e+01,0.000000000000000000e+00,1.034960000000000058e+01
1.140329999999999977e+01,2.178120000000000240e-18,4.825590000000000157e-01
4.167609999999999815e+01,0.000000000000000000e+00,1.812780000000000058e+00
2.517370000000000019e+01,0.000000000000000000e+00,5.474990000000000108e-04
3.766749999999999687e+01,6.400029999999999448e-20,3.631829999999999781e-01
4.234960000000000235e+01,0.000000000000000000e+00,-1.687820000000000098e+00
3.462969999999999970e+01,0.000000000000000000e+00,1.021219999999999984e-03
3.470000000000000284e+01,0.000000000000000000e+00,6.207619999999999805e-02
3.917300000000000182e+01,0.000000000000000000e+00,-4.717530000000000334e-02
2.119129999999999825e+01,-4.869329999999999505e-22,8.903009999999999396e-03
7.052810000000000024e+00,0.000000000000000000e+00,-1.560159999999999991e+00
1.639730000000000132e+01,0.000000000000000000e+00,3.119930000000000092e+00
2.187800000000000011e+01,0.000000000000000000e+00,3.585649999999999797e-04
3.434230000000000160e+01,0.000000000000000000e+00,5.141440000000000232e+00
3.462310000000000088e+01,0.000000000000000000e+00,1.121530000000000027e-01
3.698590000000000089e+01,-1.592420000000000152e-18,5.187859999999999694e+00
3.920230000000000103e+01,0.000000000000000000e+00,3.602160000000000029e+00
2.141159999999999997e+01,0.000000000000000000e+00,6.129090000000000232e-04
2.103529999999999944e+01,0.000000000000000000e+00,4.710490000000000228e-04
3.164880000000000138e+01,1.241800000000000052e-20,4.458550000000000013e-01
3.463199999999999790e+01,0.000000000000000000e+00,1.340970000000000009e-02
1.274230000000000018e+01,0.000000000000000000e+00,-3.848670000000000216e-03
2.283330000000000126e+01,1.018940000000000142e-18,1.103490000000000038e+01
8.010540000000000660e+00,0.000000000000000000e+00,-1.913580000000000059e+00
1.668590000000000018e+01,0.000000000000000000e+00,8.371299999999999922e-03
2.637719999999999843e+01,0.000000000000000000e+00,6.191280000000000394e-03
3.467210000000000036e+01,0.000000000000000000e+00,2.179230000000000056e-02
-4.672320000000000029e+00,0.000000000000000000e+00,4.975749999999999895e-01
3.407169999999999987e+01,0.000000000000000000e+00,7.850709999999999633e-01
3.472679999999999723e+01,0.000000000000000000e+00,2.077819999999999945e-01
3.257829999999999870e+01,-1.033729999999999936e-20,1.557970000000000077e+00
2.412790000000000035e+01,0.000000000000000000e+00,9.157189999999999514e-04
2.305940000000000012e+01,0.000000000000000000e+00,4.945680000000000258e-04
1.743919999999999959e+01,0.000000000000000000e+00,2.151859999999999960e-04
1.877690000000000126e+01,0.000000000000000000e+00,1.189100000000000053e-02
3.623550000000000182e+01,0.000000000000000000e+00,-1.014650000000000052e+00
3.430199999999999960e+01,-3.961560000000000313e-26,8.880479999999999485e-01
3.464690000000000225e+01,0.000000000000000000e+00,1.088139999999999941e-02
4.052289999999999992e+01,0.000000000000000000e+00,5.337010000000000254e+00
9.474959999999999383e+00,0.000000000000000000e+00,3.478939999999999810e-02
-3.110510000000000108e+00,0.000000000000000000e+00,2.056260000000000032e-01
1.823580000000000112e+01,0.000000000000000000e+00,8.590660000000000180e-05
1.663729999999999976e+01,0.000000000000000000e+00,-5.546379999999999644e-01
4.308689999999999998e+01,2.201770000000000014e-19,5.014929999999999666e+00
2.789590000000000103e+01,0.000000000000000000e+00,1.975230000000000128e-03
2.584619999999999962e+01,0.000000000000000000e+00,5.818219999999999599e-04
3.470750000000000313e+01,0.000000000000000000e+00,2.360769999999999882e-02
5.012739999999999974e+00,0.000000000000000000e+00,-8.764260000000000383e-01
2.731050000000000111e+01,0.000000000000000000e+00,1.104400000000000000e-02
1.801679999999999993e+01,-2.981339999999999933e-21,6.076870000000000188e-02
4.426339999999999719e+01,-3.920949999999999780e-20,-3.064359999999999862e-01
1.546759999999999913e+01,0.000000000000000000e+00,-1.299909999999999954e-01
2.244500000000000028e+01,2.508339999999999714e-21,9.056069999999999398e-02
3.393710000000000093e+01,0.000000000000000000e+00,-2.204760000000000053e-01
3.464289999999999736e+01,0.000000000000000000e+00,4.759519999999999723e-02
3.465440000000000254e+01,0.000000000000000000e+00,4.371950000000000142e-02
-5.094140000000000335e+00,-7.742190000000000555e-19,1.082740000000000036e+00
3.643950000000000244e+01,0.000000000000000000e+00,-1.110139999999999905e+00
3.196910000000000096e+01,0.000000000000000000e+00,3.413680000000000186e-02
2.619330000000000069e+01,0.000000000000000000e+00,1.606650000000000092e-02
3.854070000000000107e+01,7.068979999999999844e-19,7.410680000000000156e+00
-3.990850000000000009e+00,-1.597380000000000201e-18,3.537069999999999936e-01
3.273780000000000001e+01,0.000000000000000000e+00,3.937290000000000234e-02
2.542739999999999867e+01,0.000000000000000000e+00,1.907599999999999921e-02
-1.775120000000000031e+00,-6.203289999999999831e-19,1.710360000000000102e+00
1.121069999999999922e+01,0.000000000000000000e+00,-1.608150000000000135e-01
2.362330000000000041e+01,-6.172439999999999664e-27,6.646879999999999455e-02
1.945860000000000056e+01,2.070190000000000007e-21,5.023070000000000312e-02
2.224480000000000146e+01,0.000000000000000000e+00,-9.950729999999999853e-01
3.463020000000000209e+01,0.000000000000000000e+00,5.344399999999999845e-02
3.082450000000000045e+01,0.000000000000000000e+00,6.281069999999999709e-01
2.994610000000000127e+01,0.000000000000000000e+00,3.095830000000000110e-02
2.112150000000000194e+00,0.000000000000000000e+00,-1.769969999999999877e-02
3.039280000000000115e+01,0.000000000000000000e+00,9.465940000000000812e-03
2.887719999999999843e+01,0.000000000000000000e+00,5.977930000000000223e-03
3.656620000000000203e+01,0.000000000000000000e+00,-1.232820000000000027e+00
5.382109999999999950e+00,0.000000000000000000e+00,-1.906190000000000051e+00
1.727039999999999864e+01,0.000000000000000000e+00,-7.710909999999999709e-01
1.006279999999999930e+01,0.000000000000000000e+00,3.657389999999999947e-02
3.489489999999999981e+01,0.000000000000000000e+00,7.369149999999999312e-02
1.336170000000000080e+01,0.000000000000000000e+00,-2.877189999999999956e-02
2.482420000000000115e+01,0.000000000000000000e+00,9.332999999999999716e-04
-2.975000000000000089e+00,6.929249999999999163e-20,3.408269999999999911e-01
3.348559999999999803e+01,-3.899820000000000196e-19,1.009360000000000035e+01
2.737669999999999959e+01,0.000000000000000000e+00,-1.230620000000000047e+00
4.062879999999999825e+01,-5.753949999999999483e-20,-1.219729999999999981e+00
3.312149999999999750e+01,0.000000000000000000e+00,7.980600000000000194e-02
2.332430000000000092e+01,0.000000000000000000e+00,2.387639999999999901e-03
3.379650000000000176e+01,-4.113459999999999965e-21,1.299120000000000053e+00
3.608740000000000236e+01,0.000000000000000000e+00,2.859929999999999861e+00
4.120100000000000051e+01,0.000000000000000000e+00,6.024890000000000079e+00
2.227400000000000091e+01,0.000000000000000000e+00,1.044490000000000052e+01
3.139679999999999893e+01,0.000000000000000000e+00,2.519029999999999880e+00
