10.45607185,0.01255193446,0.00243469514
7.244972229,-0.0003147853131,-0.1809866726
0.1758274734,-4.486853413e-06,1.206409434e-05
37.51676178,-0.6843664646,-0.01671577059
8.418701172,0.01006544568,-0.1442214549
24.77460289,0.007454762701,-0.6575290561
60.78209305,-0.8295960426,0.06027643755
19.91749573,-0.4487527907,0.02559698746
96.87451172,-0.07231404632,0.3010063767
42.57862091,0.004619438667,-0.9543091655
34.05926514,-0.6894924045,-0.009754360653
46.23581314,-0.9982374907,0.006717036944
10.65504837,-0.306458056,-0.0003068091755
7.71919775,-0.2098515332,0.003062863369
81.85469055,0.7085760832,0.7010419965
84.01974487,-0.2229013145,-0.4046217501
62.77197266,0.0784123987,-0.754488945
48.59718704,-0.2299527228,0.2648420036
2.819772959,-0.002521980787,0.0087642828
67.54153442,-0.07918936014,-0.8474300504
47.27918243,-0.1400660276,0.290972203
1.006219506,0.0002590051154,-0.0002365142573
20.57870865,-0.1944945455,0.07690479606
13.05764866,-0.3164801896,-0.0009735178319
25.7227478,-0.2577904165,-0.01120815333
76.02105713,0.5746263862,0.4835391045
24.61349297,0.08006851375,-0.03615833074
5.537933826,-0.1122585535,-0.0003378649708
9.238178253,-0.09833647311,0.01635862514
40.3925209,-0.8271422982,0.03639961034
5.057703972,0.0004152211477,0.01852706075
25.7762928,-0.6859244704,0.002155169612
44.09177017,0.03619091213,-0.8791829348
0.4201204479,-8.821075608e-05,0.001019695192
81.60484314,0.2886328399,0.03149425238
5.586890221,-0.0001414830913,-0.1574129313
84.75019836,-0.3789980412,-0.238264367
20.02197075,0.05906498805,-0.2773643732
12.23865795,0.02895780653,-0.04016570002
27.92017937,-0.1711584032,0.14058128
2.856249332,-0.07292559743,-5.084043005e-05
30.91509628,0.01436059736,-0.7538347244
65.53892517,-1.009267807,-0.01872554794
2.963255882,0.001869178959,-0.03007506579
19.7058754,-0.2082859725,-0.007102577947
58.41150284,-0.05703352392,-0.7549045086
13.43456173,-0.3655808866,0.00641044043
0.533611834,-3.248398798e-06,-0.01490443945
56.93160629,0.1884520352,0.435449034
89.49550629,0.4271807969,0.4262292981
26.56730652,-0.6784573197,-0.0002143204911
59.25079727,-0.9415981174,0.0317870006
52.08475113,-0.06331843138,-0.3894921541
23.72946739,-0.001360742259,-0.5660584569
4.165622234,-0.1145049781,-8.865193377e-05
69.51363373,-0.6417147517,0.0936261043
68.59455109,0.205126673,0.4349344969
66.42179871,0.5382440686,0.4059398174
4.180659771,-0.0583544597,0.003156544641
26.9463501,0.05861345306,0.05860922486
3.790260077,-0.003490143456,0.01283793058
47.70036316,0.1983693242,-0.4261527658
44.77853394,-0.01802342199,-0.836791575
0.02849133871,-2.389906228e-07,8.457180201e-08
0.03488654271,5.748593424e-08,-3.346811184e-07
53.59558105,-0.07477624714,0.3282317519
17.58117485,-0.2437188774,0.04680511728
5.693467617,0.007197021507,-0.02045136504
0.07564303279,2.005620627e-05,-2.964979558e-06
21.66314697,-0.2523468733,0.07694994658
64.89750671,0.006985238753,-0.974222362
32.70883179,-0.3458635807,0.1527137905
4.076401711,0.0100741908,-0.004654891789
19.00491714,0.0622298345,-0.08019014448
78.87870789,-0.2997997701,-0.3215086162
0.7589453459,-8.221965254e-05,5.531036368e-05
1.634295821,-0.03735067695,-2.496026354e-05
7.386479855,0.006071717013,-0.01066477038
5.015693188,-0.1527899355,0.0006200126954
3.331505775,-0.06961418688,0.001367922756
88.78108215,0.1973282397,0.2540394664
0.02255913615,-1.098988704e-07,7.008931391e-08
26.12080574,-0.1231689155,0.1203857064
21.29500961,0.07869820297,-0.1021380946
15.65892792,0.008704354055,-0.4171341956
71.53253174,-0.03180997819,-0.8991014957
44.60738373,0.3580901027,0.1792327315
1.566821337,-0.01904516108,-6.04429988e-05
15.93735695,0.03304484487,-0.263233304
0.5182314515,-9.200923159e-06,-0.009088762105
67.24966431,-0.9582926035,-0.002571463352
12.92782307,-0.3500927985,-0.0006725411513
61.16726685,-0.05263410881,-0.8687475324
10.86217308,-0.01085014362,-0.01380378753
101.1446075,0.306895256,-0.07946915925
23.5634346,-0.003010939807,-0.4737237394
101.1654739,0.4046070576,0.3014448285
30.47488403,-0.6981062293,-0.003888808191
51.93707275,0.1700954586,-0.5119893551
66.57362366,-0.1269392967,-0.5901869535
1.634304643,-2.494701948e-05,-0.03734879568
0.2064768672,0.001270470908,-2.366802437e-05
10.84824467,-0.0009524631896,-0.2356692702
0.4391701519,-0.0106774047,4.113926116e-05
88.05058289,-0.1979690045,-0.126181826
5.501787186,0.01903126761,-0.001993986545
5.129000187,0.005363326054,-0.05291077867
23.64727974,-0.001013808884,-0.5846630931
58.67462158,0.04615873471,-0.8898400664
26.12090111,0.1203954071,-0.1231672466
25.00904655,0.04906086624,-0.491117239
5.991251945,0.006788307335,0.00587119814
1.589136481,-0.04913769662,-6.737490367e-06
69.44806671,-0.2156279981,-0.1996497512
50.85104752,-0.02460808866,-0.8250153065
2.72352457,-8.476282346e-06,-0.08510991931
53.46132278,-0.9230807424,0.03861038759
4.035315037,-3.704536721e-05,-0.1230401248
88.00305939,-0.01396259572,-0.1324381083
30.44362068,-0.005403692834,-0.6311924458
0.4677614272,0.001527101034,-0.0001073045569
0.03609521315,5.289232519e-08,7.246951128e-08
0.6978176832,-7.355240814e-05,0.004488199949
28.53549004,0.1326463819,-0.278518796
81.86469269,-0.5339420438,-0.08619293571
14.83424759,-0.0002573757956,-0.4227691591
41.10929871,-0.7290182114,-0.02056682855
3.88859129,-0.1230818406,5.707206583e-05
95.25721741,0.05821763352,0.3174188733
2.803512096,-0.0009641915676,-0.0009639553609
71.38677979,-0.8075416088,-0.09927458316
106.7368774,-0.002145942301,0.02245437168
68.09161377,0.3154038489,-0.0583512336
4.045382977,-0.06952279806,-0.0002584014146
10.4265461,-5.180463631e-05,-0.3100338578
26.97007561,-0.571638763,-0.002988208784
98.41815948,0.3793099225,0.5286389589
38.74572372,-0.8983588219,0.005162508693
65.70508575,-0.45395118,0.1674815416
1.107630968,-0.006652071141,0.0003279169614
1.631383657,-1.419535329e-05,-0.04689292982
1.006219745,-0.0002365159453,0.0002592293604
30.26788902,-0.581911087,-0.006673394237
76.916008,-0.737836957,-0.08931273967
7.386499882,-0.01066351496,0.006073359866
1.571146488,-0.04943447933,-3.207714826e-06
6.05173254,-0.005148651544,-0.005148317665
34.12608337,-0.7310647964,-0.008669835515
5.586937904,-0.1574156731,-0.0001394134015
30.20835114,-0.00245080539,-0.7372387648
80.18742371,-0.1087048054,0.2320485264
1.141779184,0.001231577597,-0.0004773738328
46.39465332,0.2721692622,0.3853991032
77.91404724,0.4466482103,0.2709144652
0.3503090143,-2.389622932e-05,5.612762106e-05
24.31176376,0.05784923583,-0.4339911938
11.74866962,0.00014171972,-0.00678991992
42.01647949,-0.7248834968,0.08036029339
96.13259125,0.2826056778,0.4815944135
2.315662861,-0.00146993692,0.0008891237667
73.46282196,0.1151930094,-0.5172789693
86.34742737,0.05297720805,-0.1638228297
83.75058746,-0.4516448379,-0.1222571507
14.04434109,-0.05506752804,0.03778361529
44.7973938,-0.703507185,0.0990248844
83.75010681,-0.1222621575,-0.4516696334
76.55214691,0.1340589523,0.3803117275
84.7481842,0.5221332312,0.5637509823
85.00488281,0.6759952307,0.6683812141
34.59047699,-0.1530163586,0.2122447044
8.56205368,-0.001538456185,-0.0989478603
25.77604866,0.002149772365,-0.6859275103
1.349955678,0.0002008320735,-0.03264711797
98.61040497,0.5081749558,0.5081890225
13.7952261,0.02533003315,-0.2301685512
41.39740372,-0.8426466584,-0.01606407389
53.94475555,-0.01633429155,-1.01644063
53.68730545,-0.03111741133,-0.844301343
21.29488564,-0.1021411493,0.07868936658
15.31551266,-0.3970523775,-0.001008063555
90.17040253,0.6807983518,0.6931687593
3.995492935,0.003320762888,-0.04086644948
0.1522968411,-2.259947541e-05,0.000508811092
50.52334595,-0.1074173003,0.3107051253
7.372762203,-0.1696067601,0.004963702057
0.8025735617,-6.1982646e-05,7.610190096e-06
54.77745819,0.2897190452,-0.1781849712
25.42680168,-0.3487337232,0.08790943027
2.38480401,0.01274872664,-0.0006090675015
72.63735199,0.5474133492,0.6152154803
53.68723297,-0.8443225026,-0.03111575544
101.1446381,-0.07945234329,0.3068966269
79.6526413,0.7043637037,0.6938540936
40.73310852,-0.6405220032,-0.02462316677
4.838425636,-0.1349885762,0.001234446652
12.13144398,0.0006559495814,-0.361168921
7.110438347,-0.0005515543744,-0.142755717
47.74493408,0.3563543856,0.06242600828
28.75988197,-0.7474737763,0.003460782347
10.82814312,-0.0004955626209,-0.2966470718
4.581947803,0.004743643571,-0.01496774238
59.11188507,-0.1151979417,-0.2131949365
82.74534607,-0.3081784844,-0.3723221421
23.72955513,-0.5660692453,-0.001357548637
10.65493679,-0.0003097972076,-0.3064562976
50.96595001,-1.021784306,-0.009481866844
2.803245068,-8.910283213e-05,-0.05774536729
34.05837631,-0.4100794196,0.1430485845
20.80666733,0.05361554027,-0.3357560635
1.551801562,-0.04949220642,1.840484742e-06
0.5348441005,-0.01310127042,-4.223039014e-06
76.02112579,0.4835495949,0.5746261477
43.02786636,-0.3470252752,0.2124106735
56.52035522,0.3416999578,-0.04270096868
87.17131042,-0.08672577143,-0.5095553994
15.03703308,0.01486480609,-0.35513255
4.184139252,-0.1061417088,-0.0001063387899
84.98403931,0.3286419809,0.1794927269
52.85966873,0.1388958693,-0.6000940204
62.41448975,0.2581993341,0.4676778018
44.68139267,-0.9184460044,0.02602372319
25.63004684,0.04041010886,-0.5442545414
2.853441715,-4.77371068e-05,-0.07605551928
64.8899765,0.2097663432,-0.3402025402
0.08708016574,2.752405521e-07,-4.330392187e-07
3.778409958,-0.1187506765,0.0002171657252
15.31539249,-0.001011620159,-0.3970450759
77.64821625,-0.2437981665,-0.4814763963
23.5272274,-0.3741221726,0.06615705788
1.312145352,-0.0002930825867,7.959414506e-05
65.79749298,-0.9795478582,-0.04196324944
26.86382675,0.09739287198,0.0001172904012
81.70797729,0.5976739526,0.63449049
63.47725296,-0.2102981955,-0.150503099
98.41810608,0.5286250114,0.3793221116
44.09186935,-0.8791845441,0.03619453683
48.17901993,0.02562521771,-0.9566377997
56.3371048,-0.8578159809,-0.03816311434
0.2271043509,-1.5984333e-05,0.001511617796
5.243889332,-0.164376691,0.0001059017159
73.56335449,-0.2414221913,-0.3503311276
61.34301376,-0.1320551783,-0.2121607512
2.723554611,-0.08510933816,-8.076402992e-06
36.53931046,-0.004535169341,-0.8850606084
0.3211519122,5.548598438e-06,-5.8564342e-06
49.81149673,-0.3240940869,0.2351786345
2.833112478,-6.829601625e-05,-0.06434953958
85.56563568,0.05628181249,0.2378013432
25.62992287,-0.544254601,0.04040253907
12.1213026,-0.01430933271,-0.01054485701
67.54142761,-0.8474453092,-0.07918352634
0.5157824755,0.0003961711482,-9.47987719e-05
15.65887833,-0.4171283245,0.008701777086
4.519592285,0.01350918878,-0.004613413475
1.462244511,-0.0007533268072,0.001473741257
1.83480835,-0.001285709208,0.003675411688
9.721643448,-0.04608445615,0.01987113617
15.23103046,-0.0008582043811,-0.4071602225
3.094428539,0.001588065759,0.007932788692
24.40948296,-0.6381085515,0.01072438993
7.00461483,-0.0007573530893,-0.1180170551
65.3490448,0.5938313603,0.621635735
55.82685471,0.5004476905,0.5004448295
72.323349,0.05344694853,-0.7073111534
66.5295105,-0.2021054626,0.2593471408
9.083087921,0.01632186398,-0.01933851093
67.74537659,-0.7370787859,0.07038869709
74.98831177,-0.2957850695,-0.1805339307
80.12060547,-0.6010084152,-0.1450774968
83.12773132,-0.4430747926,-0.2294595689
5.181714058,-0.00692126248,0.002834504005
50.5234375,0.3107159436,-0.1074092761
11.83672428,0.01907578111,-0.1993611157
20.35114098,-0.4899652898,0.02032197453
61.9236145,0.02747697569,-0.941909194
58.16436005,0.09378552437,0.3970363736
70.08306122,0.06344161183,-0.7239550948
87.79029083,-0.04033896327,0.09327156097
70.99837494,-0.7103618383,-0.1284739077
56.43424606,-0.9355185032,0.03524181247
34.32523727,-0.8030732274,0.01565209776
92.5451889,-0.1959955841,0.0453417711
56.56827164,-0.0307400059,-0.9364258051
50.73989105,-0.006131692789,-1.037585378
8.683574677,-0.0001443436486,-0.2573961616
3.971566677,0.008416872472,0.002597058192
47.07803345,-1.018889785,-0.0007625289145
6.889008999,-0.001005487167,-0.08061558753
8.772838593,-0.0002206111094,-0.2551582754
4.547187805,0.002006418305,0.01489023399
55.817173,-0.5971203446,0.1365352422
26.99856758,-0.6317611933,-0.001843617298
0.5354584455,-0.0144068487,-3.487375807e-06
3.354388952,0.01570213027,3.898342766e-05
54.04128265,0.02700020559,-0.9669618607
0.2027956992,2.979829515e-05,-8.542572687e-06
0.4597399533,-0.01328683086,2.493145075e-05
13.88491249,-0.4007547796,0.002970224945
50.08734512,-1.041102529,0.001575731556
39.03194427,-0.7264904976,0.06446266174
2.850193739,-5.747798787e-05,-0.06914058328
19.70615005,-0.007101742551,-0.2082659304
37.36231232,-0.6053854823,0.09711176902
4.159199238,-0.001679329434,-0.00301039638
0.1509448588,-1.98197381e-06,3.757575769e-06
59.55012894,-0.3965379298,-0.1025246158
18.62162209,-0.01902726293,0.008823353797
65.89732361,-0.8187348843,0.0521745868
0.1497334242,3.549523342e-07,-7.431599869e-08
9.545689583,-0.001099387999,-0.01341933012
0.5268662572,-0.01563890651,-2.42972078e-06
58.04661179,0.06324469298,-0.8292171955
97.31126404,0.5224565864,0.3355414569
23.68563271,0.0979520008,-0.1193229631
67.73723602,-0.9773133993,-0.03190702945
30.50512123,-0.6688451171,-0.004565268289
61.92384338,-0.9419030547,0.0274839066
59.07075119,-1.034803271,-0.0228152927
0.4685030282,1.80984589e-05,-0.01427204162
0.04926755652,-3.397322814e-07,7.520713439e-07
98.4708252,0.2612915039,-0.206942156
3.335492849,0.0003894531692,0.002351217205
5.347735405,-0.002965701744,-0.004975510761
3.995446682,-0.04086852074,0.003318879288
3.158046484,-0.002301999833,0.0001563019759
83.51173401,0.4993931353,0.4156473577
68.87231445,-0.5465857387,0.1276714355
3.451547623,0.01470275223,-0.002152781934
17.37219238,0.0196389053,-0.4012458324
75.05954742,-0.3950912952,0.1512421072
19.40258789,0.07202022523,-0.1416555047
43.83824539,0.2696444988,-0.1715586036
60.1794548,-0.6031054258,-0.08407740295
6.888916492,-0.08062378317,-0.001005821163
65.53178406,-0.1705376655,-0.2075849921
93.88935089,0.2245646566,0.007253881544
49.26405716,-0.3827540278,-0.05236129463
2.833097458,-0.06435273588,-6.841170398e-05
56.19497681,-0.009688854218,-1.063004971
80.02236176,-0.5334396958,0.01224275958
29.05968857,-0.01541453414,-0.282242924
50.44441223,-1.043693781,-0.002457309049
66.5294342,0.2593448758,-0.2021109015
44.85443497,-0.8883206248,-0.01558921766
62.74189377,0.5643850565,0.5968308449
20.16153526,-0.05055199936,0.04697567597
60.75552368,-0.7574496865,-0.06657873839
15.156003,-0.01332853548,-0.01332930475
1.13338232,-0.0001634016371,4.58604336e-06
55.62488556,0.4625772536,0.2686255574
19.98040009,-0.5500599742,0.0002167040657
16.80721283,-0.1896039993,0.04916640744
58.41134644,-0.7549316883,-0.05703261867
72.75176239,0.6749582887,0.656935513
18.40588951,0.008466005325,-0.4965513945
8.584942818,-4.712923692e-05,-0.2584184706
15.93717575,-0.2632368207,0.03303802758
58.63864899,0.134689942,-0.5904118419
35.05313873,-0.02487330139,0.2303401977
104.9126282,0.1297889501,-0.02329353057
11.41838074,-3.811209899e-05,0.004473990761
60.98010254,-0.009779963642,-1.050143719
12.81507969,-0.2482474893,-0.001751834876
1.431762576,-0.000818363158,0.003067243146
42.93285751,0.1406448483,-0.5633318424
83.84863281,0.6041994691,0.630402267
66.41989136,-0.8783402443,0.03197219968
94.98858643,0.6293694377,0.6293903589
4.150241852,-0.0001430867997,-0.09360556304
86.34741974,-0.1638282239,0.052996777
53.59563065,0.3282405138,-0.07476886362
5.015688896,0.0006205223035,-0.1527934968
5.934276104,-0.00816995278,0.001166394446
4.11281395,-6.727733853e-05,-0.120025374
0.4391742051,4.115089905e-05,-0.0106774848
72.75693512,-0.7717112899,0.02364278212
61.39743423,-0.04194473848,-0.9468722343
56.59095764,-1.029594898,-0.01991834678
0.335588932,-5.043770216e-05,0.0003968022065
50.44759369,-0.721088469,-0.03178731725
68.76289368,-0.8646678925,0.02342982776
41.13746643,0.296037972,0.2341681272
0.7536590099,-0.0001939169742,0.0005672798725
59.72455978,0.2248932719,0.4534542561
65.79742432,-0.04197081178,-0.9795454741
18.70028877,-0.5166150928,0.005828721914
7.237812519,-0.0002878553933,-0.1887805313
61.34300232,0.1333367825,-0.5813647509
1.31214416,7.940785144e-05,-0.0002930547635
30.40324783,0.1679231226,-0.1511368752
0.05191064626,-8.246510141e-09,1.575321988e-07
40.24632263,-0.595842123,0.1170974672
36.15244293,-0.002263973467,-0.8795458674
84.40725708,-0.3272445798,-0.3253789842
31.36885643,-0.7787179947,0.009112626314
3.719488144,-0.1145455912,0.0003449077194
17.75486183,-0.0009601364145,-0.4678140879
0.3794717193,-1.393096954e-05,1.586142207e-05
44.46810913,-0.9724414945,-0.00974913314
17.1283474,0.05728178099,-0.1155004129
101.424942,-0.2395969033,0.1969570518
14.26008797,0.02194676735,-0.2749445438
22.87771225,-0.1468234211,0.09613914788
2.339914799,-0.05614504591,0.0005443971604
0.06613131613,8.903724847e-06,-1.680852506e-06
26.90578651,-0.652349174,-0.001358197769
40.71829224,0.2885540724,-0.03156529739
75.13693237,-0.008784604259,0.3173689246
88.78279877,0.5238540173,0.5260272622
0.8486582041,-0.0002737661125,0.0009586748783
20.51434326,-0.5318541527,-0.0008630912635
29.93809128,0.1299047619,-0.3403228819
0.3797721863,-0.003789073322,6.877803389e-05
46.98526764,-0.8740518093,0.04755979404
16.1846962,0.004156130832,-0.4576017261
106.0772552,0.04774117842,-0.03340546414
23.61495209,-0.5803604126,0.02014947683
82.22803497,0.2929798365,0.4322684109
106.3951874,0.03001611494,0.03000153042
8.585047722,-0.2584170401,-4.544010881e-05
3.094401121,0.007930992171,0.001586594619
61.38088989,0.04263285175,-0.890727222
0.6496374011,2.008854608e-05,-4.257822366e-05
58.82290268,-0.8658756614,-0.04510768503
72.75676727,0.02363465913,-0.771721065
29.52971458,-0.4190596938,-0.0118107684
0.6661307812,0.0003194987366,-0.0001308761857
77.35800934,0.005346330814,0.3124239147
5.016055107,0.006395377219,-0.006801039912
43.85639191,-0.005210824776,-0.9851744771
0.3393725157,6.056095663e-05,-0.0007001809427
63.94406509,0.1321400404,-0.5708385706
58.68779373,-0.2629474998,0.25142923
80.48976135,0.5775929093,0.5073111653
46.23554993,0.006709396373,-0.9982391
0.05736037344,3.259960067e-06,-8.408667895e-07
96.65013885,0.4699594975,0.580252707
12.92772961,-0.0006761755212,-0.3500879109
95.47239685,-0.1217531189,0.225774616
68.54333496,-0.1437155753,-0.5802264214
1.431758165,0.003066916717,-0.0008186267805
20.62295532,0.01441244874,-0.007684736047
45.41387939,0.1674710512,-0.5066275597
88.23187256,0.3611167967,0.3138667941
8.683675766,-0.2573963106,-0.0001421385386
68.91293335,0.5502895713,0.4301171601
2.9355371,-0.002767738886,0.002900726628
19.75305748,-0.5501977801,0.0007268387708
68.16114044,-0.4399523735,0.1664845943
54.93621063,0.1693142653,-0.5046970844
3.790894508,-0.02461106516,0.003256738419
80.10016632,0.2827616632,0.4418579042
43.04362106,0.000642800238,-0.9707241058
59.31983185,-0.01187019609,0.3514409959
9.574082375,0.004358378239,0.01166934613
0.1279700994,4.567182827e-07,-6.018661907e-07
19.50840759,-0.5473757982,0.001420991262
0.4677628577,-0.0001072688465,0.001527233399
9.718398094,0.002286031377,-0.2842017412
8.252609253,0.01459227595,-0.03570478782
15.33221436,-0.2125958651,0.0364943333
3.719485044,0.0003452754754,-0.1145484224
35.2892952,0.09370806068,0.223290056
46.24713898,-0.3733023703,-0.04591298103
14.65515327,-0.1626463383,0.03833014145
39.20612335,-0.5277630091,0.1356165856
2.758246422,-0.002629005583,0.004534109961
56.43403625,0.03523506224,-0.9355195761
8.953175545,0.007204403635,-0.2032086551
0.02255913615,7.579069461e-08,-1.231638151e-07
97.3113327,0.3355267048,0.5224722028
58.90921402,-0.0166353602,-1.054775596
37.19142914,-0.008102433756,-0.8799545765
65.25920105,-0.006408531219,-0.9989014864
23.70407295,-0.002213698812,-0.5125419497
32.60137558,-7.426890807e-05,-0.819698751
0.1225034744,-1.432055433e-05,0.0002149518841
54.34491348,0.4933851957,0.4481411874
22.67492676,-0.4968702495,0.03269571811
1.567516565,0.005258156918,0.0004223789729
93.95549774,-0.4757355452,0.02730238438
6.478023052,0.01883486286,-0.002280911198
73.70796204,0.4683954418,0.5686942339
50.92345428,0.2029493153,-0.4191920757
5.292352676,-0.006308150012,-0.0003341502743
22.59695435,-0.008780691773,-0.2329009324
55.78094101,0.5098211169,0.4208596349
1.939566851,0.01080661546,-2.968455919e-05
71.31215668,-0.01070503239,-0.8814441562
17.78871727,-0.3708538115,-0.00225846027
62.40597534,-0.09711505473,-0.6015939116
98.22392273,0.3581596911,-0.01653610356
0.06613138318,-1.695831656e-06,8.933821846e-06
5.095202446,-0.1584501863,0.0003923117765
18.88776398,-0.3519469798,0.03700779006
92.33951569,-0.0220995415,-0.4836298823
17.74994278,-0.4386870861,0.01545721665
10.88221073,0.02219264954,-0.1173034683
0.04179453105,-6.412619058e-08,-1.595481791e-07
6.73248148,-0.2087626159,0.0001792462717
1.717187881,0.0005117023829,-0.0007503458182
43.83814621,-0.1715653539,0.2696328759
3.569490194,-0.01059213746,0.002930660499
41.55301666,-0.9031293392,0.01651628315
1.349943519,-0.032646887,0.000200650451
33.53237152,-0.01387087349,-0.5601500869
48.11225128,-0.0141706178,-0.9260104299
40.76224136,-0.009632682428,-0.9359694719
36.54354477,-0.760714829,0.03962802887
39.00360107,0.2808316946,0.02280800976
80.10006714,0.4418514967,0.2827512026
37.19167328,-0.8799548149,-0.008096629754
9.666649818,0.01557878871,-0.1342805773
69.67011261,-0.9426006079,-0.03251859173
87.68527222,-0.3558001816,-0.2136686891
52.46613693,-1.037116289,0.007249489892
85.56869507,0.483632803,0.4218301773
36.88794708,-0.006433865055,-0.8853122592
74.40200806,0.203342244,-0.2781355381
10.93680668,-0.2680640519,-0.000698638265
37.15826797,-0.01986161806,-0.6025728583
89.95102692,0.6043012738,0.5809329152
42.77154922,0.06359520555,-0.7823012471
30.44361496,-0.6312102675,-0.005403226707
10.27714825,-0.06576987356,-0.002645988017
49.8832016,-0.04151018709,-0.5776304007
0.5854862332,-8.37796324e-05,0.0001703072048
14.22908306,-0.01343236957,0.01618065871
8.41861248,-0.1442234963,0.01006197184
79.36820221,-0.4499951303,-0.2657187879
92.54497528,0.04533096403,-0.1959891617
54.01812363,0.1492255479,0.4124664366
27.15135193,-0.6693480015,0.01834498905
47.81022644,-0.7995603681,-0.0214645341
93.59914398,0.1678348035,0.3217662275
19.98019409,0.0002118495177,-0.550060153
70.08325958,-0.7239441872,0.0634483248
92.57590485,0.4400307834,0.5157245398
77.71417999,-0.4796788096,0.08745357394
87.68495941,-0.2136782408,-0.3558038771
0.3797756732,6.879038847e-05,-0.003788849572
46.4414444,0.1433715671,-0.5857440233
1.807746172,0.0007966815028,-0.004410734866
71.63385773,-0.8955128193,-0.05255622789
18.41210747,-0.03085672669,0.0221466925
69.08206177,0.6326836944,0.5848072171
56.87302017,-0.3912238181,0.2066796273
26.06987953,0.001213898417,-0.6872494817
72.30963898,-0.5512301326,-0.1808665395
20.16159248,0.04698202759,-0.05055049434
50.96575546,-0.009487356991,-1.021786451
60.98033142,-1.05013752,-0.009773278609
67.81840515,-0.04606014118,-0.9589855671
57.83537292,-0.6016740799,-0.07228860259
10.29764462,0.0001480230421,-0.3095016181
5.318576336,-0.005881797057,0.0136144124
53.99372482,-0.9775426984,-0.02036089264
2.690001011,-0.08517923206,5.813628832e-06
0.1279700994,-5.934733736e-07,4.774111062e-07
29.9379158,-0.340328753,0.1298923194
0.8992024064,0.003629114944,-0.0003195244062
78.54947662,0.7065572739,0.7065526247
2.200496435,-0.03894833103,0.0007702161092
67.51756287,-0.2040641308,-0.192251265
74.98235321,0.6242001653,0.5635196567
16.06887436,0.02385419607,-0.02644929849
89.95101166,0.5809136629,0.6043128371
10.60854435,-0.01190442033,0.0003185908427
49.519207,0.4001583755,0.1788396686
26.90564346,-0.001362066716,-0.652341187
8.765097618,0.01609356143,-0.06484091282
64.65841675,-0.6643224359,0.1015036181
4.621573925,0.002016018145,-0.1088142321
60.75571442,-0.06658008695,-0.7574236393
1.506296635,-0.0004839596513,0.0002325735113
0.4558511078,-6.64367235e-06,-2.587854055e-07
47.74487686,0.06242000684,0.3563444614
41.23036575,-0.9063106775,-0.01305090357
53.27988052,-0.03961990029,-0.7370477915
2.779781342,-0.0014997666,0.01295446698
35.28855515,-0.8527496457,0.004330436233
76.55203247,0.3803073466,0.1340456605
35.87834549,0.05259270966,-0.7105203271
107.0963135,0.005972025916,0.005962876603
5.170957088,0.0002227045188,-0.1621983945
7.760424137,0.006403573323,0.01211997028
67.54167175,-0.01768885925,-0.9762579203
97.09528351,-0.420335561,0.1217330545
23.75341606,-0.5424458385,-0.001721999375
97.10250092,-0.5175557137,0.05923320353
1.646031737,-1.748570685e-05,-0.04411980882
95.50891876,-0.5471416116,0.03399154544
8.417831421,0.002957691904,-0.01217627525
70.45232391,-0.1617116332,-0.5672929883
102.0684967,0.3125104308,0.3125075996
8.478987694,-0.2581349611,8.930994227e-05
14.86024761,-0.04060908034,0.03706482425
62.08843994,0.1036993116,-0.6727416515
65.2469101,0.4798929095,0.5749779344
20.33764839,-0.003667291487,-0.3746548891
43.45879364,-0.8337925673,0.04873573035
46.31940842,0.0622498095,-0.8233106136
63.1645546,-0.4677860737,0.1677409559
76.77462769,-0.171870172,-0.3255420625
32.78908539,-0.101084359,0.1984596997
20.62771225,-0.001149019576,-0.5190497637
15.02659702,0.04488611966,-0.0930512622
11.78618145,-0.3465016782,0.002111050533
17.8958683,-0.4003914893,-0.001811555354
46.67957306,-1.011952758,0.002678126562
54.34491348,0.4481417835,0.493380934
44.71970367,0.3521334827,0.2940060198
18.17739868,-0.1648801118,0.06172172725
33.82816696,0.1841889918,-0.2633796334
71.7310791,-0.3624750972,-0.2171128541
46.52293396,0.2248143107,-0.3383128047
19.67490768,0.05699010566,-0.06623271853
82.21682739,0.2120390683,-0.093812868
25.12466431,0.005078743212,-0.6715036035
82.88102722,0.6798269153,0.6644514203
74.64095306,-0.1585301906,-0.6617090702
18.62166405,0.008826683275,-0.01902751997
39.00355911,0.02280637994,0.2808221877
62.77216339,-0.7544842958,0.07841835916
29.07610703,0.05458512157,0.1112365723
10.74971104,-0.3023921251,-0.0004048920237
23.14242363,0.0002761882206,-0.6150619388
95.2571106,0.3174054325,0.05823050439
38.04984665,0.1532679647,-0.4594738781
9.17555809,0.005779446568,-0.2287861109
0.04926748946,7.379216527e-07,-3.34301177e-07
69.79368591,-0.3084589541,0.2102175951
4.701897144,-0.004533715546,-0.001237761462
34.31810379,-0.5949840546,0.08108707517
1.566842556,-6.039813525e-05,-0.0190431606
78.72055054,-0.2465390861,0.181963861
46.31941223,-0.8233145475,0.06225108728
54.28594589,-0.08574072272,-0.2125058025
20.74345207,-0.5253217816,0.01556629874
30.37157631,-0.7206362486,-0.003208956914
48.71773148,-0.9881006479,0.01772223227
4.345929623,-0.07604523748,0.0028373315
73.66532898,-0.1528116316,0.2595975399
6.932765961,-0.1196760163,0.006955840159
33.56718826,-0.004645246547,-0.8165409565
12.23565102,0.01649138331,-0.2394392341
15.3689003,-0.3841743469,-0.001142576919
86.02533722,0.1458166093,-0.0607384257
65.72396851,-0.03035506979,-1.003631711
1.043060303,-0.002312051831,0.0002943027357
20.72054291,-0.4815029502,-0.001665462973
72.38656616,0.5062947869,0.3540800214
8.561439514,-0.002802034374,-0.01251095627
74.72118378,0.5115146637,0.3704504967
14.66537857,2.97222432e-05,-0.4236168265
66.58596039,0.6157818437,0.5610923171
20.69972992,-0.5024247169,-0.001399071072
62.31592941,-0.3570168912,0.2086357176
0.7589450479,5.517345926e-05,-8.224938938e-05
24.25810051,-0.08276093751,0.09338666499
40.73330307,-0.02462202311,-0.6404919624
76.59844971,0.1949373335,-0.2626695037
0.1758271605,1.199403869e-05,-4.474281923e-06
3.799820185,-0.001258566277,0.0169685185
5.991306305,0.005874034949,0.006791314576
87.56438446,0.4600452185,0.4257108867
13.18160439,-0.3405742049,0.008618964814
95.47222137,0.2257646471,-0.1217493564
30.40314102,-0.1511386782,0.1679122448
23.13778687,0.09383165091,-0.22612454
4.159201145,-0.003010615008,-0.001678938745
55.92707825,-0.0482955426,-0.7482061982
4.310547352,0.006967304274,-0.005430321209
2.754726887,-1.838602475e-05,-0.08462516963
6.37339735,-0.06637518853,0.008117190562
0.4981775284,1.832410703e-06,-0.01610757597
0.152296409,0.000508768775,-2.259545909e-05
36.88822937,-0.8853110671,-0.006427262444
3.075921059,0.006768007763,-0.003149120836
1.607720971,0.0009667543345,-0.0007913607988
65.51018524,-0.8595517278,-0.06974860281
20.35123444,0.0203268677,-0.4899685979
37.85669327,0.2103857696,-0.2767654359
0.2174737751,5.355134931e-07,4.871549564e-08
7.229635715,-0.1714957654,-0.0003522285842
86.79469299,0.525604248,0.5478944778
48.20812988,0.09589985013,-0.7311252952
19.91763306,0.02560309879,-0.448754549
4.142765045,-7.971051673e-05,-0.1176013649
59.31985092,0.3514458537,-0.01186583936
15.12041759,-0.0006822099676,-0.414683491
15.3323822,0.03650124744,-0.2125908583
0.9382954836,4.355132478e-05,-0.0001209506809
75.90167236,-0.2221262455,-0.5086082816
91.35964966,0.426073581,0.3787285388
1.790403724,0.0001239784615,-0.0006338847452
60.53137207,0.1679167449,-0.4812996984
39.63100052,-0.0370015204,-0.3453778923
3.223046303,-0.05673587695,0.001594823902
67.77531433,0.5062175393,0.5906460881
67.8808136,0.6425061226,0.6185786724
71.3398056,0.5604820251,0.4507330358
6.808340073,-0.04480688274,-0.001186670735
59.72457123,0.4534606934,0.2248959541
0.6343810558,0.003782626241,-0.0001108277356
0.08888478577,3.277532983e-07,1.033405823e-07
4.180017948,-9.925654012e-05,-0.1107005775
0.2320435792,-1.47398714e-05,6.433697854e-05
15.95272923,-0.1385806054,0.04869437963
48.06909561,-0.965197742,-0.01163940318
6.822319031,5.067577149e-05,-0.2101110369
1.445058584,0.00734884385,0.0001901228243
61.21372223,0.344930917,0.5078654289
15.25978661,-0.3230386376,-0.001796316705
27.120224,-0.3176647723,0.1105295867
0.2287417054,4.713048725e-07,4.203047865e-07
23.51755333,-0.0006304834387,-0.5987992287
25.12485313,-0.6714966297,0.00508177327
4.175271034,-0.0001201517807,-0.1006137505
59.12707138,-0.9992474318,-0.02908132784
1.456867218,0.006812764797,-0.0006549693644
3.888561487,5.686968143e-05,-0.1230842546
36.10784912,-0.3268386424,-0.02971450984
1.807727456,-0.004411814269,0.0007960115909
13.58055687,-0.01383209135,-0.01378522161
61.23814774,-0.0178990718,-1.048322439
36.76990509,-0.3919970691,0.1685868055
11.78617382,0.002111163223,-0.34650895
36.86728287,-0.07337239385,0.2467976958
76.39890289,-0.6299551129,-0.1740238816
2.7582376,0.004533480853,-0.002629404189
7.107685566,0.001550258254,0.01784818806
43.02796936,0.2124236077,-0.3470172882
2.339936733,0.0005449983873,-0.05614542216
12.53711987,-0.002593798563,0.01069339924
2.023184061,-0.02039313503,0.0009032843518
79.65267944,0.693859458,0.704361856
39.20627975,0.1356293112,-0.5277557969
72.30995941,-0.18086496,-0.5512093306
4.736166,0.001609163359,-0.1228762865
28.38535118,0.005718308035,-0.7362170815
78.48509216,0.6480371952,0.6753918529
34.09263992,-0.007770552766,-0.7630752325
18.05220222,0.03405388445,-0.04007217661
75.67120361,0.4475794137,0.2574522197
9.045998573,0.008291847073,0.009019470774
20.55370522,-0.421220094,-0.002635596553
6.035277367,0.0008452571346,0.01873514056
8.09836483,0.01116953604,-0.1126131266
29.95985794,-0.5146718025,-0.008736800402
0.4912673831,4.171672117e-06,-0.01591783762
51.15611267,-0.01583145,-0.9556658268
32.60162735,-0.8196957707,-6.765157013e-05
76.21326447,0.6361172795,0.6684396863
8.772930145,-0.2551599145,-0.0002180975571
79.51651001,0.6343406439,0.5885931849
47.42398834,-0.003836921649,-1.018511176
100.1437912,-0.4114848971,0.09592071921
58.82294464,-0.04511049017,-0.8658564091
33.29879379,0.1109527722,0.1750649214
22.68795204,0.01700505614,0.01700199209
22.647686,-0.6173799038,0.001506411936
5.766945839,0.0039466382,-0.1183575168
91.87285614,0.5454399586,0.5957331061
31.23067856,-0.2838123143,0.156450361
10.04888439,-0.1707480848,0.01404688135
16.42710304,0.00261316495,-0.4701609612
65.24689484,0.5749831796,0.4798897803
17.09552956,-0.4854137897,0.0002427198924
95.54857635,0.5577546358,0.4262925684
14.66552258,-0.4236146212,3.269896843e-05
26.53403091,-0.4676938951,-0.005695570726
71.35559845,0.261402458,-0.1682478637
105.7665024,0.07960601151,0.01832776703
6.631288052,-0.00979646761,0.003335533896
32.96065903,-0.001853855792,-0.8234919906
2.617769718,-0.08370359242,5.773192242e-05
68.87214661,0.1276655793,-0.5465960503
4.58190155,-0.01497019455,0.004741359502
0.1286058277,3.980377983e-07,3.486092055e-07
87.97201538,0.6052290797,0.6080578566
31.94384003,0.05627205223,-0.6269772053
2.80322504,-0.05774898827,-8.966178575e-05
72.38661194,0.3540895283,0.506293714
0.1690481156,0.0007292708033,-2.567405681e-05
97.67518616,0.5649595261,0.4987348616
1.098858953,0.006245845929,-0.0002882155532
88.00299835,-0.1324473172,-0.01394332387
45.23394394,0.01797936112,-0.9514440298
42.33126068,-0.0970659554,0.2838781774
7.739415646,0.01173308212,-0.08143959194
2.397894144,0.0004338950093,-0.06348618865
3.978692293,-0.04756216705,-0.0003438510466
71.51508331,0.646989584,0.6048218012
46.39469147,0.3854056895,0.2721703351
3.978745699,-0.0003436135303,-0.04755724221
98.6011734,0.1592163146,-0.37217471
86.11302185,0.7058534026,0.7055935264
17.2924366,-0.4848440289,-0.0001433682482
1.462242603,0.001473468845,-0.0007534027682
0.0118822502,9.846354843e-09,1.949192452e-08
73.56288147,-0.3503471911,-0.2414327562
2.034709215,0.002693698974,-0.001483012456
0.03488654271,-3.314888488e-07,5.572877626e-08
22.33485985,-0.01051443629,-0.1284781843
0.974845171,0.0002344314998,0.001064962824
26.9984684,-0.001846944564,-0.6317504644
9.872878075,-0.2950674295,0.001472931704
25.45967293,-0.6807838082,0.00338778086
57.36455536,0.08365499228,-0.7600171566
14.48377132,0.0004232246138,-0.4222511351
32.55022049,-0.3055644631,-0.02193645947
0.650936842,-0.0001817322773,0.00109862478
90.55470276,-0.5510082841,-0.04326965287
20.57888985,0.07691452652,-0.1944888085
39.74365997,0.04957244918,-0.7798233032
4.93083334,0.0009039609577,-0.1449916959
27.99321938,0.008811851963,-0.719886899
88.16743469,0.7021738291,0.6966029406
15.02646542,-0.09305614978,0.04487870634
0.7646271586,0.004837239161,-1.22639849e-05
50.31637192,0.04317913949,-0.9031407833
12.95194149,-0.001338905189,-0.2779471576
3.100563049,0.0017769892,-0.0433331728
3.512317419,0.0009014084353,-0.09210473299
91.87285614,0.5957176089,0.5454618335
13.79506969,-0.2301716805,0.02532418258
21.83544922,0.08885718137,-0.1704822034
0.2943347394,3.155295417e-05,0.001156774117
56.76641083,-0.09987071902,-0.2133378088
0.2982151806,-3.536275835e-05,0.0002301693457
88.16742706,0.6965902448,0.7021833658
8.098276138,-0.1126160994,0.01116596349
18.15248489,0.06221732125,-0.09592356533
37.33190918,0.172129184,0.2365596443
86.51712036,-0.2956679761,-0.1408119798
6.756259918,-0.009344138205,-0.001161705004
67.13822174,-0.7412400246,-0.1010608152
10.35282516,0.006316907704,-0.007380190771
12.59127998,-0.3641124368,-0.0002419498633
69.85871124,-0.3725762665,-0.1942422539
1.827112556,-0.0004476909526,-0.0001949098078
12.9519043,-0.2779599726,-0.001340308809
28.05123329,-0.5329910517,0.05863779038
1.531393409,9.32799594e-06,-0.04926416278
71.51509094,0.604829371,0.6469848752
3.419616222,-0.003496267367,0.00959417969
77.20282745,0.1390374005,-0.3780076206
64.00437164,-0.221048817,0.2569137216
104.913002,-0.02326795459,0.1297812015
0.8339643478,0.004544252995,6.778990064e-05
20.0357132,-0.3072130978,-0.005242687184
80.25040436,-0.611097753,-0.0903903991
1.297593236,-0.0005370092113,0.0008723406354
62.98020554,-0.07712388039,-0.7559431195
78.58462524,-0.04742329195,-0.667517662
14.48388958,-0.4222465456,0.0004252711369
1.312228203,-0.02782176062,0.0002435204515
34.12598801,-0.008672207594,-0.731051445
2.963220119,-0.03007666022,0.001867859159
8.461859703,-0.001813587616,-0.05495132506
12.03516388,-0.09613286704,0.02902278304
52.15913773,0.06999078393,-0.8134070635
58.33612061,-1.055936933,-0.002957642777
1.962595463,0.008628780954,-0.001123872236
58.66052628,-1.061311841,-0.01007628907
5.366775513,-0.07481323928,0.00510066282
78.12260437,-0.5926762223,-0.1893995255
0.5037616491,-1.462048658e-05,-0.003468905808
57.36467361,-0.7600182295,0.08366005868
3.940444231,-0.1237512901,1.379077366e-05
19.14518356,0.06210933998,-0.2196244448
14.22915173,0.01618578285,-0.01342908293
26.60068893,0.1157750562,-0.06551719457
4.109609127,-0.003943589516,3.378089605e-05
37.63456726,-0.8501338959,-0.01091976836
95.54337311,-0.4549865425,0.07642162591
94.89245605,0.225345239,0.4124130309
65.25942993,-0.99889189,-0.006401556078
31.22545052,0.1167927086,0.1167878658
14.0444479,0.03779042885,-0.05506289378
8.002436638,0.001557743177,-0.2375884354
10.02009392,0.0008630858501,-0.3025220037
84.86785889,0.01986231282,-0.2825118005
55.17782974,0.06624161452,-0.8242278099
73.41714478,-0.8313142061,-0.08043575287
31.36870766,0.009109474719,-0.7787240148
12.68375492,0.02943360992,-0.1386368126
81.86471558,-0.08620850742,-0.5339357257
90.0936203,0.3179961741,0.3155472279
80.2903595,-0.3881215453,-0.1503177583
1.043070436,0.0002945043379,-0.002311409451
1.946252704,-0.001103678951,0.00098545535
0.4303252995,-1.149850141e-05,7.31474438e-06
61.4065094,-0.02556683868,-1.032220721
3.778394938,0.0002173044777,-0.1187538505
51.07944489,-0.900623858,-0.01957842894
7.866838932,0.0022529813,-0.2253733724
1.085598588,-0.0002131883666,0.0001211630806
42.61267853,-0.1965107918,-0.04802232236
15.36356544,-0.3887085915,0.01161345188
28.53536415,-0.2785237432,0.1326343119
87.56442261,0.4257065356,0.460062474
12.99936676,-0.3412825465,-0.0007819064194
58.68779755,0.2514314651,-0.2629429102
98.60144806,-0.3721494377,0.1592178345
34.81903076,0.00923828315,-0.830965519
0.007024540566,1.1970684e-08,3.173477925e-09
48.11235809,-0.9260187745,-0.01416686084
45.23414993,-0.9514433146,0.01798591018
42.91311264,0.3354695439,0.2141838968
0.5111042857,-0.01615552418,-7.043419146e-07
0.5169490576,-1.449346541e-06,-0.01605511457
17.33920479,-0.2713878155,-0.004220033064
36.10824203,-0.02971260436,-0.3268112242
42.33134842,0.2838892341,-0.09706074744
2.315662861,0.0008887536242,-0.001469925395
38.74554443,0.005156532861,-0.8983619213
92.4801712,-0.03744991124,0.121534884
0.5621849895,-8.485568287e-06,-8.505232472e-06
26.14643669,-0.3817924261,-0.008229812607
77.20294952,-0.3779948652,0.1390463412
1.419162512,0.0005309197586,-0.000539030123
75.67128754,0.2574645281,0.447581768
20.18585014,-0.000195223678,-0.547067523
39.03205872,0.0644691661,-0.7264860272
73.37169647,0.2422313392,0.4454855025
17.78879356,-0.002257155953,-0.3708375692
81.23316956,0.09755071998,-0.3377069235
25.42734146,-0.1419642866,-0.01336552761
56.98904037,-0.9790024161,0.02351510152
40.63590622,0.1808450967,-0.416900605
97.83885956,0.1701319218,0.4467872977
44.85432053,-0.01559260581,-0.8883107305
42.08108902,0.009753509425,-0.9318135977
40.99217606,-0.8682378531,0.02534132637
2.843605042,-4.35616239e-05,-0.07867453992
49.6759758,0.006087143905,-1.030610681
74.82453918,-0.7452038527,0.006547480356
18.40588379,-0.4965438843,0.008464596234
32.36526489,-0.4684893787,0.1096220315
0.5089188814,2.078590478e-05,-2.610851152e-05
42.96895599,0.3012291193,0.3012258708
67.77529907,0.5906509161,0.5062124729
47.81029129,-0.02146520838,-0.7995378971
0.4010262191,0.000115510149,-4.030074342e-05
14.67151356,-0.3169486225,0.01835559681
96.57652283,0.1135170013,0.3937436938
78.41871643,-0.6278173923,-0.004448832944
29.63019562,0.1526732743,-0.2251472473
8.705748558,-0.1449955404,-0.001162543776
67.13168335,0.09840074927,-0.6540125012
3.124530077,0.01172657963,-0.002534432802
5.016065598,-0.006800285075,0.006396556273
0.3700119257,-1.070645112e-06,-1.111903998e-06
60.04845047,0.5298312306,0.5671369433
77.4023056,0.6840342283,0.6971436739
72.83695984,0.1592415273,-0.4108681381
6.022365093,-0.007114146836,-0.00235018041
8.91539669,-0.2467972189,-0.000342120562
71.53264618,-0.899097681,-0.03180043399
6.439276695,0.001014801906,-0.193789348
9.004663467,-0.0004811657127,-0.2229275852
2.614145517,0.01344236359,-1.596609036e-05
0.02849133871,8.869451307e-08,-2.483442927e-07
56.33716583,-0.03816533461,-0.8577957749
0.9517461061,0.001549618552,-0.00036872286
27.01413155,-0.2200845629,0.1284461468
6.907580376,-3.696009662e-05,-0.2102207243
9.553554535,0.003291756148,-0.2695380449
42.72156525,0.3249420822,0.07563195378
39.27877045,0.2408027947,0.2407986075
24.6134758,-0.03615763038,0.08006195724
8.561454773,-0.01251032017,-0.00280097127
29.11306381,0.001765688998,-0.7541672587
1.640361667,-1.599400821e-05,-0.04564265162
11.83659935,-0.1993639916,0.01907081157
3.068891048,0.001423792564,-0.002658251906
56.76582718,-0.2133534402,-0.09987894446
87.07791138,0.666872859,0.6687986851
0.8486571312,0.0009585064254,-0.000273808284
23.70401764,-0.5125582218,-0.002213483909
47.41288757,-0.6998567581,-0.0276908502
62.40726852,-0.9826153517,0.01416921522
0.4685021639,-0.01427171659,1.809576861e-05
0.06885460764,-1.817910942e-07,2.454317212e-07
14.62809658,-0.004296562169,-0.161243096
13.02795506,0.0281509608,-0.02590194158
11.38651562,0.02112945355,-0.1580355614
13.0278616,-0.02590622939,0.02814493701
66.45166016,0.1304941028,-0.5592338443
4.728090286,-0.003138847649,-0.003138524946
0.6774927378,-2.706026135e-05,-5.937410606e-06
44.68121719,0.02601815388,-0.9184456468
54.24810791,0.3315501809,0.4755437076
72.32352448,-0.7073000669,0.05345434323
61.77897644,-0.3951301873,-0.1178955734
14.92913818,-0.01467318181,-0.001841949765
11.33252048,-0.05879323557,0.02649235353
44.16924667,-0.02670188993,-0.6730105877
